Product / Vertical;Country;Vendor;Domain;Source type;CATEGORY;entity;Term Alias;Term code;Term name;Term description;Json/XML Tag(if different);Default representation;Color scale;Data type;Length;Decimal;Units (Symbols);Accuracy;Range;Data_visibility;Data_source;Granularity;time zone;KPIs of KPIs;KPI formula;Example;IP source;schema_db;db_table_source;hierarchy;first_collection;last_collection
WORLD;ES;WDNA;;NP;;DVC;;altittude;Altitude from to sea level ;Altitud respecto al nivel del mar;;numerical;no;integer;5;;m;;;;;;;;;1400m;;;;;;
WORLD;ES;WDNA;;PM;;DVC;;battery_level;Battery charge level;Nivel de carga de bateria;;graphic;no;float;4;2;%;;;;;;;;;23.33%;;;;;;
WORLD;ES;WDNA;;PM;;DVC;;battery_voltage;Battery voltage;Voltaje de la batería;;numerical;no;float;4;2;V;;;;;;;;;4.25V;;;;;;
WORLD;ES;WDNA;;NP;;DVC;;latitude;Geographics latitude;Latitud geográfica;;numerical;no;float;2;5;;;;;;;;;;435.664;;;;;;
WORLD;ES;WDNA;;NP;;DVC;;longitude;Geographics longitude;Longitudgeográfica;;numerical;no;float;3;5;;;-180 to 180;;;;;;;209.874;;;;;;
WASTE;ES;WDNA;;PM;;DVC;;volume;Device Volume;Volumen del contenedor;;numerical;no;float;7;2;Lt m3;;;;;;;;;23.43 m3;;;;;;
WASTE;ES;WDNA;;PM;;DVC;;weight;Device Weight;Peso del contenedor;;numerical;no;integer;7;;Kg;;;;;;;;;1.200Kg;;;;;;
WEATHER;ES;DAVIS;;PM;;WS;;humidity;Relative humidity;Humedad relativa;;numerical;no;float;4;2;%;;;;;;;;;0.22%;;;;;;
WEATHER;ES;DAVIS;;PM;;WS;;precipitation;Precipitation;Precipitación;;numerical;no;float;3;1;mm;;;;;;;;SUM(rain_accumulate);25mm;;;;;;
WEATHER;ES;DAVIS;;PM;;WS;;min_precipitation;Minimum rain precipitation;Valor mínimo de rain_accumulate registrado ese día para el enlace.;;numerical;no;float;3;1;mm;;;;;;;;MIN(rain_accumulate);25mm;;;;;;
WEATHER;ES;DAVIS;;PM;;WS;;max_precipitation;Maximum rain precipitation;Valor máximo de precipitación del día.;;numerical;no;float;3;1;mm;;;;;;;;MAX(rain_accumulate);25mm;;;;;;
WEATHER;ES;DAVIS;;PM;;WS;;precipitation_intensity;Precipitation Intensity;Intensidad de Precipitación;;numerical;no;float;4;2;mm/h;;;;;;;;;2.35mm/h;;;;;;
WEATHER;ES;DAVIS;;PM;;WS;;pressure;Pressure;Presión;;numerical;no;integer;4;;hpa;;;;;;;;;1024 hpa;;;;;;
WEATHER;ES;DAVIS;;PM;;WS;;rain;Rain;Lluvia;;numerical;no;float;3;1;mm;;;;;;;;;100mm;;;;;;
WEATHER;ES;DAVIS;;PM;;WS;;rain_rate;Rain intensity;Intensidad de lluvia;;numerical;no;float;4;2;mm/h;;;;;;;;;3.10mm/h;;;;;;
WEATHER;ES;DAVIS;;PM;;WS;;solar_rad;Solar radiation;Radiación solar;;numerical;no;float;4;1;W/m2;;;;;;;;;1100W/m2;;;;;;
WEATHER;ES;DAVIS;;PM;;WS;;temperature;Temperature;Temperatura;;numerical;yes;float;5;2;ºC ºF K;;;;;;;;;28.4ºC;;;;;;
WEATHER;ES;DAVIS;;PM;;WS;;uv_index;Ultraviolet index;Indice ultravioleta;;numerical;yes;integer;2;;UV;;0 to 13;;;;;;;7;;;;;;
WEATHER;ES;DAVIS;;PM;;WS;;wind_direction;Wind direction;Dirección del viento;;graphic;no;float;3;1;º;;;;;;;;;250º;;;;;;
WEATHER;ES;DAVIS;;PM;;WS;;wind_speed;Wind speed;Velocidad del viento;;numerical;no;float;4;4;kn;;;;;;;;;12.3kn;;;;;;
WEATHER;ES;DAVIS;;PM;;WS;;windgust_direction;Wind gust direction;Dirección de la racha de viento;;graphic;no;integer;3;1;º;;;;;;;;;90º;;;;;;
WEATHER;ES;DAVIS;;PM;;WS;;windgust_speed;Wind gust speed;Velocidad de la racha de viento;;numerical;no;float;4;4;kn;;;;;;;;;27kn;;;;;;
WIRELESS;MEX;HUAWEI;TX;CM;ID;MW;ID;;;;;;;;;;;;;;;;;;;;;;;;;
WIRELESS;MEX;NEC;TX;CM;ID;MW;ID;;;;;;;;;;;;;;;;;;;;;;;;;
WIRELESS;MEX;HUAWEI;TX;CM;LOCATION;MW;SITE;;;;;;;;;;;;;;;;;;;;;;;;;
WIRELESS;MEX;NEC;TX;CM;LOCATION;MW;SITE;;;;;;;;;;;;;;;;;;;;;;;;;
WIRELESS;MEX;HUAWEI;TX;PM;QoS;MW;a;AMDOWNCNT;Count of the downshift of the AM  (adaptative modulation )scheme;Count of the downshift of the AM  (adaptative modulation )scheme;;numerical;no;integer;;0;Second;;;;;15;;;;;xxx.xxx.xxx.xxx;;PM_IG30029;resourcename,deviceid,devicename;;
WIRELESS;MEX;HUAWEI;TX;PM;QoS;MW;;AMUPCNT;Count of the upshift of the AM scheme;Count of the upshift of the AM scheme;;numerical;no;integer;;0;Second;;;;;15;;;;;xxx.xxx.xxx.xxx;;PM_IG30029;resourcename,deviceid,devicename;;
WIRELESS;MEX;HUAWEI;TX;PM;QoS;MW;;ATPC_N_ADJUST;ATPC Negative ADJUST;Ajuste negativo de ATPC (automatic transmit power control). This performance event indicates that the quality of a communication link becomes well or the transmit power of the ODU is very large. Therefore. you can decrease the transmit power of the ODU;;numerical;no;integer;;;times;;;;;15;;;;25 times;xxx.xxx.xxx.xxx;;PM_IG30028;resourcename,deviceid,devicename;;
WIRELESS;MEX;HUAWEI;TX;PM;QoS;MW;;ATPC_P_ADJUST;ATPC Positive ADJUST;Ajuste positivo de ATPC (automatic transmit power control). This performance event indicates that the quality of a communication link declines. Therefore. you must increase the transmit power of the ODU to maintain the communication quality.;;numerical;no;integer;;0;times;;;;;15;;;;200 times;xxx.xxx.xxx.xxx;;PM_IG30028;resourcename,deviceid,devicename;;
WIRELESS;MEX;HUAWEI;TX;NP;CONFIGURATION;MW;;Azimuth;Ángulo medido en sentido de rotación de las agujas de un reloj alrededor del horizonte del observador desde el Norte geográfico. Se emplea para indicar la orientación de un elemento radio en telecomunicaciones.;Ángulo medido en sentido de rotación de las agujas de un reloj alrededor del horizonte del observador desde el Norte geográfico. Se emplea para indicar la orientación de un elemento radio en telecomunicaciones.;;numerical;no;integer;2;0;º;;;;;;;;;120º;;;;;;
WIRELESS;MEX;HUAWEI;TX;PM;QoS;MW;;FEC_BEF_COR_ER;FEC bit error rate before correction;FEC bit error rate before correction;;numerical;no;integer;;0;none;;;;;15;;;;;xxx.xxx.xxx.xxx;;PM_IG30029;resourcename,deviceid,devicename;;
WIRELESS;MEX;HUAWEI;TX;PM;QoS;MW;;FEC_COR_BYTE_CNT;Byte count corrected by FEC;Byte count corrected by FEC;;numerical;no;integer;;0;none;;;;;15;;;;;xxx.xxx.xxx.xxx;;PM_IG30029;resourcename,deviceid,devicename;;
WIRELESS;MEX;HUAWEI;TX;PM;QoS;MW;;FEC_UNCOR_BLOCK_CNT;Frame count uncorrect by FEC;Frame count uncorrect by FEC;;numerical;no;integer;;0;Block;;;;;15;;;;;xxx.xxx.xxx.xxx;;PM_IG30029;resourcename,deviceid,devicename;;
WIRELESS;MEX;HUAWEI;TX;PM;QoS;MW;;IF_BBE;Intermediate Frequency Background Block Error. IF_BBE indicates the radio link background block error. BBE refers to the errored blocks excluding the errored blocks in the unavailable and severely errored seconds.;Intermediate Frequency Background Block Error. IF_BBE indicates the radio link background block error. BBE refers to the errored blocks excluding the errored blocks in the unavailable and severely errored seconds.;;numerical;no;integer;;0;Block;;;;;15;;;;;xxx.xxx.xxx.xxx;;PM_IG30029;resourcename,deviceid,devicename;;
WIRELESS;MEX;HUAWEI;TX;PM;QoS;MW;;IF_BER;Radio link bit error ratio;Radio link bit error ratio;;numerical;no;float;;;none;;;;;15;;;;;;;TBD;;;
WIRELESS;MEX;HUAWEI;TX;PM;AVAILABILITY;MW;;IF_CABLE_OPEN;The IF_CABLE_OPEN alarm indicates that the IF cable is disconnected.;The IF_CABLE_OPEN alarm indicates that the IF cable is disconnected.;;numerical;yes;boolean;1;0;;;;;;15;;;;;;;TBD;;;
WIRELESS;MEX;HUAWEI;TX;PM;QoS;MW;;IF_CSES;Intermediate Frequency Consecutive Severely Errored Second;Intermediate Frequency Consecutive Severely Errored Second;;numerical;no;integer;;0;Second;;;;;15;;;;;xxx.xxx.xxx.xxx;;PM_IG30029;resourcename,deviceid,devicename;;
WIRELESS;MEX;HUAWEI;TX;PM;QoS;MW;b;IF_ES;Intermediate Frequency Errored Second. IF_ES indicates the radio link errored second.ES refers to a second in which one or more errored blocks are detected.;Intermediate Frequency Errored Second. IF_ES indicates the radio link errored second.ES refers to a second in which one or more errored blocks are detected.;;numerical;no;integer;;0;Second;;;;;15;;;;;xxx.xxx.xxx.xxx;;PM_IG30029;resourcename,deviceid,devicename;;
WIRELESS;MEX;HUAWEI;TX;PM;QoS;MW;;IF_MSE_AVG;Radio Link Mean Square Error - Average;Radio Link Mean Square Error - Average;;numerical;no;float;;;dB;;;;;15;;;;;;;TBD;;;
WIRELESS;MEX;HUAWEI;TX;PM;QoS;MW;;IF_MSE_CUR;Radio Link Mean Square Error - Current;Radio Link Mean Square Error - Current;;numerical;no;float;;;dB;;;;;15;;;;;;;TBD;;;
WIRELESS;MEX;HUAWEI;TX;PM;QoS;MW;;IF_MSE_MAX;Radio Link Mean Square Error - Max;Radio Link Mean Square Error - Max;;numerical;no;float;;;dB;;;;;15;;;;;;;TBD;;;
WIRELESS;MEX;HUAWEI;TX;PM;QoS;MW;;IF_MSE_MIN;Radio Link Mean Square Error - Min;Radio Link Mean Square Error - Min;;numerical;no;float;;;dB;;;;;15;;;;;;;TBD;;;
WIRELESS;MEX;HUAWEI;TX;PM;QoS;MW;;IF_SES;Intermediate Frequency Severely Errored Second. IF_SES indicates the radio link severely errored second.SES refers to a second in which 30% or more than 30% errored blocks exist or at least one SDP exists. SDP is the period in which the BER of all the consecutive blocks in a period of less than four consecutive blocks or 1 ms (the longer period is applied) is equal to or higher than 10-2 or the signal is lost.;Intermediate Frequency Severely Errored Second. IF_SES indicates the radio link severely errored second.SES refers to a second in which 30% or more than 30% errored blocks exist or at least one SDP exists. SDP is the period in which the BER of all the consecutive blocks in a period of less than four consecutive blocks or 1 ms (the longer period is applied) is equal to or higher than 10-2 or the signal is lost.;;numerical;no;integer;;0;Second;;;;;15;;;;;xxx.xxx.xxx.xxx;;PM_IG30029;resourcename,deviceid,devicename;;
WIRELESS;MEX;HUAWEI;TX;PM;QoS;MW;;IF_SNR_AVG;Average signal to noise ratio;Average signal to noise ratio;;numerical;no;float;;2;dB;;;;;15;;;;;xxx.xxx.xxx.xxx;;PM_IG30029;resourcename,deviceid,devicename;;
WIRELESS;MEX;HUAWEI;TX;PM;QoS;MW;;IF_SNR_MAX;Maximum signal to noise ratio;Maximum signal to noise ratio;;numerical;no;float;;2;dB;;;;;15;;;;;xxx.xxx.xxx.xxx;;PM_IG30029;resourcename,deviceid,devicename;;
WIRELESS;MEX;HUAWEI;TX;PM;QoS;MW;;IF_SNR_MIN;Minimum signal to noise ratio;Minimum signal to noise ratio;;numerical;no;float;;2;dB;;;;;15;;;;;xxx.xxx.xxx.xxx;;PM_IG30029;resourcename,deviceid,devicename;;
WIRELESS;MEX;HUAWEI;TX;PM;AVAILABILITY;MW;;IF_UAS;indicates the radio link unavailable second. The unavailable time begins at the onset of 10 consecutive SESs. with the 10 SESs included. When SESs disappear for 10 consecutive seconds. the available time begins from the eleventh second. with the previous 10 seconds included.;indicates the radio link unavailable second. The unavailable time begins at the onset of 10 consecutive SESs. with the 10 SESs included. When SESs disappear for 10 consecutive seconds. the available time begins from the eleventh second. with the previous 10 seconds included.;;numerical;no;integer;;0;Second;;;;;15;;;;;xxx.xxx.xxx.xxx;;PM_IG30029;resourcename,deviceid,devicename;;
WIRELESS;MEX;HUAWEI;TX;AUDIT;ID;LNK;Link_Id;lnk_id;Link Identificator. Corresponde al identificador de un enlace de microondas.;Link Identificator. Corresponde al identificador de un enlace de microondas.;;alpha-numeric;no;string;;NA;NA;;;;;daily;;;;TAR_TAR_002527;xxx.xxx.xxx.xxx;;CM_AUDIT_MASTERLINKS;date,lnk_id,lnk_name;;
WIRELESS;MEX;HUAWEI;TX;AUDIT;ID;LNK;Link_Name;lnk_name;Link Name. Corresponde al nombre de un enlace de microondas. Normamente llevará identificadores del origen y destino ;Link Name. Corresponde al nombre de un enlace de microondas. Normamente llevará identificadores del origen y destino ;;alpha-numeric;no;string;;NA;NA;;;;;daily;;;;MXDIFALO0029MW02(3-ISM6-2)-MXDIFCUJ1359MW02(1-ISM6-2);xxx.xxx.xxx.xxx;;CM_AUDIT_MASTERLINKS;date,lnk_id,lnk_name;;
WIRELESS;MEX;HUAWEI;TX;PM;QoS;MW;;MW_BER_EXC;The MW_BER_EXC alarm indicates that there are excessive bit errors on the radio link. This alarm is reported if the BER on the radio link exceeds the specified threshold (10-3 by default).The possible causes of the MW_BER_EXC alarm are as follows: Cause 1: Signal attenuation on the radio link is too heavy. Cause 2: There is link interference.;The MW_BER_EXC alarm indicates that there are excessive bit errors on the radio link. This alarm is reported if the BER on the radio link exceeds the specified threshold (10-3 by default).The possible causes of the MW_BER_EXC alarm are as follows: Cause 1: Signal attenuation on the radio link is too heavy. Cause 2: There is link interference.;;numerical;yes;boolean;1;0;;;;;;15;;;;;;;TBD;;;
WIRELESS;MEX;HUAWEI;TX;PM;QoS;MW;;MW_BER_SD;The MW_BER_SD alarm indicates that signals deteriorate on the radio link. This alarm is reported if the BER on the radio link exceeds the specified threshold (10-6 by default) but does not reach the MW_BER_EXC alarm threshold (10-3 by default). The possible causes  are as follows: Cause 1: Signal attenuation on the radio link is too heavy. Cause 2: There is link interference.;The MW_BER_SD alarm indicates that signals deteriorate on the radio link. This alarm is reported if the BER on the radio link exceeds the specified threshold (10-6 by default) but does not reach the MW_BER_EXC alarm threshold (10-3 by default). The possible causes  are as follows: Cause 1: Signal attenuation on the radio link is too heavy. Cause 2: There is link interference.;;numerical;yes;boolean;1;0;;;;;;15;;;;;;;TBD;;;
WIRELESS;MEX;HUAWEI;TX;PM;QoS;MW;;MW_FEC_UNCOR;The MW_FECUNCOR alarm indicates that the microwave frame forward error correction (FEC) function cannot correct the incorrect codes. This alarm is reported when uncorrectable bit errors occur in the FEC code at the local station.;The MW_FECUNCOR alarm indicates that the microwave frame forward error correction (FEC) function cannot correct the incorrect codes. This alarm is reported when uncorrectable bit errors occur in the FEC code at the local station.;;numerical;yes;boolean;1;0;;;;;;15;;;;;;;TBD;;;
WIRELESS;MEX;HUAWEI;TX;PM;AVAILABILITY;MW;;MW_LIM;The MW_LIM alarm indicates that a mismatched radio link identifier is detected. This alarm is reported if an IF board detects that the link ID in the microwave frame overheads is inconsistent with the specified link ID.;The MW_LIM alarm indicates that a mismatched radio link identifier is detected. This alarm is reported if an IF board detects that the link ID in the microwave frame overheads is inconsistent with the specified link ID.;;numerical;yes;boolean;1;0;;;;;;15;;;;;;;TBD;;;
WIRELESS;MEX;HUAWEI;TX;PM;AVAILABILITY;MW;;MW_LOF; The MW_LOF alarm indicates that the microwave frames are lost.; The MW_LOF alarm indicates that the microwave frames are lost.;;numerical;yes;boolean;1;0;;;;;;15;;;;;;;TBD;;;
WIRELESS;MEX;HUAWEI;TX;PM;AVAILABILITY;MW;;MW_RDI;The MW_RDI alarm indicates that there are defects at the remote end of a radio link. When the sink end (the receiver) detects that an alarm is generated in the service due to the fault of the radio link. the sink end returns the RDI message to the source end (the transmitter). This alarm is reported if an IF board detects an RDI in the microwave frame overheads.;The MW_RDI alarm indicates that there are defects at the remote end of a radio link. When the sink end (the receiver) detects that an alarm is generated in the service due to the fault of the radio link. the sink end returns the RDI message to the source end (the transmitter). This alarm is reported if an IF board detects an RDI in the microwave frame overheads.;;numerical;yes;boolean;1;0;;;;;;15;;;;;;;TBD;;;
WIRELESS;MEX;HUAWEI;TX;PM;TRAFFIC;MW;;PORT_RX_BW_UTILIZATION;Indicates the bandwidth usage on a port in the receive direction.;Indicates the bandwidth usage on a port in the receive direction.;;numerical;yes;float;3;2;%;;;;;15;;;;;xxx.xxx.xxx.xxx;;PM_IG30014;resourcename,deviceid,devicename;;
WIRELESS;MEX;HUAWEI;TX;PM;TRAFFIC;MW;;PORT_TX_BW_UTILIZATION;Indicates the bandwidth usage on a port in the transmit direction.;Indicates the bandwidth usage on a port in the transmit direction.;;numerical;yes;float;3;2;%;;;;;15;;;;;xxx.xxx.xxx.xxx;;PM_IG30014;resourcename,deviceid,devicename;;
WIRELESS;MEX;HUAWEI;TX;NP;LOCATION;MW;;Province;Province;Demarcación territorial administrativa de las varias en que se organizan algunos Estados o instituciones. Distrito de los diferentes en que divide un territorio y que contiene determinado número de minicipios.;;alpha-numeric;no;string;;NA;NA;;;;;;;;;Tarragona;;;;;;
WIRELESS;MEX;HUAWEI;TX;PM;TRAFFIC;MW;;QAM_L_WS1024;Working time of the 1024QAM light mode;Working time of the 1024QAM light mode;;numerical;no;integer;;0;Second;;;;;15;;;;;;;TBD;;;
WIRELESS;MEX;HUAWEI;TX;PM;TRAFFIC;MW;;QAM_L_WS512;Working time of the 512QAM light mode;Working time of the 512QAM light mode;;numerical;no;integer;;0;Second;;;;;15;;;;;;;TBD;;;
WIRELESS;MEX;HUAWEI;TX;PM;TRAFFIC;MW;;QAM_S_WS16;Working time of the 16QAM strong mode;Working time of the 16QAM strong mode;;numerical;no;integer;;0;Second;;;;;15;;;;;;;TBD;;;
WIRELESS;MEX;HUAWEI;TX;PM;TRAFFIC;MW;;QAMWS1024;Working time of the 1024QAM mode;Working time of the 1024QAM mode;;numerical;no;integer;;0;Second;;;;;15;;;;;;;TBD;;;
WIRELESS;MEX;HUAWEI;TX;PM;QoS;MW;;QAMWS128;Working time of the 128QAM mode;Working time of the 128QAM mode;;numerical;no;integer;;0;Second;;;;;15;;;;;xxx.xxx.xxx.xxx;;PM_IG30029;resourcename,deviceid,devicename;;
WIRELESS;MEX;HUAWEI;TX;PM;QoS;MW;;QAMWS16;Working time of the 16QAM mode;Working time of the 16QAM mode;;numerical;no;integer;;0;Second;;;;;15;;;;;xxx.xxx.xxx.xxx;;PM_IG30029;resourcename,deviceid,devicename;;
WIRELESS;MEX;HUAWEI;TX;PM;TRAFFIC;MW;;QAMWS2048;Working time of the 2048QAM modulation scheme;Working time of the 2048QAM modulation scheme;;numerical;no;integer;;0;Second;;;;;15;;;;;;;TBD;;;
WIRELESS;MEX;HUAWEI;TX;PM;QoS;MW;;QAMWS256;Working time of the 256QAM mode;Working time of the 256QAM mode;;numerical;no;integer;;0;Second;;;;;15;;;;;xxx.xxx.xxx.xxx;;PM_IG30029;resourcename,deviceid,devicename;;
WIRELESS;MEX;HUAWEI;TX;PM;QoS;MW;;QAMWS32;Working time of the 32QAM mode;Working time of the 32QAM mode;;numerical;no;integer;;0;Second;;;;;15;;;;;xxx.xxx.xxx.xxx;;PM_IG30029;resourcename,deviceid,devicename;;
WIRELESS;MEX;HUAWEI;TX;PM;TRAFFIC;MW;;QAMWS4096;Working time in 4096QAM mode;Working time in 4096QAM mode;;numerical;no;integer;;;Second;;;;;15;;;;;;;TBD;;;
WIRELESS;MEX;HUAWEI;TX;PM;TRAFFIC;MW;;QAMWS512;Working time of the 512QAM mode;Working time of the 512QAM mode;;numerical;no;integer;;0;Second;;;;;15;;;;;;;TBD;;;
WIRELESS;MEX;HUAWEI;TX;PM;QoS;MW;;QAMWS64;Working time of the 64QAM mode;Working time of the 64QAM mode;;numerical;no;integer;;0;Second;;;;;15;;;;;xxx.xxx.xxx.xxx;;PM_IG30029;resourcename,deviceid,devicename;;
WIRELESS;MEX;HUAWEI;TX;PM;TRAFFIC;MW;;QPSK_S_1000M_WS;Working time of the QPSK strong modulation scheme with 1000 MHz spacing;Working time of the QPSK strong modulation scheme with 1000 MHz spacing;;numerical;no;integer;;0;Second;;;;;15;;;;;;;TBD;;;
WIRELESS;MEX;HUAWEI;TX;PM;TRAFFIC;MW;;QPSK_S_125M_WS;Working time of the QPSK strong modulation scheme with 125 MHz spacing;Working time of the QPSK strong modulation scheme with 125 MHz spacing;;numerical;no;integer;;0;Second;;;;;15;;;;;;;TBD;;;
WIRELESS;MEX;HUAWEI;TX;PM;TRAFFIC;MW;;QPSK_S_250M_WS;Working time of the QPSK strong modulation scheme with 250 MHz spacing;Working time of the QPSK strong modulation scheme with 250 MHz spacing;;numerical;no;integer;;0;Second;;;;;15;;;;;;;TBD;;;
WIRELESS;MEX;HUAWEI;TX;PM;TRAFFIC;MW;;QPSK_S_500M_WS;Working time of the QPSK strong modulation scheme with 500 MHz spacing;Working time of the QPSK strong modulation scheme with 500 MHz spacing;;numerical;no;integer;;0;Second;;;;;15;;;;;;;TBD;;;
WIRELESS;MEX;HUAWEI;TX;PM;TRAFFIC;MW;;QPSK_S_62P5M_WS;Working time of the QPSK strong modulation scheme with 62.5 MHz spacing;Working time of the QPSK strong modulation scheme with 62.5 MHz spacing;;numerical;no;integer;;0;Second;;;;;15;;;;;;;TBD;;;
WIRELESS;MEX;HUAWEI;TX;PM;TRAFFIC;MW;;QPSK_S_750M_WS;Working time of the QPSK strong modulation scheme with 750 MHz spacing;Working time of the QPSK strong modulation scheme with 750 MHz spacing;;numerical;no;integer;;0;Second;;;;;15;;;;;;;TBD;;;
WIRELESS;MEX;HUAWEI;TX;PM;TRAFFIC;MW;;QPSK_S_WS;Working time of the QPSK strong mode;Working time of the QPSK strong mode;;numerical;no;integer;;0;Second;;;;;15;;;;;;;TBD;;;
WIRELESS;MEX;HUAWEI;TX;PM;AVAILABILITY;MW;;RADIO_MUTE;The RADIO_MUTE alarm indicates that radio transmitter is muted. This alarm is reported when the output of the transmitter is shut down.;The RADIO_MUTE alarm indicates that radio transmitter is muted. This alarm is reported when the output of the transmitter is shut down.;;numerical;yes;boolean;1;0;;;;;;15;;;;;;;TBD;;;
WIRELESS;MEX;HUAWEI;TX;PM;COVERAGE;MW;;RADIO_RSL_LOW ;Alarm indicates that the radio receive power is very low. This alarm is reported if the detected receive power is equal to or less than the lower threshold of the ODU (-90 dBm). If no MW_LOF or MW_FEC_UNCOR alarm is generated. the services are not affected.;Alarm indicates that the radio receive power is very low. This alarm is reported if the detected receive power is equal to or less than the lower threshold of the ODU (-90 dBm). If no MW_LOF or MW_FEC_UNCOR alarm is generated. the services are not affected.;;numerical;yes;boolean;1;0;;;;;;15;;;;;;;TBD;;;
WIRELESS;MEX;HUAWEI;TX;PM;COVERAGE;MW;;RADIO_TSL_LOW ;The RADIO_TSL_LOW alarm indicates that the radio transmit power is very low. This alarm is reported if the detected transmit power is less than the lower power threshold of the ODU.;The RADIO_TSL_LOW alarm indicates that the radio transmit power is very low. This alarm is reported if the detected transmit power is less than the lower power threshold of the ODU.;;numerical;yes;boolean;1;0;;;;;;15;;;;;;;TBD;;;
WIRELESS;MEX;HUAWEI;TX;NP;LOCATION;MW;;Region;Region;Agrupación de provincias custom del operador. ;;alpha-numeric;no;string;;NA;NA;;;;;;;;;SOUTH;;;;;;
WIRELESS;MEX;HUAWEI;TX;PM;COVERAGE;MW;;RLHTT;Received Level High Threshold Time. The RLHTT indicates the duration when the ODU at the local end has a receive power lower than the upper threshold.;Received Level High Threshold Time. The RLHTT indicates the duration when the ODU at the local end has a receive power lower than the upper threshold.;;numerical;no;integer;;0;Second;;;;;15;;;;;xxx.xxx.xxx.xxx;;PM_IG30028;resourcename,deviceid,devicename;;
WIRELESS;MEX;HUAWEI;TX;PM;COVERAGE;MW;;RLLTT;Received Level Low Threshold Time. The RLLTT indicates the duration when the ODU at the local end has a receive power lower than the lower threshold.;Received Level Low Threshold Time. The RLLTT indicates the duration when the ODU at the local end has a receive power lower than the lower threshold.;;numerical;no;integer;;0;Second;;;;;15;;;;;xxx.xxx.xxx.xxx;;PM_IG30028;resourcename,deviceid,devicename;;
WIRELESS;MEX;HUAWEI;TX;PM;COVERAGE;MW;;RSL_AVG;Received Signal Level Average;Valor promedio de nivel de señal recibido en una microondas;;numerical;no;float;;;0.1 dBm;;;;;15;;;;;xxx.xxx.xxx.xxx;;PM_IG30028;resourcename,deviceid,devicename;;
WIRELESS;MEX;HUAWEI;TX;PM;COVERAGE;MW;;RSL_CUR;Received Signal Level Current;Valor actual de nivel de señal recibido en una microondas;;numerical;no;float;;;0.1 dBm;;;;;15;;;;;xxx.xxx.xxx.xxx;;PM_IG30028;resourcename,deviceid,devicename;;
WIRELESS;MEX;HUAWEI;TX;PM;COVERAGE;MW;;RSL_MAX;Received Signal Level MAX;Maximo valor de nivel de señal recibido en una microondas;;numerical;no;float;2;2;dBm;0.1;;;;15;;;;;xxx.xxx.xxx.xxx;;PM_IG30028;resourcename,deviceid,devicename;;
WIRELESS;MEX;HUAWEI;TX;PM;COVERAGE;MW;;RSL_MIN;Received Signal Level MIN;Mínimo valor de nivel de señal recibido en una microondas;;numerical;no;float;2;2;dBm;0.1;;;;15;;;;;xxx.xxx.xxx.xxx;;PM_IG30028;resourcename,deviceid,devicename;;
WIRELESS;MEX;HUAWEI;TX;PM;QoS;MW;;RX_DROP_PKTS;RX_DROP_PKTS;Número de paquetes recibidos pero descartados en esa interfaz.;;;;;;;;;;;;15;;;;;xxx.xxx.xxx.xxx;;PM_IG30014;resourcename,deviceid,devicename;;
WIRELESS;MEX;HUAWEI;TX;PM;TRAFFIC;MW;;RXPKTS;Indicates the packets received.;Indicates the packets received.;;numerical;no;integer;;0;packets;;;;;15;;;;;xxx.xxx.xxx.xxx;;PM_IG30014;resourcename,deviceid,devicename;;
WIRELESS;MEX;HUAWEI;TX;PM;TRAFFIC;MW;THROUGHPUT;Throughput;Throughput;Throughput del enlace;;;;;;;;;;;;15;;;;;;;TBD;;;
WIRELESS;MEX;HUAWEI;TX;CM;CONFIGURATION;MW;;Tilt;Inclinación de una antena con respecto al cenit. Cuando la antena está inclinada hacia abajo. se denomina  'downtilt'. que es el uso más común. Si la inclinación es hacia arriba se denomila 'uptilt'. El tilt puede ser eléctrico o mecánico. El tilt mecánico (MDT) es una inclinación física de la antena. El tilt eléctrico (EDT) es una inclinación del siagrma de radiación de la antena.;Inclinación de una antena con respecto al cenit. Cuando la antena está inclinada hacia abajo. se denomina  'downtilt'. que es el uso más común. Si la inclinación es hacia arriba se denomila 'uptilt'. El tilt puede ser eléctrico o mecánico. El tilt mecánico (MDT) es una inclinación física de la antena. El tilt eléctrico (EDT) es una inclinación del siagrma de radiación de la antena.;;numerical;no;float;2;1;º;;;;;;;;;5º EDT;;;;;;
WIRELESS;MEX;HUAWEI;TX;PM;QoS;MW;;TLHTT;Transmitted Level High Threshold Time. The TLHTT indicates the duration when the ODU at the local end has a transit power higher than the upper threshold;Transmitted Level High Threshold Time. The TLHTT indicates the duration when the ODU at the local end has a transit power higher than the upper threshold;;numerical;no;integer;;0;Second;;;;;15;;;;;xxx.xxx.xxx.xxx;;PM_IG30028;resourcename,deviceid,devicename;;
WIRELESS;MEX;HUAWEI;TX;PM;QoS;MW;;TLLTT;Transmitted Level Low Threshold Time. The TLLTT indicates the duration when the ODU at the local end has a transit power higher than the lower threshold.;Transmitted Level Low Threshold Time. The TLLTT indicates the duration when the ODU at the local end has a transit power higher than the lower threshold.;;numerical;no;integer;;0;Second;;;;;15;;;;;xxx.xxx.xxx.xxx;;PM_IG30028;resourcename,deviceid,devicename;;
WIRELESS;MEX;HUAWEI;TX;PM;QoS;MW;;TSL_AVG;Tranmited Signal Level Average;Valor promedio de nivel de señal transmitido en una microondas;;numerical;no;integer;;0;dBm;;;;;15;;;;;xxx.xxx.xxx.xxx;;PM_IG30028;resourcename,deviceid,devicename;;
WIRELESS;MEX;HUAWEI;TX;PM;QoS;MW;;TSL_CUR;Transmited Signal Level Current;Valor actual de nivel de señal transmitido en una microondas;;numerical;no;integer;;0;dBm;;;;;15;;;;;xxx.xxx.xxx.xxx;;PM_IG30028;resourcename,deviceid,devicename;;
WIRELESS;MEX;HUAWEI;TX;PM;QoS;MW;;TSL_MAX;Transmited Signal Level MAX;Maximo valor de nivel de señal transmitido en una microondas;;numerical;no;integer;;0;dBm;;;;;15;;;;;xxx.xxx.xxx.xxx;;PM_IG30028;resourcename,deviceid,devicename;;
WIRELESS;MEX;HUAWEI;TX;PM;QoS;MW;;TSL_MIN;Transmited Signal Level MIN;Mínimo valor de nivel de señal transmitido en una microondas;;numerical;no;integer;;0;dBm;;;;;15;;;;;xxx.xxx.xxx.xxx;;PM_IG30028;resourcename,deviceid,devicename;;
WIRELESS;MEX;HUAWEI;TX;PM;QoS;MW;;TX_DROP_PKTS;Indicates the packet loss count in the transmit direction.;Indicates the packet loss count in the transmit direction.;;numerical;no;integer;;0;packets;;;;;15;;;;;xxx.xxx.xxx.xxx;;PM_IG30014;resourcename,deviceid,devicename;;
WIRELESS;MEX;HUAWEI;TX;PM;TRAFFIC;MW;;TXPKTS;Indicates the packets transmitted.;Indicates the packets transmitted.;;numerical;no;integer;;0;packets;;;;;15;;;;;xxx.xxx.xxx.xxx;;PM_IG30014;resourcename,deviceid,devicename;;
WIRELESS;MEX;HUAWEI;TX;PM;QoS;MW;;XPD_MAX;XPD value within 15 minutes or 24 hours - Max;XPD value within 15 minutes or 24 hours - Max;;numerical;no;float;;2;dB;;;;;15;;;;;xxx.xxx.xxx.xxx;;PM_IG30029;resourcename,deviceid,devicename;;
WIRELESS;MEX;HUAWEI;TX;PM;QoS;MW;;XPD_MIN;XPD value within 15 minutes or 24 hours - Min;XPD value within 15 minutes or 24 hours - Min;;numerical;no;float;;2;dB;;;;;15;;;;;xxx.xxx.xxx.xxx;;PM_IG30029;resourcename,deviceid,devicename;;
WIRELESS;MEX;HUAWEI;TX;PM;QoS;MW;;XPIC_XPD_VALUE;XPD value after the XPIC function is enabled;XPD value after the XPIC function is enabled;;numerical;no;float;;2;dB;;;;;15;;;;;xxx.xxx.xxx.xxx;;PM_IG30029;resourcename,deviceid,devicename;;
WIRELESS;MEX;HUAWEI;TX;CM;CONFIGURATION;MW;;Bandwidth;Ancho de Banda;Ancho de Banda;;numerical;no;integer;4;0;MHz;;;;;;;;;28MHz;;;;;;
WIRELESS;MEX;HUAWEI;TX;AUDIT;CONFIGURATION;LNK;Link_Capacity;lnk_capacity;Capacidad;Capacidad del enlace;;numerical;no;integer;4;0;Mbps;;;;;daily;;;;432;xxx.xxx.xxx.xxx;;CM_AUDIT_MASTERLINKS;date,lnk_id,lnk_name;;
WEATHER;ES;WDNA;;WI;;LNK;;precipitation_steps;Número de pasos (timestamp) con datos respecto a los esperados.;;;;;;;;;;;;;;;;SUM(n_time_c7a) / (96 * 96) * 100;;;;;;;
WEATHER;ES;WDNA;;WI;;LNK;;min_precipitation_steps;Mínimo de pasos usado para calcular la precipitación;;;;;;;;;;;;;;;;MIN(n_time_c7a);;;;;;;
WEATHER;ES;WDNA;;WI;;LNK;;max_precipitation_steps;Máximo de pasos usado para calcular la precipitación;;;;;;;;;;;;;;;;MAX(n_time_c7a);;;;;;;
WIRELESS;MEX;HUAWEI;TX;PM;TRAFFIC;MW;;PORT_RX_BW_UTILIZATION_AVG;;Promedio de utilización de ancho de banda en el puerto en dirección de recepción.;;;;;;;;;;;;;;;;;;;;;;
WIRELESS;MEX;HUAWEI;TX;PM;TRAFFIC;MW;;PORT_TX_BW_UTILIZATION_AVG;;Promedio de utilización de ancho de banda en el puerto en dirección de transmisión;;;;;;;;;;;;;;;;;;;;;;
WIRELESS;MEX;HUAWEI;TX;PM;TRAFFIC;MW;;bw_utilization_max;;La fórmula devuelve el porcentaje máximo de utilización de ancho de banda de un puerto, considerando tanto entrada (RX) como salida (TX);;;;float;3;2;%;;;;;15;;;GREATEST(ROUND(AVG(PORT_RX_BW_UTILIZATION_AVG),2), ROUND(AVG(PORT_TX_BW_UTILIZATION_AVG),2));;xxx.xxx.xxx.xxx;;PM_IG30014;resourcename,deviceid,devicename;;
WIRELESS;MEX;HUAWEI;TX;PM;TRAFFIC;MW;;bw_utilization_min;;Nivel mínimo de ocupación (%) que tuvo el puerto Ethernet en la ventana de muestreo, tomando el valor más bajo entre tráfico recibido y transmitido;;;;float;3;2;%;;;;;15;;;LEAST(ROUND(MIN(PORT_RX_BW_UTILIZATION_MIN),2), ROUND(MIN(PORT_TX_BW_UTILIZATION_MIN),2));;xxx.xxx.xxx.xxx;;PM_IG30014;resourcename,deviceid,devicename;;
WIRELESS;MEX;HUAWEI;TX;PM;TRAFFIC;MW;THROUGHPUT;throughput_max;;La fórmula mide el tráfico máximo en Mbps que pasa por un puerto Ethernet Huawei, tomando el mayor valor entre descarga (RX) y subida (TX). Podemos anticipar riesgos de saturación;;;;float;;2;Mbps;;;;;15;;;GREATEST(ROUND(AVG(ETH_RX_THROUGHPUT_AVG/1000),2), ROUND(AVG(ETH_TX_THROUGHPUT_AVG/1000),2));;xxx.xxx.xxx.xxx;;PM_IG30014;resourcename,deviceid,devicename;;
WIRELESS;MEX;HUAWEI;TX;PM;TRAFFIC;MW;THROUGHPUT;throughput_min;;Mínimo throughput efectivo (en Mbps) cursado por un puerto Ethernet durante la ventana de tiempo, tomando el menor valor entre recepción y transmisión.;;;;float;;2;Mbps;;;;;15;;;LEAST(ROUND(MIN(ETH_RX_THROUGHPUT_MIN/1000),2), ROUND(MIN(ETH_TX_THROUGHPUT_MIN/1000),2));;xxx.xxx.xxx.xxx;;PM_IG30014;resourcename,deviceid,devicename;;
WIRELESS;MEX;HUAWEI;TX;AUDIT;COVERAGE;LNK;;lnk_distance;;Distancia entre origen (SRC) y destino (SNK);;;no;float;4;4;;;;;;daily;;;;;xxx.xxx.xxx.xxx;;CM_AUDIT_MASTERLINKS;date,lnk_id,lnk_name;;
WIRELESS;MEX;HUAWEI;TX;AUDIT;CONFIGURATION;LNK;;src_vendor;Proveedor del equipo Hardware origen;;;;;string;;NA;NA;;;;;daily;;;;;xxx.xxx.xxx.xxx;;CM_AUDIT_MASTERLINKS;date,lnk_id,lnk_name;;
WIRELESS;MEX;HUAWEI;TX;AUDIT;LOCATION;LNK;;src_region;;Region a la que pertenece el origen;;;no;string;;NA;NA;;;;;daily;;;;;xxx.xxx.xxx.xxx;;CM_AUDIT_MASTERLINKS;date,lnk_id,lnk_name;;
WIRELESS;MEX;HUAWEI;TX;AUDIT;LOCATION;LNK;;src_city;;Ciudad a la que pertenece el origen del enlace;;;no;string;;NA;NA;;;;;daily;;;;;xxx.xxx.xxx.xxx;;CM_AUDIT_MASTERLINKS;date,lnk_id,lnk_name;;
WIRELESS;MEX;HUAWEI;TX;AUDIT;ID;LNK;;src_site_id;;Nodo RAN donde esta ubicado el origen del enlace;;;;string;;NA;NA;;;;;daily;;;;;xxx.xxx.xxx.xxx;;CM_AUDIT_MASTERLINKS;date,lnk_id,lnk_name;;
WIRELESS;MEX;HUAWEI;TX;AUDIT;LOCATION;LNK;;src_lon;Geographics longitude;Longitud geográfica del enlace origen;;;;;;;;;;;;daily;;;;;xxx.xxx.xxx.xxx;;CM_AUDIT_MASTERLINKS;date,lnk_id,lnk_name;;
WIRELESS;MEX;HUAWEI;TX;AUDIT;LOCATION;LNK;;src_lat;Geographics latitude;Latitud geográfica del enlace destino;;;;;;;;;;;;daily;;;;;xxx.xxx.xxx.xxx;;CM_AUDIT_MASTERLINKS;date,lnk_id,lnk_name;;
WIRELESS;MEX;HUAWEI;TX;AUDIT;ID;LNK;;src_ne_name;;Nombre del origen del enlace (NE = Network Element);;;;string;;NA;NA;;;;;daily;;;;;xxx.xxx.xxx.xxx;;CM_AUDIT_MASTERLINKS;date,lnk_id,lnk_name;;
WIRELESS;MEX;HUAWEI;TX;AUDIT;ID;LNK;;src_resource_name;;Identificador origen del enlace combinando SRC_NE_NAME, SRC_SLOT, SRC_BOARD y SRC_PORT;;;;string;;NA;NA;;;;;daily;;;;;xxx.xxx.xxx.xxx;;CM_AUDIT_MASTERLINKS;date,lnk_id,lnk_name;;
WIRELESS;MEX;HUAWEI;TX;AUDIT;ID;LNK;;src_slot;;Slot origen;;;;string;;NA;NA;;;;;daily;;;;;xxx.xxx.xxx.xxx;;CM_AUDIT_MASTERLINKS;date,lnk_id,lnk_name;;
WIRELESS;MEX;HUAWEI;TX;AUDIT;ID;LNK;;src_board;;Tarjeta origen;;;;string;;NA;NA;;;;;daily;;;;;xxx.xxx.xxx.xxx;;CM_AUDIT_MASTERLINKS;date,lnk_id,lnk_name;;
WIRELESS;MEX;HUAWEI;TX;AUDIT;ID;LNK;;src_port;;Puerto origen;;;;string;;NA;NA;;;;;daily;;;;;xxx.xxx.xxx.xxx;;CM_AUDIT_MASTERLINKS;date,lnk_id,lnk_name;;
WIRELESS;MEX;HUAWEI;TX;AUDIT;CONFIGURATION;LNK;;src_protect_type;;;;;no;string;;NA;NA;;;;;daily;;;;;xxx.xxx.xxx.xxx;;CM_AUDIT_MASTERLINKS;date,lnk_id,lnk_name;;
WIRELESS;MEX;HUAWEI;TX;AUDIT;CONFIGURATION;LNK;;src_ne_type;;;;;no;string;;NA;NA;;;;;daily;;;;;xxx.xxx.xxx.xxx;;CM_AUDIT_MASTERLINKS;date,lnk_id,lnk_name;;
WIRELESS;MEX;HUAWEI;TX;AUDIT;CONFIGURATION;LNK;;src_polarization;;Polarización del origen del enlace (H=horizontal y V=Vertical);;;no;character;2;NA;NA;;;;;daily;;;;;xxx.xxx.xxx.xxx;;CM_AUDIT_MASTERLINKS;date,lnk_id,lnk_name;;
WIRELESS;MEX;HUAWEI;TX;AUDIT;CONFIGURATION;LNK;;src_port_type;;Tipo de puerto origen, por defecto, MicrowaveIF;;;no;string;;NA;NA;;;;;daily;;;;;xxx.xxx.xxx.xxx;;CM_AUDIT_MASTERLINKS;date,lnk_id,lnk_name;;
WIRELESS;MEX;HUAWEI;TX;AUDIT;CONFIGURATION;LNK;;src_bw;;Ancho de banda del origen;;;;integer;4;0;MHz;;;;;daily;;;;;xxx.xxx.xxx.xxx;;CM_AUDIT_MASTERLINKS;date,lnk_id,lnk_name;;
WIRELESS;MEX;HUAWEI;TX;AUDIT;CONFIGURATION;LNK;;src_capacity;;Capacidad origen del enlace;;;;;;;;;;;;daily;;;;;xxx.xxx.xxx.xxx;;CM_AUDIT_MASTERLINKS;date,lnk_id,lnk_name;;
WIRELESS;MEX;HUAWEI;TX;AUDIT;CONFIGURATION;LNK;;src_freq;;Frecuencia del lado origen del enlace;;;;;;;;;;;;daily;;;;;xxx.xxx.xxx.xxx;;CM_AUDIT_MASTERLINKS;date,lnk_id,lnk_name;;
WIRELESS;MEX;HUAWEI;TX;AUDIT;CONFIGURATION;LNK;;snk_vendor;Proveedor del equipo Hardware destino;;;;;string;;NA;NA;;;;;daily;;;;;xxx.xxx.xxx.xxx;;CM_AUDIT_MASTERLINKS;date,lnk_id,lnk_name;;
WIRELESS;MEX;HUAWEI;TX;AUDIT;LOCATION;LNK;;snk_region;;Region a la que pertenece el destino;;;no;string;;NA;NA;;;;;daily;;;;;xxx.xxx.xxx.xxx;;CM_AUDIT_MASTERLINKS;date,lnk_id,lnk_name;;
WIRELESS;MEX;HUAWEI;TX;AUDIT;LOCATION;LNK;;snk_city;;Ciudad a la que pertenece el destino del enlace;;;no;string;;NA;NA;;;;;daily;;;;;xxx.xxx.xxx.xxx;;CM_AUDIT_MASTERLINKS;date,lnk_id,lnk_name;;
WIRELESS;MEX;HUAWEI;TX;AUDIT;ID;LNK;;snk_site_id;;Nodo RAN donde esta ubicado el destino del enlace;;;;string;;NA;NA;;;;;daily;;;;;xxx.xxx.xxx.xxx;;CM_AUDIT_MASTERLINKS;date,lnk_id,lnk_name;;
WIRELESS;MEX;HUAWEI;TX;AUDIT;LOCATION;LNK;;snk_lon;Geographics longitude;Longitud geográfica del enlace destino;;;;;;;;;;;;daily;;;;;xxx.xxx.xxx.xxx;;CM_AUDIT_MASTERLINKS;date,lnk_id,lnk_name;;
WIRELESS;MEX;HUAWEI;TX;AUDIT;LOCATION;LNK;;snk_lat;Geographics latitude;Latitud geográfica del enlace destino;;;;;;;;;;;;daily;;;;;xxx.xxx.xxx.xxx;;CM_AUDIT_MASTERLINKS;date,lnk_id,lnk_name;;
WIRELESS;MEX;HUAWEI;TX;AUDIT;ID;LNK;;snk_ne_name;;Nombre del destino del enlace (NE = Network Element);;;;string;;NA;NA;;;;;daily;;;;;xxx.xxx.xxx.xxx;;CM_AUDIT_MASTERLINKS;date,lnk_id,lnk_name;;
WIRELESS;MEX;HUAWEI;TX;AUDIT;ID;LNK;;snk_resource_name;;Identificador destino del enlace combinando SNK_NE_NAME, SNK_SLOT, SNK_BOARD y SNK_PORT;;;;string;;NA;NA;;;;;daily;;;;;xxx.xxx.xxx.xxx;;CM_AUDIT_MASTERLINKS;date,lnk_id,lnk_name;;
WIRELESS;MEX;HUAWEI;TX;AUDIT;ID;LNK;;snk_slot;;Slot destino;;;;string;;NA;NA;;;;;daily;;;;;xxx.xxx.xxx.xxx;;CM_AUDIT_MASTERLINKS;date,lnk_id,lnk_name;;
WIRELESS;MEX;HUAWEI;TX;AUDIT;ID;LNK;;snk_board;;Tarjeta destino;;;;string;;NA;NA;;;;;daily;;;;;xxx.xxx.xxx.xxx;;CM_AUDIT_MASTERLINKS;date,lnk_id,lnk_name;;
WIRELESS;MEX;HUAWEI;TX;AUDIT;ID;LNK;;snk_port;;Puerto destino;;;;string;;NA;NA;;;;;daily;;;;;xxx.xxx.xxx.xxx;;CM_AUDIT_MASTERLINKS;date,lnk_id,lnk_name;;
WIRELESS;MEX;HUAWEI;TX;AUDIT;CONFIGURATION;LNK;;snk_protect_type;;;;;no;string;;NA;NA;;;;;daily;;;;;xxx.xxx.xxx.xxx;;CM_AUDIT_MASTERLINKS;date,lnk_id,lnk_name;;
WIRELESS;MEX;HUAWEI;TX;AUDIT;CONFIGURATION;LNK;;snk_ne_type;;;;;no;string;;NA;NA;;;;;daily;;;;;xxx.xxx.xxx.xxx;;CM_AUDIT_MASTERLINKS;date,lnk_id,lnk_name;;
WIRELESS;MEX;HUAWEI;TX;AUDIT;CONFIGURATION;LNK;;snk_polarization;;Polarización del destino del enlace (H=horizontal y V=Vertical);;;no;character;2;NA;NA;;;;;daily;;;;;xxx.xxx.xxx.xxx;;CM_AUDIT_MASTERLINKS;date,lnk_id,lnk_name;;
WIRELESS;MEX;HUAWEI;TX;AUDIT;CONFIGURATION;LNK;;snk_port_type;;Tipo de puerto destino, por defecto, MicrowaveIF;;;no;string;;NA;NA;;;;;daily;;;;;xxx.xxx.xxx.xxx;;CM_AUDIT_MASTERLINKS;date,lnk_id,lnk_name;;
WIRELESS;MEX;HUAWEI;TX;AUDIT;CONFIGURATION;LNK;;snk_bw;;Ancho de banda del destino;;;;integer;4;0;MHz;;;;;daily;;;;;xxx.xxx.xxx.xxx;;CM_AUDIT_MASTERLINKS;date,lnk_id,lnk_name;;
WIRELESS;MEX;HUAWEI;TX;AUDIT;CONFIGURATION;LNK;;snk_capacity;;Capacidad destino del enlace;;;;;;;;;;;;daily;;;;;xxx.xxx.xxx.xxx;;CM_AUDIT_MASTERLINKS;date,lnk_id,lnk_name;;
WIRELESS;MEX;HUAWEI;TX;AUDIT;CONFIGURATION;LNK;;snk_freq;;Frecuencia del lado destino del enlace;;;;;;;;;;;;daily;;;;;xxx.xxx.xxx.xxx;;CM_AUDIT_MASTERLINKS;date,lnk_id,lnk_name;;
WIRELESS;MEX;HUAWEI;RAN_4G;PM;ID;LCELL;enb_agg;subnetwork;Enodeb aggregato;Enodeb aggregato;;;;string;;;;;;;;;;;;AGUAGU0002;xxx.xxx.xxx.xxx;;PM_ERAB_REL_CELL;enodeb_id,cell_name,enodeb_function_name;;
WIRELESS;MEX;HUAWEI;RAN_4G;PM;ID;LCELL;enb_id;ENODEB_FUNCTION_NAME;enodeb name;Nombre del eNodeB;;;;string;;;;;;;;;;;;;xxx.xxx.xxx.xxx;;PM_ERAB_REL_CELL;enodeb_id,cell_name,enodeb_function_name;;
WIRELESS;MEX;HUAWEI;RAN_4G;PM;ID;LCELL;cell_id;CELL_NAME;Nombre celda;Nombre de la celda;;;;string;;;;;;;;;;;;;xxx.xxx.xxx.xxx;;PM_ERAB_REL_CELL;enodeb_id,cell_name,enodeb_function_name;;
WIRELESS;MEX;HUAWEI;RAN_4G;PM;DATE;LCELL;date;DATE;DATE;Fecha, estructura básica AÑO-MES-DIA tambien puede añadir más precisión incluyendo hora y minutos;;;;date;;;;;;;;;;;;;xxx.xxx.xxx.xxx;;PM_ERAB_REL_CELL;enodeb_id,cell_name,enodeb_function_name;;
WIRELESS;MEX;HUAWEI;RAN_4G;AUDIT;CONFIGURATION;LCELL;EARFCN;UARFCN;Downlink EARFCN ;Downlink E-UTRA Absolute Radio Frequency Channel Number;;;;integer;;0;;;;;;;;;;;xxx.xxx.xxx.xxx;;cm_audit_mastercells;managed_object1,managed_object2,managed_object3;;
WIRELESS;MEX;HUAWEI;RAN_4G;AUDIT;CONFIGURATION;LCELL;PHYCELLID;PCI;Physical CellID;"Physical Cell ID (PCI) usado en sincronización y HO; evita colisión/confusión y guía HO/selección.";;;;integer;;0;;;;;;;;;;304;xxx.xxx.xxx.xxx;;cm_audit_mastercells;managed_object1,managed_object2,managed_object3;;
WIRELESS;MEX;HUAWEI;RAN_4G;AUDIT;CONFIGURATION;LCELL;TAC;TAC;Tracking Area Code;Tracking Area Code - Para movilidad y paging. Similar al LAC en 3G;;;;integer;;0;;;;;;;;;;6312;xxx.xxx.xxx.xxx;wdna_operator_vendor;cm_audit_mastercells;managed_object1,managed_object2,managed_object3;;
WIRELESS;MEX;HUAWEI;RAN_4G;AUDIT;CONFIGURATION;LCELL;BANDWITH;BW;DL Bandwith;Downlink Bandwith;;;;integer;;0;;;;;;;;;;;xxx.xxx.xxx.xxx;wdna_operator_vendor;cm_audit_mastercells;managed_object1,managed_object2,managed_object3;;
WIRELESS;MEX;HUAWEI;RAN_4G;AUDIT;LOCATION;LCELL;longitude;LONG_WGS84;Geographics longitude;Longitud geográfica;;;;;;;;;;;;;;;;;xxx.xxx.xxx.xxx;wdna_operator_vendor;cm_audit_mastercells;managed_object1,managed_object2,managed_object3;;
WIRELESS;MEX;HUAWEI;RAN_4G;AUDIT;LOCATION;LCELL;lattitude;LAT_WGS84;Geographics latitude;Latitud geográfica;;;;;;;;;;;;;;;;;xxx.xxx.xxx.xxx;wdna_operator_vendor;cm_audit_mastercells;managed_object1,managed_object2,managed_object3;;
WIRELESS;MEX;HUAWEI;RAN_4G;AUDIT;ID;LCELL;enb_agg;MANAGED_OBJECT1;Enodeb aggregato;Enodeb aggregato. ;;;;string;;;;;;;;;;;;AGUAGU0002;xxx.xxx.xxx.xxx;wdna_operator_vendor;cm_audit_mastercells;managed_object1,managed_object2,managed_object3;;
WIRELESS;MEX;ERICSSON;RAN_4G;AUDIT;ID;LCELL;enb_agg;MANAGED_OBJECT1;Enodeb aggregato;Enodeb aggregato. Análogo al MANAGED_OBJECT1 en CM y RNCid en PM;;;;string;;;;;;;;;;;;AGUAGU0002;xxx.xxx.xxx.xxx;wdna_operator_vendor;cm_audit_mastercells;managed_object1,managed_object2,managed_object3;;
WIRELESS;MEX;SAMSUNG;RAN_4G;AUDIT;ID;LCELL;enb_agg;MANAGED_OBJECT1;Enodeb aggregato;Enodeb aggregato. Análogo al MANAGED_OBJECT1 en CM y RNCid en PM;;;;string;;;;;;;;;;;;AGUAGU0002;xxx.xxx.xxx.xxx;wdna_operator_vendor;cm_audit_mastercells;managed_object1,managed_object2,managed_object3;;
WIRELESS;MEX;NOKIA;RAN_4G;AUDIT;ID;LCELL;enb_agg;MANAGED_OBJECT1;Enodeb aggregato;Enodeb aggregato;;;;string;;;;;;;;;;;;AGUAGU0002;xxx.xxx.xxx.xxx;wdna_operator_vendor;cm_audit_mastercells;managed_object1,managed_object2,managed_object3;;
WIRELESS;MEX;HUAWEI;RAN_4G;AUDIT;ID;LCELL;enb_id;MANAGED_OBJECT2;enodeb name;Nombre del eNodeB;;;;string;;;;;;;;;;;;AGUAGU0002;xxx.xxx.xxx.xxx;wdna_operator_vendor;cm_audit_mastercells;managed_object1,managed_object2,managed_object3;;
WIRELESS;MEX;ERICSSON;RAN_4G;AUDIT;ID;LCELL;enb_id;MANAGED_OBJECT2;enodeb name;Nombre del eNodeB. Análogo al MANAGED_OBJECT2 en CM y BTSid en PM;;;;string;;;;;;;;;;;;AGUAGU0002;xxx.xxx.xxx.xxx;wdna_operator_vendor;cm_audit_mastercells;managed_object1,managed_object2,managed_object3;;
WIRELESS;MEX;SAMSUNG;RAN_4G;AUDIT;ID;LCELL;enb_id;MANAGED_OBJECT2;enodeb name;Nombre del eNodeB. Análogo al MANAGED_OBJECT2 en CM y BTSid en PM;;;;string;;;;;;;;;;;;AGUAGU0002;xxx.xxx.xxx.xxx;wdna_operator_vendor;cm_audit_mastercells;managed_object1,managed_object2,managed_object3;;
WIRELESS;MEX;NOKIA;RAN_4G;AUDIT;ID;LCELL;enb_id;MANAGED_OBJECT2;enodeb name;Nombre del eNodeB;;;;string;;;;;;;;;;;;AGUAGU0002;xxx.xxx.xxx.xxx;wdna_operator_vendor;cm_audit_mastercells;managed_object1,managed_object2,managed_object3;;
WIRELESS;MEX;HUAWEI;RAN_3G;AUDIT;ID;UCELL;rnc_id;MANAGED_OBJECT1;RNC Identificator;Nombre de la RNC;;;;string;;;;;;;;;;;;UAGUAGU0002;xxx.xxx.xxx.xxx;wdna_operator_vendor;cm_audit_mastercells;managed_object1,managed_object2,managed_object3;;
WIRELESS;MEX;HUAWEI;RAN_3G;AUDIT;ID;UCELL;unb_id;MANAGED_OBJECT2;BTSid;Nombre del NodeB;;;;string;;;;;;;;;;;;UAGUAGU0002;xxx.xxx.xxx.xxx;wdna_operator_vendor;cm_audit_mastercells;managed_object1,managed_object2,managed_object3;;
WIRELESS;MEX;ERICSSON;RAN_3G;AUDIT;ID;UCELL;rnc_id;MANAGED_OBJECT1;RNC Identificator;Nombre de la RNC;;;;string;;;;;;;;;;;;UAGUAGU0002;xxx.xxx.xxx.xxx;wdna_operator_vendor;cm_audit_mastercells;managed_object1,managed_object2,managed_object3;;
WIRELESS;MEX;ERICSSON;RAN_3G;AUDIT;ID;UCELL;unb_id;MANAGED_OBJECT2;BTSid;Nombre del NodeB;;;;string;;;;;;;;;;;;UAGUAGU0002;xxx.xxx.xxx.xxx;wdna_operator_vendor;cm_audit_mastercells;managed_object1,managed_object2,managed_object3;;
WIRELESS;MEX;NOKIA;RAN_3G;AUDIT;ID;UCELL;rnc_id;MANAGED_OBJECT1;RNC Identificator;Nombre de la RNC;;;;string;;;;;;;;;;;;UAGUAGU0002;xxx.xxx.xxx.xxx;wdna_operator_vendor;cm_audit_mastercells;managed_object1,managed_object2,managed_object3;;
WIRELESS;MEX;NOKIA;RAN_3G;AUDIT;ID;UCELL;unb_id;MANAGED_OBJECT2;BTSid;Nombre del NodeB;;;;string;;;;;;;;;;;;UAGUAGU0002;xxx.xxx.xxx.xxx;wdna_operator_vendor;cm_audit_mastercells;managed_object1,managed_object2,managed_object3;;
WIRELESS;MEX;HUAWEI;RAN_4G;AUDIT;ID;LCELL;cell_id;MANAGED_OBJECT3;cell name;Nombre identificativo de la celda, etiqueta.;;;;string;;;;;;;;;;;;MLAGUAGU0002_1_A;xxx.xxx.xxx.xxx;wdna_operator_vendor;cm_audit_mastercells;managed_object1,managed_object2,managed_object3;;
WIRELESS;MEX;ERICSSON;RAN_4G;AUDIT;ID;LCELL;cell_id;MANAGED_OBJECT3;cell name;Nombre identificativo de la celda, etiqueta.;;;;string;;;;;;;;;;;;MLAGUAGU0002_1_A;xxx.xxx.xxx.xxx;wdna_operator_vendor;cm_audit_mastercells;managed_object1,managed_object2,managed_object3;;
WIRELESS;MEX;SAMSUNG;RAN_4G;AUDIT;ID;LCELL;cell_id;MANAGED_OBJECT3;cell name;Nombre identificativo de la celda, etiqueta.;;;;string;;;;;;;;;;;;MLAGUAGU0002_1_A;xxx.xxx.xxx.xxx;wdna_operator_vendor;cm_audit_mastercells;managed_object1,managed_object2,managed_object3;;
WIRELESS;MEX;NOKIA;RAN_4G;AUDIT;ID;LCELL;cell_id;MANAGED_OBJECT3;cell name;Nombre identificativo de la celda, etiqueta.;;;;string;;;;;;;;;;;;MLAGUAGU0002_1_A;xxx.xxx.xxx.xxx;wdna_operator_vendor;cm_audit_mastercells;managed_object1,managed_object2,managed_object3;;
WIRELESS;MEX;HUAWEI;RAN_3G;AUDIT;ID;UCELL;cell_id;MANAGED_OBJECT3;Cell id;Nombre identificativo de la celda, etiqueta.;;;;string;;;;;;;;;;;;MUAGUAGU0002_1_H;xxx.xxx.xxx.xxx;wdna_operator_vendor;cm_audit_mastercells;managed_object1,managed_object2,managed_object3;;
WIRELESS;MEX;ERICSSON;RAN_3G;AUDIT;ID;UCELL;cell_id;MANAGED_OBJECT3;Cell id;Nombre identificativo de la celda, etiqueta.;;;;string;;;;;;;;;;;;EMUBCNMXC0071_1_H;xxx.xxx.xxx.xxx;wdna_operator_vendor;cm_audit_mastercells;managed_object1,managed_object2,managed_object3;;
WIRELESS;MEX;NOKIA;RAN_3G;AUDIT;ID;UCELL;cell_id;MANAGED_OBJECT3;Cell id;Nombre identificativo de la celda, etiqueta.;;;;string;;;;;;;;;;;;NMUBCNMXC0071_1_H;xxx.xxx.xxx.xxx;wdna_operator_vendor;cm_audit_mastercells;managed_object1,managed_object2,managed_object3;;
WIRELESS;MEX;HUAWEI;RAN_4G;AUDIT;DATE;LCELL;date;DATE;DATE;Fecha, estructura básica AÑO-MES-DIA;;;;date;;;;;;;;;;;;;xxx.xxx.xxx.xxx;wdna_operator_vendor;cm_audit_mastercells;managed_object1,managed_object2,managed_object3;;
WIRELESS;MEX;HUAWEI;RAN_4G;AUDIT;LOCATION;LCELL;node_location;RBS_NAME;Nombre emplazamiento;Nombre del emplazamiento AT&T (American Telephone and Telegraph);;;;string;;;;;;;;;;;;AGUASCALIENTES;xxx.xxx.xxx.xxx;wdna_operator_vendor;cm_audit_mastercells;managed_object1,managed_object2,managed_object3;;
WIRELESS;MEX;ERICSSON;RAN_4G;AUDIT;LOCATION;LCELL;node_location;RBS_NAME;Nombre emplazamiento;Nombre del emplazamiento AT&T (American Telephone and Telegraph);;;;string;;;;;;;;;;;;AGUASCALIENTES;xxx.xxx.xxx.xxx;wdna_operator_vendor;cm_audit_mastercells;managed_object1,managed_object2,managed_object3;;
WIRELESS;MEX;SAMSUNG;RAN_4G;AUDIT;LOCATION;LCELL;node_location;RBS_NAME;Nombre emplazamiento;Nombre del emplazamiento AT&T (American Telephone and Telegraph);;;;string;;;;;;;;;;;;AGUASCALIENTES;xxx.xxx.xxx.xxx;wdna_operator_vendor;cm_audit_mastercells;managed_object1,managed_object2,managed_object3;;
WIRELESS;MEX;NOKIA;RAN_4G;AUDIT;LOCATION;LCELL;node_location;RBS_NAME;Nombre emplazamiento;Nombre del emplazamiento AT&T (American Telephone and Telegraph);;;;string;;;;;;;;;;;;AGUASCALIENTES;xxx.xxx.xxx.xxx;wdna_operator_vendor;cm_audit_mastercells;managed_object1,managed_object2,managed_object3;;
WIRELESS;MEX;HUAWEI;RAN_3G;AUDIT;LOCATION;UCELL;node_location;RBS_NAME;;Nombre del emplazamiento AT&T (American Telephone and Telegraph);;;;string;;;;;;;;;;;;AGUASCALIENTES;xxx.xxx.xxx.xxx;wdna_operator_vendor;cm_audit_mastercells;managed_object1,managed_object2,managed_object3;;
WIRELESS;MEX;ERICSSON;RAN_3G;AUDIT;LOCATION;UCELL;node_location;RBS_NAME;;Nombre del emplazamiento AT&T (American Telephone and Telegraph);;;;string;;;;;;;;;;;;AGUASCALIENTES;xxx.xxx.xxx.xxx;wdna_operator_vendor;cm_audit_mastercells;managed_object1,managed_object2,managed_object3;;
WIRELESS;MEX;NOKIA;RAN_3G;AUDIT;LOCATION;UCELL;node_location;RBS_NAME;;Nombre del emplazamiento AT&T (American Telephone and Telegraph);;;;string;;;;;;;;;;;;AGUASCALIENTES;xxx.xxx.xxx.xxx;wdna_operator_vendor;cm_audit_mastercells;managed_object1,managed_object2,managed_object3;;
WIRELESS;MEX;HUAWEI;RAN_4G;AUDIT;LOCATION;LCELL;CLUSTER;CLUSTER;CLUSTER;Agrupación de elementos en estudio;;;;string;;;;;;;;;;;;AGUASCALIENTES;xxx.xxx.xxx.xxx;wdna_operator_vendor;cm_audit_mastercells;managed_object1,managed_object2,managed_object3;;
WIRELESS;MEX;ERICSSON;RAN_4G;AUDIT;LOCATION;LCELL;CLUSTER;CLUSTER;CLUSTER;Agrupación de elementos en estudio;;;;string;;;;;;;;;;;;AGUASCALIENTES;xxx.xxx.xxx.xxx;wdna_operator_vendor;cm_audit_mastercells;managed_object1,managed_object2,managed_object3;;
WIRELESS;MEX;SAMSUNG;RAN_4G;AUDIT;LOCATION;LCELL;CLUSTER;CLUSTER;CLUSTER;Agrupación de elementos en estudio;;;;string;;;;;;;;;;;;AGUASCALIENTES;xxx.xxx.xxx.xxx;wdna_operator_vendor;cm_audit_mastercells;managed_object1,managed_object2,managed_object3;;
WIRELESS;MEX;NOKIA;RAN_4G;AUDIT;LOCATION;LCELL;CLUSTER;CLUSTER;CLUSTER;Agrupación de elementos en estudio;;;;string;;;;;;;;;;;;AGUASCALIENTES;xxx.xxx.xxx.xxx;wdna_operator_vendor;cm_audit_mastercells;managed_object1,managed_object2,managed_object3;;
WIRELESS;MEX;HUAWEI;RAN_3G;AUDIT;LOCATION;UCELL;CLUSTER;CLUSTER;;Agrupación de elementos en estudio;;;;string;;;;;;;;;;;;AGUASCALIENTES;xxx.xxx.xxx.xxx;wdna_operator_vendor;cm_audit_mastercells;managed_object1,managed_object2,managed_object3;;
WIRELESS;MEX;ERICSSON;RAN_3G;AUDIT;LOCATION;UCELL;CLUSTER;CLUSTER;;Agrupación de elementos en estudio;;;;string;;;;;;;;;;;;AGUASCALIENTES;xxx.xxx.xxx.xxx;wdna_operator_vendor;cm_audit_mastercells;managed_object1,managed_object2,managed_object3;;
WIRELESS;MEX;NOKIA;RAN_3G;AUDIT;LOCATION;UCELL;CLUSTER;CLUSTER;;Agrupación de elementos en estudio;;;;string;;;;;;;;;;;;AGUASCALIENTES;xxx.xxx.xxx.xxx;wdna_operator_vendor;cm_audit_mastercells;managed_object1,managed_object2,managed_object3;;
WIRELESS;MEX;HUAWEI;RAN_4G;AUDIT;LOCATION;LCELL;REGION;REGION;Region;Agrupación de provincias custom del operador. ;;;;string;;;;;;;;;;;;PACIFIC;xxx.xxx.xxx.xxx;wdna_operator_vendor;cm_audit_mastercells;managed_object1,managed_object2,managed_object3;;
WIRELESS;MEX;ERICSSON;RAN_4G;AUDIT;LOCATION;LCELL;REGION;REGION;Region;Agrupación de provincias custom del operador. ;;;;string;;;;;;;;;;;;PACIFIC;xxx.xxx.xxx.xxx;wdna_operator_vendor;cm_audit_mastercells;managed_object1,managed_object2,managed_object3;;
WIRELESS;MEX;SAMSUNG;RAN_4G;AUDIT;LOCATION;LCELL;REGION;REGION;Region;Agrupación de provincias custom del operador. ;;;;string;;;;;;;;;;;;PACIFIC;xxx.xxx.xxx.xxx;wdna_operator_vendor;cm_audit_mastercells;managed_object1,managed_object2,managed_object3;;
WIRELESS;MEX;NOKIA;RAN_4G;AUDIT;LOCATION;LCELL;REGION;REGION;Region;Agrupación de provincias custom del operador. ;;;;string;;;;;;;;;;;;PACIFIC;xxx.xxx.xxx.xxx;wdna_operator_vendor;cm_audit_mastercells;managed_object1,managed_object2,managed_object3;;
WIRELESS;MEX;HUAWEI;RAN_3G;AUDIT;LOCATION;UCELL;REGION;REGION;;Agrupación de provincias custom del operador. ;;;;string;;;;;;;;;;;;PACIFIC;xxx.xxx.xxx.xxx;wdna_operator_vendor;cm_audit_mastercells;managed_object1,managed_object2,managed_object3;;
WIRELESS;MEX;ERICSSON;RAN_3G;AUDIT;LOCATION;UCELL;REGION;REGION;;Agrupación de provincias custom del operador. ;;;;string;;;;;;;;;;;;PACIFIC;xxx.xxx.xxx.xxx;wdna_operator_vendor;cm_audit_mastercells;managed_object1,managed_object2,managed_object3;;
WIRELESS;MEX;NOKIA;RAN_3G;AUDIT;LOCATION;UCELL;REGION;REGION;;Agrupación de provincias custom del operador. ;;;;string;;;;;;;;;;;;PACIFIC;xxx.xxx.xxx.xxx;wdna_operator_vendor;cm_audit_mastercells;managed_object1,managed_object2,managed_object3;;
WIRELESS;MEX;HUAWEI;RAN_4G;AUDIT;LOCATION;LCELL;PROVINCE;PROVINCE;Province;Provincia. Agrupación de municipios;;;;string;;;;;;;;;;;;AGUASCALIENTES;xxx.xxx.xxx.xxx;wdna_operator_vendor;cm_audit_mastercells;managed_object1,managed_object2,managed_object3;;
WIRELESS;MEX;ERICSSON;RAN_4G;AUDIT;LOCATION;LCELL;PROVINCE;PROVINCE;Province;Provincia. Agrupación de municipios;;;;string;;;;;;;;;;;;AGUASCALIENTES;xxx.xxx.xxx.xxx;wdna_operator_vendor;cm_audit_mastercells;managed_object1,managed_object2,managed_object3;;
WIRELESS;MEX;SAMSUNG;RAN_4G;AUDIT;LOCATION;LCELL;PROVINCE;PROVINCE;Province;Provincia. Agrupación de municipios;;;;string;;;;;;;;;;;;AGUASCALIENTES;xxx.xxx.xxx.xxx;wdna_operator_vendor;cm_audit_mastercells;managed_object1,managed_object2,managed_object3;;
WIRELESS;MEX;NOKIA;RAN_4G;AUDIT;LOCATION;LCELL;PROVINCE;PROVINCE;Province;Provincia. Agrupación de municipios;;;;string;;;;;;;;;;;;AGUASCALIENTES;xxx.xxx.xxx.xxx;wdna_operator_vendor;cm_audit_mastercells;managed_object1,managed_object2,managed_object3;;
WIRELESS;MEX;HUAWEI;RAN_3G;AUDIT;LOCATION;UCELL;PROVINCE;PROVINCE;;Provincia;;;;string;;;;;;;;;;;;AGUASCALIENTES;xxx.xxx.xxx.xxx;wdna_operator_vendor;cm_audit_mastercells;managed_object1,managed_object2,managed_object3;;
WIRELESS;MEX;ERICSSON;RAN_3G;AUDIT;LOCATION;UCELL;PROVINCE;PROVINCE;;Provincia;;;;string;;;;;;;;;;;;AGUASCALIENTES;xxx.xxx.xxx.xxx;wdna_operator_vendor;cm_audit_mastercells;managed_object1,managed_object2,managed_object3;;
WIRELESS;MEX;NOKIA;RAN_3G;AUDIT;LOCATION;UCELL;PROVINCE;PROVINCE;;Provincia;;;;string;;;;;;;;;;;;AGUASCALIENTES;xxx.xxx.xxx.xxx;wdna_operator_vendor;cm_audit_mastercells;managed_object1,managed_object2,managed_object3;;
WIRELESS;MEX;HUAWEI;RAN_4G;AUDIT;LOCATION;LCELL;MUNICIPALITY;MUNICIPALITY;Municipality;Municipio. Area geográfica donde se encuentra ubicado el NE (Network Element) en estudio. En este caso a nivel de celda LTE;;;;string;;;;;;;;;;;;AGUASCALIENTES;xxx.xxx.xxx.xxx;wdna_operator_vendor;cm_audit_mastercells;managed_object1,managed_object2,managed_object3;;
WIRELESS;MEX;ERICSSON;RAN_4G;AUDIT;LOCATION;LCELL;MUNICIPALITY;MUNICIPALITY;Municipality;Municipio. Area geográfica donde se encuentra ubicado el NE (Network Element) en estudio. En este caso a nivel de celda LTE;;;;string;;;;;;;;;;;;AGUASCALIENTES;xxx.xxx.xxx.xxx;wdna_operator_vendor;cm_audit_mastercells;managed_object1,managed_object2,managed_object3;;
WIRELESS;MEX;SAMSUNG;RAN_4G;AUDIT;LOCATION;LCELL;MUNICIPALITY;MUNICIPALITY;Municipality;Municipio. Area geográfica donde se encuentra ubicado el NE (Network Element) en estudio. En este caso a nivel de celda LTE;;;;string;;;;;;;;;;;;AGUASCALIENTES;xxx.xxx.xxx.xxx;wdna_operator_vendor;cm_audit_mastercells;managed_object1,managed_object2,managed_object3;;
WIRELESS;MEX;NOKIA;RAN_4G;AUDIT;LOCATION;LCELL;MUNICIPALITY;MUNICIPALITY;Municipality;Municipio. Area geográfica donde se encuentra ubicado el NE (Network Element) en estudio. En este caso a nivel de celda LTE;;;;string;;;;;;;;;;;;AGUASCALIENTES;xxx.xxx.xxx.xxx;wdna_operator_vendor;cm_audit_mastercells;managed_object1,managed_object2,managed_object3;;
WIRELESS;MEX;HUAWEI;RAN_3G;AUDIT;LOCATION;UCELL;MUNICIPALITY;MUNICIPALITY;;Municipio;;;;string;;;;;;;;;;;;AGUASCALIENTES;xxx.xxx.xxx.xxx;wdna_operator_vendor;cm_audit_mastercells;managed_object1,managed_object2,managed_object3;;
WIRELESS;MEX;ERICSSON;RAN_3G;AUDIT;LOCATION;UCELL;MUNICIPALITY;MUNICIPALITY;;Municipio;;;;string;;;;;;;;;;;;AGUASCALIENTES;xxx.xxx.xxx.xxx;wdna_operator_vendor;cm_audit_mastercells;managed_object1,managed_object2,managed_object3;;
WIRELESS;MEX;NOKIA;RAN_3G;AUDIT;LOCATION;UCELL;MUNICIPALITY;MUNICIPALITY;;Municipio;;;;string;;;;;;;;;;;;AGUASCALIENTES;xxx.xxx.xxx.xxx;wdna_operator_vendor;cm_audit_mastercells;managed_object1,managed_object2,managed_object3;;
WIRELESS;MEX;HUAWEI;RAN_4G;AUDIT;LOCATION;LCELL;CITY;CITY;City;Ciudad;;;;string;;;;;;;;;;;;AGUASCALIENTES;xxx.xxx.xxx.xxx;wdna_operator_vendor;cm_audit_mastercells;managed_object1,managed_object2,managed_object3;;
WIRELESS;MEX;ERICSSON;RAN_4G;AUDIT;LOCATION;LCELL;CITY;CITY;City;Ciudad;;;;string;;;;;;;;;;;;AGUASCALIENTES;xxx.xxx.xxx.xxx;wdna_operator_vendor;cm_audit_mastercells;managed_object1,managed_object2,managed_object3;;
WIRELESS;MEX;SAMSUNG;RAN_4G;AUDIT;LOCATION;LCELL;CITY;CITY;City;Ciudad;;;;string;;;;;;;;;;;;AGUASCALIENTES;xxx.xxx.xxx.xxx;wdna_operator_vendor;cm_audit_mastercells;managed_object1,managed_object2,managed_object3;;
WIRELESS;MEX;NOKIA;RAN_4G;AUDIT;LOCATION;LCELL;CITY;CITY;City;Ciudad;;;;string;;;;;;;;;;;;AGUASCALIENTES;xxx.xxx.xxx.xxx;wdna_operator_vendor;cm_audit_mastercells;managed_object1,managed_object2,managed_object3;;
WIRELESS;MEX;HUAWEI;RAN_3G;AUDIT;LOCATION;UCELL;CITY;CITY;City;Ciudad;;;;string;;;;;;;;;;;;AGUASCALIENTES;xxx.xxx.xxx.xxx;wdna_operator_vendor;cm_audit_mastercells;managed_object1,managed_object2,managed_object3;;
WIRELESS;MEX;ERICSSON;RAN_3G;AUDIT;LOCATION;UCELL;CITY;CITY;City;Ciudad;;;;string;;;;;;;;;;;;AGUASCALIENTES;xxx.xxx.xxx.xxx;wdna_operator_vendor;cm_audit_mastercells;managed_object1,managed_object2,managed_object3;;
WIRELESS;MEX;NOKIA;RAN_3G;AUDIT;LOCATION;UCELL;CITY;CITY;City;Ciudad;;;;string;;;;;;;;;;;;AGUASCALIENTES;xxx.xxx.xxx.xxx;wdna_operator_vendor;cm_audit_mastercells;managed_object1,managed_object2,managed_object3;;
WIRELESS;MEX;HUAWEI;RAN_4G;AUDIT;CONFIGURATION;LCELL;IP;IP;Internet Protocol;Internet Protocol;;;;string;;;;;;;;;;;;102.51.198.155;xxx.xxx.xxx.xxx;wdna_operator_vendor;cm_audit_mastercells;managed_object1,managed_object2,managed_object3;;
WIRELESS;MEX;ERICSSON;RAN_4G;AUDIT;CONFIGURATION;LCELL;IP;IP;Internet Protocol;Internet Protocol;;;;string;;;;;;;;;;;;102.51.198.155;xxx.xxx.xxx.xxx;wdna_operator_vendor;cm_audit_mastercells;managed_object1,managed_object2,managed_object3;;
WIRELESS;MEX;SAMSUNG;RAN_4G;AUDIT;CONFIGURATION;LCELL;IP;IP;Internet Protocol;Internet Protocol;;;;string;;;;;;;;;;;;102.51.198.155;xxx.xxx.xxx.xxx;wdna_operator_vendor;cm_audit_mastercells;managed_object1,managed_object2,managed_object3;;
WIRELESS;MEX;NOKIA;RAN_4G;AUDIT;CONFIGURATION;LCELL;IP;IP;Internet Protocol;Internet Protocol;;;;string;;;;;;;;;;;;102.51.198.155;xxx.xxx.xxx.xxx;wdna_operator_vendor;cm_audit_mastercells;managed_object1,managed_object2,managed_object3;;
WIRELESS;MEX;HUAWEI;RAN_3G;AUDIT;CONFIGURATION;UCELL;IP;IP;;Internet Protocol;;;;string;;;;;;;;;;;;10.251.198.155;xxx.xxx.xxx.xxx;wdna_operator_vendor;cm_audit_mastercells;managed_object1,managed_object2,managed_object3;;
WIRELESS;MEX;ERICSSON;RAN_3G;AUDIT;CONFIGURATION;UCELL;IP;IP;;Internet Protocol;;;;string;;;;;;;;;;;;10.251.198.155;xxx.xxx.xxx.xxx;wdna_operator_vendor;cm_audit_mastercells;managed_object1,managed_object2,managed_object3;;
WIRELESS;MEX;NOKIA;RAN_3G;AUDIT;CONFIGURATION;UCELL;IP;IP;;Internet Protocol;;;;string;;;;;;;;;;;;10.251.198.155;xxx.xxx.xxx.xxx;wdna_operator_vendor;cm_audit_mastercells;managed_object1,managed_object2,managed_object3;;
WIRELESS;MEX;HUAWEI;RAN_4G;AUDIT;LOCATION;LCELL;longitude;LONG_WGS84;Geographics longitude;Longitud geográfica;;;;float;;6;;;-180 to 180;;;;;;;-102.269.997;xxx.xxx.xxx.xxx;wdna_operator_vendor;cm_audit_mastercells;managed_object1,managed_object2,managed_object3;;
WIRELESS;MEX;ERICSSON;RAN_4G;AUDIT;LOCATION;LCELL;longitude;LONG_WGS84;Geographics longitude;Longitud geográfica;;;;float;;6;;;-180 to 180;;;;;;;-102.269.997;xxx.xxx.xxx.xxx;wdna_operator_vendor;cm_audit_mastercells;managed_object1,managed_object2,managed_object3;;
WIRELESS;MEX;SAMSUNG;RAN_4G;AUDIT;LOCATION;LCELL;longitude;LONG_WGS84;Geographics longitude;Longitud geográfica;;;;float;;6;;;-180 to 180;;;;;;;-102.269.997;xxx.xxx.xxx.xxx;wdna_operator_vendor;cm_audit_mastercells;managed_object1,managed_object2,managed_object3;;
WIRELESS;MEX;NOKIA;RAN_4G;AUDIT;LOCATION;LCELL;longitude;LONG_WGS84;Geographics longitude;Longitud geográfica;;;;float;;6;;;-180 to 180;;;;;;;-102.269.997;xxx.xxx.xxx.xxx;wdna_operator_vendor;cm_audit_mastercells;managed_object1,managed_object2,managed_object3;;
WIRELESS;MEX;HUAWEI;RAN_3G;AUDIT;LOCATION;UCELL;longitude;LONG_WGS84;Geographics longitude;Longitud geográfica;;;;float;;6;;;-180 to 180;;;;;;;-102.269.997;xxx.xxx.xxx.xxx;wdna_operator_vendor;cm_audit_mastercells;managed_object1,managed_object2,managed_object3;;
WIRELESS;MEX;ERICSSON;RAN_3G;AUDIT;LOCATION;UCELL;longitude;LONG_WGS84;Geographics longitude;Longitud geográfica;;;;float;;6;;;-180 to 180;;;;;;;-102.269.997;xxx.xxx.xxx.xxx;wdna_operator_vendor;cm_audit_mastercells;managed_object1,managed_object2,managed_object3;;
WIRELESS;MEX;NOKIA;RAN_3G;AUDIT;LOCATION;UCELL;longitude;LONG_WGS84;Geographics longitude;Longitud geográfica;;;;float;;6;;;-180 to 180;;;;;;;-102.269.997;xxx.xxx.xxx.xxx;wdna_operator_vendor;cm_audit_mastercells;managed_object1,managed_object2,managed_object3;;
WIRELESS;MEX;HUAWEI;RAN_4G;AUDIT;LOCATION;LCELL;lattitude;LAT_WGS84;Geographics latitude;Latitud geográfica;;;;float;;6;;;-90 to 90;;;;;;;21,872722;xxx.xxx.xxx.xxx;wdna_operator_vendor;cm_audit_mastercells;managed_object1,managed_object2,managed_object3;;
WIRELESS;MEX;ERICSSON;RAN_4G;AUDIT;LOCATION;LCELL;lattitude;LAT_WGS84;Geographics latitude;Latitud geográfica;;;;float;;6;;;-90 to 90;;;;;;;21,872722;xxx.xxx.xxx.xxx;wdna_operator_vendor;cm_audit_mastercells;managed_object1,managed_object2,managed_object3;;
WIRELESS;MEX;SAMSUNG;RAN_4G;AUDIT;LOCATION;LCELL;lattitude;LAT_WGS84;Geographics latitude;Latitud geográfica;;;;float;;6;;;-90 to 90;;;;;;;21,872722;xxx.xxx.xxx.xxx;wdna_operator_vendor;cm_audit_mastercells;managed_object1,managed_object2,managed_object3;;
WIRELESS;MEX;NOKIA;RAN_4G;AUDIT;LOCATION;LCELL;lattitude;LAT_WGS84;Geographics latitude;Latitud geográfica;;;;float;;6;;;-90 to 90;;;;;;;21,872722;xxx.xxx.xxx.xxx;wdna_operator_vendor;cm_audit_mastercells;managed_object1,managed_object2,managed_object3;;
WIRELESS;MEX;HUAWEI;RAN_3G;AUDIT;LOCATION;UCELL;lattitude;LAT_WGS84;Geographics latitude;Latitud geográfica;;;;float;;6;;;-90 to 90;;;;;;;21,872722;xxx.xxx.xxx.xxx;wdna_operator_vendor;cm_audit_mastercells;managed_object1,managed_object2,managed_object3;;
WIRELESS;MEX;ERICSSON;RAN_3G;AUDIT;LOCATION;UCELL;lattitude;LAT_WGS84;Geographics latitude;Latitud geográfica;;;;float;;6;;;-90 to 90;;;;;;;21,872722;xxx.xxx.xxx.xxx;wdna_operator_vendor;cm_audit_mastercells;managed_object1,managed_object2,managed_object3;;
WIRELESS;MEX;NOKIA;RAN_3G;AUDIT;LOCATION;UCELL;lattitude;LAT_WGS84;Geographics latitude;Latitud geográfica;;;;float;;6;;;-90 to 90;;;;;;;21,872722;xxx.xxx.xxx.xxx;wdna_operator_vendor;cm_audit_mastercells;managed_object1,managed_object2,managed_object3;;
WIRELESS;MEX;HUAWEI;RAN_4G;AUDIT;CONFIGURATION;LCELL;TAC;TAC;Tracking Area Code;Tracking Area Code - Para movilidad y paging. Similar al LAC en 3G;;;;integer;;0;;;;;;;;;;6312;xxx.xxx.xxx.xxx;wdna_operator_vendor;cm_audit_mastercells;managed_object1,managed_object2,managed_object3;;
WIRELESS;MEX;ERICSSON;RAN_4G;AUDIT;CONFIGURATION;LCELL;TAC;TAC;Tracking Area Code;Tracking Area Code - Para movilidad y paging. Similar al LAC en 3G;;;;integer;;0;;;;;;;;;;6312;xxx.xxx.xxx.xxx;wdna_operator_vendor;cm_audit_mastercells;managed_object1,managed_object2,managed_object3;;
WIRELESS;MEX;SAMSUNG;RAN_4G;AUDIT;CONFIGURATION;LCELL;TAC;TAC;Tracking Area Code;Tracking Area Code - Para movilidad y paging. Similar al LAC en 3G;;;;Hexadecimal;;0;;;;;;;;;;18AA;xxx.xxx.xxx.xxx;wdna_operator_vendor;cm_audit_mastercells;managed_object1,managed_object2,managed_object3;;
WIRELESS;MEX;NOKIA;RAN_4G;AUDIT;CONFIGURATION;LCELL;TAC;TAC;Tracking Area Code;Tracking Area Code - Para movilidad y paging. Similar al LAC en 3G;;;;integer;;0;;;;;;;;;;6312;xxx.xxx.xxx.xxx;wdna_operator_vendor;cm_audit_mastercells;managed_object1,managed_object2,managed_object3;;
WIRELESS;MEX;HUAWEI;RAN_3G;AUDIT;CONFIGURATION;UCELL;LAC;LAC;;Location Area Code. Es un número de 16 bits que identifica una zona geográfica dentro de una red de telefonía móvil, agrupar varias celdas de transmisión de radio, y es fundamental para que el dispositivo móvil solicite actualizaciones de ubicación y para la llegada de llamadas entrantes. ;;;;integer;;0;;;1 to 65534;;;;;;;30755;xxx.xxx.xxx.xxx;wdna_operator_vendor;cm_audit_mastercells;managed_object1,managed_object2,managed_object3;;
WIRELESS;MEX;ERICSSON;RAN_3G;AUDIT;CONFIGURATION;UCELL;LAC;LAC;;Location Area Code. Es un número de 16 bits que identifica una zona geográfica dentro de una red de telefonía móvil, agrupar varias celdas de transmisión de radio, y es fundamental para que el dispositivo móvil solicite actualizaciones de ubicación y para la llegada de llamadas entrantes. ;;;;integer;;0;;;1 to 65534;;;;;;;30755;xxx.xxx.xxx.xxx;wdna_operator_vendor;cm_audit_mastercells;managed_object1,managed_object2,managed_object3;;
WIRELESS;MEX;NOKIA;RAN_3G;AUDIT;CONFIGURATION;UCELL;LAC;LAC;;Location Area Code. Es un número de 16 bits que identifica una zona geográfica dentro de una red de telefonía móvil, agrupar varias celdas de transmisión de radio, y es fundamental para que el dispositivo móvil solicite actualizaciones de ubicación y para la llegada de llamadas entrantes y SMS. ;;;;integer;;0;;;1 to 65534;;;;;;;30755;xxx.xxx.xxx.xxx;wdna_operator_vendor;cm_audit_mastercells;managed_object1,managed_object2,managed_object3;;
WIRELESS;MEX;HUAWEI;RAN_3G;PM;ID;UCELL;rnc_id;SUBNETWORK;;Nombre de la RNC;;;;string;;;;;;;;;;;;UAGUAGU0002;xxx.xxx.xxx.xxx;wdna_operator_vendor;PM_ALGO_CELL;subnetwork,rbs,label;;
WIRELESS;MEX;HUAWEI;RAN_3G;PM;ID;UCELL;unb_id;RBS;;Nombre del NodeB;;;;string;;;;;;;;;;;;UAGUAGU0002;xxx.xxx.xxx.xxx;wdna_operator_vendor;PM_ALGO_CELL;subnetwork,rbs,label;;
WIRELESS;MEX;HUAWEI;RAN_3G;PM;ID;UCELL;cell_id;LABEL;;Identificador de la celda;;;;string;;;;;;;;;;;;MUAGUAGU0002_1_H;xxx.xxx.xxx.xxx;wdna_operator_vendor;PM_ALGO_CELL;subnetwork,rbs,label;;
WIRELESS;MEX;ERICSSON;RAN_3G;PM;ID;UCELL;rnc_id;SUBNETWORK;;Nombre de la RNC;;;;string;;;;;;;;;;;;UAGUAGU0002;xxx.xxx.xxx.xxx;wdna_operator_vendor;PM_UTRANCELL;subnetwork,rbs,utrancell;;
WIRELESS;MEX;ERICSSON;RAN_3G;PM;ID;UCELL;unb_id;RBS;;Nombre del NodeB;;;;string;;;;;;;;;;;;UAGUAGU0002;xxx.xxx.xxx.xxx;wdna_operator_vendor;PM_UTRANCELL;subnetwork,rbs,utrancell;;
WIRELESS;MEX;ERICSSON;RAN_3G;PM;ID;UCELL;cell_id;UTRANCELL;;Identificador de la celda;;;;string;;;;;;;;;;;;EMUBCNMXC0071_1_H;xxx.xxx.xxx.xxx;wdna_operator_vendor;PM_UTRANCELL;subnetwork,rbs,utrancell;;
WIRELESS;MEX;ERICSSON;RAN_3G;PM;AVAILABILITY;UCELL;UNAVAILTIME;UNAVAILTIME;;Tiempo total de indisponibilidad de la celda (manual + automático).;;;;integer;;0;second;;;;;;;no;SUM(PM_UTRANCELL.PMCELLDOWNTIMEAUTO+PM_UTRANCELL.PMCELLDOWNTIMEMAN);;xxx.xxx.xxx.xxx;wdna_operator_vendor;PM_UTRANCELL;subnetwork,rbs,utrancell;;
WIRELESS;MEX;ERICSSON;RAN_4G;PM;ID;LCELL;enb_agg;SUBNETWORK;Enodeb aggregato;Enodeb aggregato;;;;string;;;;;;;;;;;;AGUAGU0002;xxx.xxx.xxx.xxx;wdna_operator_vendor;PM_EUTRANCELLFDD;subnetwork,mecontext,eutrancellfdd;;
WIRELESS;MEX;ERICSSON;RAN_4G;PM;ID;LCELL;enb_id;MECONTEXT;enodeb name;Nombre del eNodeB;;;;string;;;;;;;;;;;;AGUAGU0002;xxx.xxx.xxx.xxx;wdna_operator_vendor;PM_EUTRANCELLFDD;subnetwork,mecontext,eutrancellfdd;;
WIRELESS;MEX;ERICSSON;RAN_4G;PM;ID;LCELL;cell_id;EUTRANCELLFDD;cell name;Nombre identificativo de la celda, etiqueta.;;;;string;;;;;;;;;;;;MLAGUAGU0002_1_A;xxx.xxx.xxx.xxx;wdna_operator_vendor;PM_EUTRANCELLFDD;subnetwork,mecontext,eutrancellfdd;;
WIRELESS;MEX;ERICSSON;RAN_4G;PM;AVAILABILITY;LCELL;UNAVAILTIME;UNAVAILTIME;Indisponibilidad;Tiempo total de indisponibilidad de la celda (manual + automático).;;;;integer;;0;second;;;;;;;no;SUM(PM_EUTRANCELLFDD.PMCELLDOWNTIMEAUTO)+SUM(PM_EUTRANCELLFDD.PMCELLDOWNTIMEMAN);;xxx.xxx.xxx.xxx;wdna_operator_vendor;PM_EUTRANCELLFDD;subnetwork,mecontext,eutrancellfdd;;
WIRELESS;MEX;HUAWEI;RAN_3G;PM;AVAILABILITY;UCELL;UNAVAILTIME;UNAVAILTIME;;Tiempo total de indisponibilidad de la celda (manual + automático).;;;;integer;;0;second;;;;;;;no;SUM(PM_ALGO_CELL.VS_CELL_UNAVAILTIME_SYS+PM_ALGO_CELL.VS_CELL_UNAVAILTIME);;xxx.xxx.xxx.xxx;wdna_operator_vendor;PM_ALGO_CELL;subnetwork,rbs,label;;
WIRELESS;MEX;HUAWEI;RAN_4G;PM;AVAILABILITY;LCELL;UNAVAILTIME;UNAVAILTIME;Indisponibilidad;Tiempo total de indisponibilidad de la celda (manual + automático).;;;;integer;;0;second;;;;;;;no;SUM(PM_LTE_ALGO_CELL.L_CELL_UNAVAIL_DUR_SYS+PM_LTE_ALGO_CELL.L_CELL_UNAVAIL_DUR_MANUAL);;xxx.xxx.xxx.xxx;wdna_operator_vendor;PM_LTE_ALGO_CELL;subnetwork,enodeb_function_name,enodeb_id,cell_name;;
WIRELESS;MEX;SAMSUNG;RAN_4G;PM;ID;LCELL;enb_agg;NE_NAME;Enodeb aggregato;Enodeb aggregato;;;;string;;;;;;;;;;;;AGUAGU0002;xxx.xxx.xxx.xxx;wdna_operator_vendor;PM_CELL_UNAVAILABLE_TIME;ne_name,cell_name;;
WIRELESS;MEX;SAMSUNG;RAN_4G;PM;ID;LCELL;enb_id;NE_NAME;enodeb name;Nombre del eNodeB;;;;string;;;;;;;;;;;;AGUAGU0002;xxx.xxx.xxx.xxx;wdna_operator_vendor;PM_CELL_UNAVAILABLE_TIME;ne_name,cell_name;;
WIRELESS;MEX;SAMSUNG;RAN_4G;PM;ID;LCELL;cell_id;CELL_NAME;cell name;Nombre identificativo de la celda, etiqueta.;;;;string;;;;;;;;;;;;MLAGUAGU0002_1_A;xxx.xxx.xxx.xxx;wdna_operator_vendor;PM_CELL_UNAVAILABLE_TIME;ne_name,cell_name;;
WIRELESS;MEX;SAMSUNG;RAN_4G;PM;AVAILABILITY;LCELL;UNAVAILTIME;UNAVAILTIME;Indisponibilidad;Tiempo total que la celda estuvo no disponible;;;;integer;;0;second;;;;;;;no;SUM(PM_CELL_UNAVAILABLE_TIME.CELLUNAVAILABLETIMEDOWN + PM_CELL_UNAVAILABLE_TIME.CELLUNAVAILABLETIMEES);;xxx.xxx.xxx.xxx;wdna_operator_vendor;PM_CELL_UNAVAILABLE_TIME;ne_name,cell_name;;
WIRELESS;MEX;NOKIA;RAN_4G;PM;ID;LCELL;enb_agg;NE_NAME;Enodeb aggregato;Enodeb aggregato;;;;string;;;;;;;;;;;;AGUAGU0002;xxx.xxx.xxx.xxx;wdna_operator_vendor;PM_LTE_CELL_AVAIL;subnetwork,mrbts,lnbts,lncell,mcc,mnc,ne_name,cell_name;;
WIRELESS;MEX;NOKIA;RAN_4G;PM;ID;LCELL;enb_id;NE_NAME;enodeb name;Nombre del eNodeB;;;;string;;;;;;;;;;;;AGUAGU0002;xxx.xxx.xxx.xxx;wdna_operator_vendor;PM_LTE_CELL_AVAIL;subnetwork,mrbts,lnbts,lncell,mcc,mnc,ne_name,cell_name;;
WIRELESS;MEX;NOKIA;RAN_4G;PM;ID;LCELL;cell_id;CELL_NAME;cell name;Nombre identificativo de la celda, etiqueta.;;;;string;;;;;;;;;;;;MLAGUAGU0002_1_A;xxx.xxx.xxx.xxx;wdna_operator_vendor;PM_LTE_CELL_AVAIL;subnetwork,mrbts,lnbts,lncell,mcc,mnc,ne_name,cell_name;;
WIRELESS;MEX;NOKIA;RAN_4G;PM;AVAILABILITY;LCELL;UNAVAILTIME;UNAVAILTIME;Indisponibilidad;Tiempo total que la celda estuvo no disponible;;;;integer;;0;second;;;;;;;no;SUM(IFNULL(PM_LTE_CELL_AVAIL.SAMPLES_CELL_UNPLAN_UNAVAIL,0)+IFNULL(PM_LTE_CELL_AVAIL.SAMPLES_CELL_PLAN_UNAVAIL,0)-IFNULL(PM_LTE_CELL_AVAIL.SAMPLES_CELL_POWER_SAVING,0));;xxx.xxx.xxx.xxx;wdna_operator_vendor;PM_LTE_CELL_AVAIL;subnetwork,mrbts,lnbts,lncell,mcc,mnc,ne_name,cell_name;;
WIRELESS;MEX;NOKIA;RAN_3G;PM;ID;UCELL;rnc_id;SUBNETWORK;;Nombre de la RNC;;;;string;;;;;;;;;;;;UAGUAGU0002;xxx.xxx.xxx.xxx;wdna_operator_vendor;PM_CELL_RESOURCE;subnetwork,rnc,wbts,wcel,wbts,mcc,mnc;;
WIRELESS;MEX;NOKIA;RAN_3G;PM;ID;UCELL;unb_id;NE_NAME;;Nombre del NodeB;;;;string;;;;;;;;;;;;UAGUAGU0002;xxx.xxx.xxx.xxx;wdna_operator_vendor;PM_CELL_RESOURCE;subnetwork,rnc,wbts,wcel,wbts,mcc,mnc;;
WIRELESS;MEX;NOKIA;RAN_3G;PM;ID;UCELL;cell_id;CELL_NAME;;Identificador de la celda;;;;string;;;;;;;;;;;;NMUBCNMXC0071_1_H;xxx.xxx.xxx.xxx;wdna_operator_vendor;PM_CELL_RESOURCE;subnetwork,rnc,wbts,wcel,wbts,mcc,mnc;;
WIRELESS;MEX;NOKIA;RAN_3G;PM;AVAILABILITY;UCELL;UNAVAILTIME;UNAVAILTIME;;Tiempo total que la celda estuvo no disponible;;;;integer;;0;second;;;;;;;no;(SUM(IFNULL(PM_CELL_RESOURCE.AVAIL_WCELL_EXISTS_IN_RNW_DB,0)-IFNULL(PM_CELL_RESOURCE.AVAIL_WCELL_IN_WO_STATE,0)))*5;;xxx.xxx.xxx.xxx;wdna_operator_vendor;PM_CELL_RESOURCE;subnetwork,rnc,wbts,wcel,wbts,mcc,mnc;;
WIRELESS;MEX;ERICSSON;RAN_4G;PM;QoS;LCELL;ACC_RATE;ACC_RATE;Accesibilidad 4G;Tasa de accesibilidad E2E (End-to-End) de la red 4G, que mide la probabilidad global de que un usuario complete exitosamente todo el proceso de conexión desde la radio hasta el núcleo (Establecimiento RRC (acceso radio), establecimiento S1 (señalización entre eNodeB y MME) y establecimiento de E-RAB (bearer/servicio));;;;percentage;;2;%;;0 to 100;;;;;yes;100*(RRC_SUCCESS_ALL*ERAB_SUCCESS*S1_SUCCESS)/(RRC_ATTEMPTS_ALL*ERABS_ATTEMPTS*S1_ATTEMPTS);85.56;xxx.xxx.xxx.xxx;wdna_operator_vendor;PM_EUTRANCELLFDD;subnetwork,mecontext,eutrancellfdd;;
WIRELESS;MEX;HUAWEI;RAN_4G;PM;QoS;LCELL;ACC_RATE;ACC_RATE;Accesibilidad 4G;Tasa de accesibilidad E2E (End-to-End) de la red 4G, que mide la probabilidad global de que un usuario complete exitosamente todo el proceso de conexión desde la radio hasta el núcleo (Establecimiento RRC (acceso radio), establecimiento S1 (señalización entre eNodeB y MME) y establecimiento de E-RAB (bearer/servicio));;;;percentage;;2;%;;0 to 100;;;;;yes;100*(RRC_SUCCESS_ALL*ERAB_SUCCESS*S1_SUCCESS)/(RRC_ATTEMPTS_ALL*ERABS_ATTEMPTS*S1_ATTEMPTS);85.56;xxx.xxx.xxx.xxx;wdna_operator_vendor;PM_LTE_RRC_SETUP_CELL,PM_ERAB_EST_CELL;subnetwork,enodeb_function_name,enodeb_id,cell_name;;
WIRELESS;MEX;SAMSUNG;RAN_4G;PM;QoS;LCELL;ACC_RATE;ACC_RATE;Accesibilidad 4G;Tasa de accesibilidad E2E (End-to-End) de la red 4G, que mide la probabilidad global de que un usuario complete exitosamente todo el proceso de conexión desde la radio hasta el núcleo (Establecimiento RRC (acceso radio), establecimiento S1 (señalización entre eNodeB y MME) y establecimiento de E-RAB (bearer/servicio));;;;percentage;;2;%;;0 to 100;;;;;yes;100*(RRC_SUCCESS_ALL*ERAB_SUCCESS*S1_SUCCESS)/(RRC_ATTEMPTS_ALL*ERABS_ATTEMPTS*S1_ATTEMPTS);85.56;xxx.xxx.xxx.xxx;wdna_operator_vendor;PM_RRC_CONNECTION_ESTABLISHMENT_T,PM_UEASSOCIATED_LOGICAL_S1_CONNECTION_ESTABLISHMENT_T,PM_ERAB_SETUP_T,PM_ERAB_SETUP_ADD_T;ne_name,cell_name;;
WIRELESS;MEX;NOKIA;RAN_4G;PM;QoS;LCELL;ACC_RATE;ACC_RATE;Accesibilidad 4G;Tasa de accesibilidad E2E (End-to-End) de la red 4G, que mide la probabilidad global de que un usuario complete exitosamente todo el proceso de conexión desde la radio hasta el núcleo (Establecimiento RRC (acceso radio), establecimiento S1 (señalización entre eNodeB y MME) y establecimiento de E-RAB (bearer/servicio));;;;percentage;;2;%;;0 to 100;;;;;yes;100*(RRC_SUCCESS_ALL*ERAB_SUCCESS*S1_SUCCESS)/(RRC_ATTEMPTS_ALL*ERABS_ATTEMPTS*S1_ATTEMPTS);85.56;xxx.xxx.xxx.xxx;wdna_operator_vendor;PM_LTE_UE_STATE,PM_LTE_EPS_BEARER;subnetwork,mrbts,lnbts,lncell,mcc,mnc,ne_name,cell_name;;
WIRELESS;MEX;ERICSSON;RAN_4G;PM;QoS;LCELL;RETAINABILITY;RETAINABILITY;Tasa de Retenibilidad;Porcentaje de sesiones ERAB que fueron retenidas exitosamente, es decir, no liberadas por causas anormales. Si RETAINABILITY < 100%, indica que hubo liberaciones anormales, y por tanto, problemas de estabilidad. Es la misma lógica que usamos en 3G para PS_RETAINABILITY y VOICE_RETAINABILITY, solo que aplicada a 4G (ERAB).;;;;percentage;;2;%;;0 to 100;;;;;yes;100*(1-RETAINABILITY_NUM/RETAINABILITY_DENOM);85.56;xxx.xxx.xxx.xxx;wdna_operator_vendor;PM_EUTRANCELLFDD;subnetwork,mecontext,eutrancellfdd;;
WIRELESS;MEX;HUAWEI;RAN_4G;PM;QoS;LCELL;RETAINABILITY;RETAINABILITY;Tasa de Retenibilidad;Porcentaje de sesiones ERAB que fueron retenidas exitosamente, es decir, no liberadas por causas anormales. Si RETAINABILITY < 100%, indica que hubo liberaciones anormales, y por tanto, problemas de estabilidad. Es la misma lógica que usamos en 3G para PS_RETAINABILITY y VOICE_RETAINABILITY, solo que aplicada a 4G (ERAB).;;;;percentage;;2;%;;0 to 100;;;;;yes;100*(1-RETAINABILITY_NUM/RETAINABILITY_DENOM);85.56;xxx.xxx.xxx.xxx;wdna_operator_vendor;PM_ERAB_REL_CELL;subnetwork,enodeb_function_name,enodeb_id,cell_name;;
WIRELESS;MEX;SAMSUNG;RAN_4G;PM;QoS;LCELL;RETAINABILITY;RETAINABILITY;Tasa de Retenibilidad;Porcentaje de sesiones ERAB que fueron retenidas exitosamente, es decir, no liberadas por causas anormales. Si RETAINABILITY < 100%, indica que hubo liberaciones anormales, y por tanto, problemas de estabilidad. Es la misma lógica que usamos en 3G para PS_RETAINABILITY y VOICE_RETAINABILITY, solo que aplicada a 4G (ERAB).;;;;percentage;;2;%;;0 to 100;;;;;yes;100*(1-RETAINABILITY_NUM/RETAINABILITY_DENOM);85.56;xxx.xxx.xxx.xxx;wdna_operator_vendor;PM_ERAB_RELEASE_BY_MME_PER_CELL,PM_ERAB_RELEASE_BY_ENB_PER_CELL;ne_name,cell_name;;
WIRELESS;MEX;NOKIA;RAN_4G;PM;QoS;LCELL;RETAINABILITY;RETAINABILITY;Tasa de Retenibilidad;Porcentaje de sesiones ERAB que fueron retenidas exitosamente, es decir, no liberadas por causas anormales. Si RETAINABILITY < 100%, indica que hubo liberaciones anormales, y por tanto, problemas de estabilidad. Es la misma lógica que usamos en 3G para PS_RETAINABILITY y VOICE_RETAINABILITY, solo que aplicada a 4G (ERAB).;;;;percentage;;2;%;;0 to 100;;;;;yes;100*(1-RETAINABILITY_NUM/RETAINABILITY_DENOM);85.56;xxx.xxx.xxx.xxx;wdna_operator_vendor;PM_LTE_EPS_BEARER;subnetwork,mrbts,lnbts,lncell,mcc,mnc,ne_name,cell_name;;
WIRELESS;MEX;HUAWEI;RAN_4G;PM;QoS;LCELL;RETAINABILITY_DENOM;RETAINABILITY_DENOM;Número Retenibilidad ERAB liberadas;Total de portadoras ERAB (bearers LTE) que fueron liberadas, ya sea por causas normales (fin de sesión, handover exitoso, detach) o anormales (fallos, pérdida de señal, congestión);;;;integer;;0;;;;;;;;no;SUM(PM_ERAB_REL_CELL.L_ERAB_NORMREL+PM_ERAB_REL_CELL.L_ERAB_ABNORMREL);;xxx.xxx.xxx.xxx;wdna_operator_vendor;PM_ERAB_REL_CELL;subnetwork,enodeb_function_name,enodeb_id,cell_name;;
WIRELESS;MEX;HUAWEI;RAN_4G;PM;QoS;LCELL;RETAINABILITY_NUM;RETAINABILITY_NUM;Fallos Retenibilidad ERAB ;Fallos de retención de sesiones ERAB, es decir, cuando una portadora de datos se libera por causas no deseadas (drops). Incluye liberaciones anormales y por reinicio S1;;;;integer;;0;;;;;;;;no;SUM(PM_ERAB_REL_CELL.L_ERAB_ABNORMREL+PM_ERAB_REL_CELL.L_ERAB_ABNORMREL_MME+PM_ERAB_REL_CELL.L_ERAB_REL_S1RESET_ENODEB+PM_ERAB_REL_CELL.L_ERAB_REL_S1RESET_MME);;xxx.xxx.xxx.xxx;wdna_operator_vendor;PM_ERAB_REL_CELL;subnetwork,enodeb_function_name,enodeb_id,cell_name;;
WIRELESS;MEX;HUAWEI;RAN_4G;PM;TRAFFIC;LCELL;TRAFFIC_D_USER_PS_GB;TRAFFIC_D_USER_PS_GB;Tráfico PS en DL (GB);Tráfico de usuario de datos en la red LTE (4G) en la capa PDCP, medido en Gigabytes (GB), tanto en Downlink (DL) como en Uplink (UL).;;;;float;;2;GB;;;;;;;no;ROUND((SUM(PM_TRAFFIC_THRUPUT_CELL.L_THRP_BITS_DL)+SUM(PM_TRAFFIC_THRUPUT_CELL.L_THRP_BITS_UL))/(8*1024*1024*1024),2);142.79;xxx.xxx.xxx.xxx;wdna_operator_vendor;PM_TRAFFIC_THRUPUT_CELL;subnetwork,enodeb_function_name,enodeb_id,cell_name;;
WIRELESS;MEX;ERICSSON;RAN_4G;PM;TRAFFIC;LCELL;TRAFFIC_D_USER_PS_GB;TRAFFIC_D_USER_PS_GB;Tráfico PS en DL (GB);Tráfico de usuario de datos en la red LTE (4G) en la capa PDCP, medido en Gigabytes (GB), tanto en Downlink (DL) como en Uplink (UL).;;;;float;;2;GB;;;;;;;no;ROUND( (SUM(PM_EUTRANCELLFDD.PMPDCPVOLDLDRB)+SUM(PM_EUTRANCELLFDD.PMPDCPVOLULDRB))*1000/(8*1024*1024*1024) ,2);142.79;xxx.xxx.xxx.xxx;wdna_operator_vendor;PM_EUTRANCELLFDD;subnetwork,mecontext,eutrancellfdd;;
WIRELESS;MEX;SAMSUNG;RAN_4G;PM;TRAFFIC;LCELL;TRAFFIC_D_USER_PS_GB;TRAFFIC_D_USER_PS_GB;Tráfico PS en DL (GB);Tráfico de usuario de datos en la red LTE (4G) en la capa PDCP, medido en Gigabytes (GB), tanto en Downlink (DL) como en Uplink (UL).;;;;float;;2;GB;;;;;;;no;ROUND((SUM(PM_PDCP_PACKET_T.ENBQCIDLBYTE_1 + PM_PDCP_PACKET_T.ENBQCIDLBYTE_2 + PM_PDCP_PACKET_T.ENBQCIDLBYTE_3 + PM_PDCP_PACKET_T.ENBQCIDLBYTE_4 + PM_PDCP_PACKET_T.ENBQCIDLBYTE_5 + PM_PDCP_PACKET_T.ENBQCIDLBYTE_6 + PM_PDCP_PACKET_T.ENBQCIDLBYTE_7 + PM_PDCP_PACKET_T.ENBQCIDLBYTE_8 + PM_PDCP_PACKET_T.ENBQCIDLBYTE_9 + PM_PDCP_PACKET_T.ENBQCIULBYTE_1 + PM_PDCP_PACKET_T.ENBQCIULBYTE_2 + PM_PDCP_PACKET_T.ENBQCIULBYTE_3 + PM_PDCP_PACKET_T.ENBQCIULBYTE_4 + PM_PDCP_PACKET_T.ENBQCIULBYTE_5 + PM_PDCP_PACKET_T.ENBQCIULBYTE_6 + PM_PDCP_PACKET_T.ENBQCIULBYTE_7 + PM_PDCP_PACKET_T.ENBQCIULBYTE_8 + PM_PDCP_PACKET_T.ENBQCIULBYTE_9)*1000/(1024*1024*1024)),2);142.79;xxx.xxx.xxx.xxx;wdna_operator_vendor;PM_PDCP_PACKET_T;ne_name,cell_name;;
WIRELESS;MEX;NOKIA;RAN_4G;PM;TRAFFIC;LCELL;TRAFFIC_D_USER_PS_GB;TRAFFIC_D_USER_PS_GB;Tráfico PS en DL (GB);Tráfico de usuario de datos en la red LTE (4G) en la capa PDCP, medido en Gigabytes (GB), tanto en Downlink (DL) como en Uplink (UL).;;;;float;;2;GB;;;;;;;no;ROUND(SUM(IFNULL(PM_LTE_CELL_THROUGHPUT.PDCP_SDU_VOL_DL,0)+IFNULL(PM_LTE_CELL_THROUGHPUT.PDCP_SDU_VOL_UL,0))/(1024*1024*1024),2);142.79;xxx.xxx.xxx.xxx;wdna_operator_vendor;PM_LTE_CELL_THROUGHPUT;subnetwork,mrbts,lnbts,lncell,mcc,mnc,ne_name,cell_name;;
WIRELESS;MEX;HUAWEI;RAN_3G;PM;TRAFFIC;UCELL;TRAFFIC_D_USER_PS_GB;TRAFFIC_D_USER_PS_GB;;Total de tráfico de usuario en PS (Packet Switched) en 3G (UMTS/HSPA) expresado en GB, consolidando HSDPA + HSUPA + R99 PS, agregando todo el tráfico de downlink y uplink;;;;float;;2;GB;;;;;;;no;SUM(PM_HSDPA_CELL.VS_HSDPA_MEANCHTHROUGHPUT_TOTALBYTES+PM_HSUPA_CELL.VS_HSUPA_MEANCHTHROUGHPUT_TOTALBYTES+((PM_THRUPUT_CELL.VS_PS_BKG_DL_8_TRAFFIC+PM_THRUPUT_CELL.VS_PS_BKG_DL_16_TRAFFIC+PM_THRUPUT_CELL.VS_PS_BKG_DL_32_TRAFFIC+PM_THRUPUT_CELL.VS_PS_BKG_DL_64_TRAFFIC+PM_THRUPUT_CELL.VS_PS_BKG_DL_128_TRAFFIC+PM_THRUPUT_CELL.VS_PS_BKG_DL_144_TRAFFIC+PM_THRUPUT_CELL.VS_PS_BKG_DL_256_TRAFFIC+PM_THRUPUT_CELL.VS_PS_BKG_DL_384_TRAFFIC+PM_THRUPUT_CELL.VS_PS_INT_DL_8_TRAFFIC+PM_THRUPUT_CELL.VS_PS_INT_DL_16_TRAFFIC+PM_THRUPUT_CELL.VS_PS_INT_DL_32_TRAFFIC+PM_THRUPUT_CELL.VS_PS_INT_DL_64_TRAFFIC+PM_THRUPUT_CELL.VS_PS_INT_DL_128_TRAFFIC+PM_THRUPUT_CELL.VS_PS_INT_DL_144_TRAFFIC+PM_THRUPUT_CELL.VS_PS_INT_DL_256_TRAFFIC+PM_THRUPUT_CELL.VS_PS_INT_DL_384_TRAFFIC+PM_THRUPUT_CELL.VS_PS_STR_DL_8_TRAFFIC+PM_THRUPUT_CELL.VS_PS_STR_DL_16_TRAFFIC+PM_THRUPUT_CELL.VS_PS_STR_DL_32_TRAFFIC+PM_THRUPUT_CELL.VS_PS_STR_DL_64_TRAFFIC+PM_THRUPUT_CELL.VS_PS_STR_DL_128_TRAFFIC+PM_THRUPUT_CELL.VS_PS_STR_DL_144_TRAFFIC+PM_THRUPUT_CELL.VS_PS_STR_DL_256_TRAFFIC+PM_THRUPUT_CELL.VS_PS_STR_DL_384_TRAFFIC+PM_THRUPUT_CELL.VS_PS_CONV_DL_TRAFFIC)/8)+((PM_THRUPUT_CELL.VS_PS_BKG_UL_8_TRAFFIC+PM_THRUPUT_CELL.VS_PS_BKG_UL_16_TRAFFIC+PM_THRUPUT_CELL.VS_PS_BKG_UL_32_TRAFFIC+PM_THRUPUT_CELL.VS_PS_BKG_UL_64_TRAFFIC+PM_THRUPUT_CELL.VS_PS_BKG_UL_128_TRAFFIC+PM_THRUPUT_CELL.VS_PS_BKG_UL_144_TRAFFIC+PM_THRUPUT_CELL.VS_PS_BKG_UL_256_TRAFFIC+PM_THRUPUT_CELL.VS_PS_BKG_UL_384_TRAFFIC+PM_THRUPUT_CELL.VS_PS_INT_UL_8_TRAFFIC+PM_THRUPUT_CELL.VS_PS_INT_UL_16_TRAFFIC+PM_THRUPUT_CELL.VS_PS_INT_UL_32_TRAFFIC+PM_THRUPUT_CELL.VS_PS_INT_UL_64_TRAFFIC+PM_THRUPUT_CELL.VS_PS_INT_UL_128_TRAFFIC+PM_THRUPUT_CELL.VS_PS_INT_UL_144_TRAFFIC+PM_THRUPUT_CELL.VS_PS_INT_UL_256_TRAFFIC+PM_THRUPUT_CELL.VS_PS_INT_UL_384_TRAFFIC+PM_THRUPUT_CELL.VS_PS_STR_UL_8_TRAFFIC+PM_THRUPUT_CELL.VS_PS_STR_UL_16_TRAFFIC+PM_THRUPUT_CELL.VS_PS_STR_UL_32_TRAFFIC+PM_THRUPUT_CELL.VS_PS_STR_UL_64_TRAFFIC+PM_THRUPUT_CELL.VS_PS_STR_UL_128_TRAFFIC+PM_THRUPUT_CELL.VS_PS_CONV_UL_TRAFFIC)/8)+PM_TRFFIC_CELL.VS_SRNCIUBBYTESPSFACH_TX+PM_TRFFIC_CELL.VS_SRNCIUBBYTESPSEFACH_TX+PM_TRFFIC_CELL.VS_SRNCIUBBYTESPSRACH_RX+PM_TRFFIC_CELL.VS_SRNCIUBBYTESPSERACH_RX)/(1024*1024*1024);142.79;xxx.xxx.xxx.xxx;wdna_operator_vendor;PM_HSDPA_CELL,PM_HSUPA_CELL,PM_THRUPUT_CELL,PM_TRFFIC_CELL;subnetwork,rbs,label;;
WIRELESS;MEX;ERICSSON;RAN_3G;PM;TRAFFIC;UCELL;TRAFFIC_D_USER_PS_GB;TRAFFIC_D_USER_PS_GB;;Total de tráfico de usuario en PS (Packet Switched) en 3G (UMTS/HSPA) expresado en GB, consolidando HSDPA + HSUPA + R99 PS, agregando todo el tráfico de downlink y uplink;;;;float;;2;GB;;;;;;;no;(SUM(PM_UTRANCELL.PMDLTRAFFICVOLUMEPSINTHS+PM_UTRANCELL.PMDLTRAFFICVOLUMEPSSTRHS+PM_UTRANCELL.PMULTRAFFICVOLUMEPSINTEUL+ PM_UTRANCELL.PMDLTRAFFICVOLUMEPS8+PM_UTRANCELL.PMDLTRAFFICVOLUMEPS16+ PM_UTRANCELL.PMDLTRAFFICVOLUMEPS64+ PM_UTRANCELL.PMDLTRAFFICVOLUMEPS128+PM_UTRANCELL.PMDLTRAFFICVOLUMEPS384+PM_UTRANCELL.PMDLTRAFFICVOLUMEPSSTR16+PM_UTRANCELL.PMDLTRAFFICVOLUMEPSSTR64+PM_UTRANCELL.PMDLTRAFFICVOLUMEPSSTR128+PM_UTRANCELL.PMULTRAFFICVOLUMEPS8+PM_UTRANCELL.PMULTRAFFICVOLUMEPS16+ PM_UTRANCELL.PMULTRAFFICVOLUMEPS64+PM_UTRANCELL.PMULTRAFFICVOLUMEPS128+PM_UTRANCELL.PMULTRAFFICVOLUMEPS384+ PM_UTRANCELL.PMULTRAFFICVOLUMEPSSTR16+PM_UTRANCELL.PMULTRAFFICVOLUMEPSSTR32+ PM_UTRANCELL.PMULTRAFFICVOLUMEPSSTR128 +PM_UTRANCELL.PMDLTRAFFICVOLUMEPSCOMMON+PM_UTRANCELL.PMULTRAFFICVOLUMEPSCOMMON+ PM_UTRANCELL.PMULTRAFFICVOLUMEPSINTEULFACH)*1000)/(8*1024*1024*1024);142.79;xxx.xxx.xxx.xxx;wdna_operator_vendor;PM_UTRANCELL;subnetwork,rbs,utrancell;;
WIRELESS;MEX;NOKIA;RAN_3G;PM;TRAFFIC;UCELL;TRAFFIC_D_USER_PS_GB;TRAFFIC_D_USER_PS_GB;;Total de tráfico de usuario en PS (Packet Switched) en 3G (UMTS/HSPA) expresado en GB, consolidando HSDPA + HSUPA + R99 PS, agregando todo el tráfico de downlink y uplink;;;;float;;2;GB;;;;;;;no;ROUND(((SUM(IFNULL(PM_HSDPA_WBTS.RECEIVED_HS_MACD_BITS,0)+((IFNULL(PM_CELL_THROUGHPUT_WBTS.MC_HSDPA_ORIG_DATA_PRI,0)+IFNULL(PM_CELL_THROUGHPUT_WBTS.MC_HSDPA_ORIG_DATA_SEC,0))*8))/(1024*1024*8))+(SUM(IFNULL(PM_CELL_THRPUT_R.NRT_DCH_DL_DATA_VOL,0)+IFNULL(PM_CELL_THRPUT_R.RT_PS_DCH_DL_DATA_VOL,0))/(1024*1024*1024)))+(SUM(IFNULL(PM_CELL_THRPUT_R.NRT_EDCH_UL_DATA_VOL,0)+IFNULL(PM_CELL_THRPUT_R.RT_E_DCH_UL_STREA_DATA,0)+IFNULL(PM_CELL_THRPUT_R.NRT_EDCH_EFACH_UL_DATA,0)+IFNULL(PM_CELL_THRPUT_R.NRT_DCH_UL_DATA_VOL,0)+IFNULL(PM_CELL_THRPUT_R.RT_PS_DCH_UL_DATA_VOL,0))/(1024*1024*1024)),2);142.79;xxx.xxx.xxx.xxx;wdna_operator_vendor;PM_HSDPA_WBTS,PM_CELL_THRPUT_R,PM_CELL_THROUGHPUT_WBTS;subnetwork,rnc,wbts,wcel,wbts,mcc,mnc;;
WIRELESS;MEX;ERICSSON;RAN_4G;PM;TRAFFIC;LCELL;THPT_USER_DL_KBPS_NUM;THPT_USER_DL_KBPS_NUM;Tráfico PS en DL;Cantidad total de datos descargados de usuario agregado en Downlink (DL) en una celda LTE usado como numerador de la fórmula THPT_USER_DL_KBPS;;;;float;;2;KB;;;;;;;no;SUM(PM_EUTRANCELLFDD.PMPDCPVOLDLDRB-PM_EUTRANCELLFDD.PMPDCPVOLDLDRBLASTTTI)*1000;;xxx.xxx.xxx.xxx;wdna_operator_vendor;PM_EUTRANCELLFDD;subnetwork,mecontext,eutrancellfdd;;
WIRELESS;MEX;HUAWEI;RAN_4G;PM;TRAFFIC;LCELL;THPT_USER_DL_KBPS_NUM;THPT_USER_DL_KBPS_NUM;Tráfico PS en DL;Cantidad total de datos descargados de usuario agregado en Downlink (DL) en una celda LTE usado como numerador de la fórmula THPT_USER_DL_KBPS;;;;float;;2;KB;;;;;;;no;SUM(PM_TRAFFIC_THRUPUT_CELL.L_THRP_BITS_DL -PM_TRAFFIC_THRUPUT_CELL.L_THRP_BITS_DL_LASTTTI);;xxx.xxx.xxx.xxx;wdna_operator_vendor;PM_TRAFFIC_THRUPUT_CELL;subnetwork,enodeb_function_name,enodeb_id,cell_name;;
WIRELESS;MEX;SAMSUNG;RAN_4G;PM;TRAFFIC;LCELL;THPT_USER_DL_KBPS_NUM;THPT_USER_DL_KBPS_NUM;Tráfico PS en DL;Cantidad total de datos descargados de usuario agregado en Downlink (DL) en una celda LTE usado como numerador de la fórmula THPT_USER_DL_KBPS;;;;float;;2;KB;;;;;;;no;8000*SUM(PM_PDCP_PACKET_T.PDCPVOLDLBYTE_5+PM_PDCP_PACKET_T.PDCPVOLDLBYTE_6+PM_PDCP_PACKET_T.PDCPVOLDLBYTE_7+PM_PDCP_PACKET_T.PDCPVOLDLBYTE_8+PM_PDCP_PACKET_T.PDCPVOLDLBYTE_9 + PM_AIR_RLC_PACKET_T.IPTHRUTHPVODLBYTE_1+PM_AIR_RLC_PACKET_T.IPTHRUTHPVODLBYTE_2+PM_AIR_RLC_PACKET_T.IPTHRUTHPVODLBYTE_3+PM_AIR_RLC_PACKET_T.IPTHRUTHPVODLBYTE_4);;xxx.xxx.xxx.xxx;wdna_operator_vendor;PM_PDCP_PACKET_T,PM_AIR_RLC_PACKET_T;ne_name,cell_name;;
WIRELESS;MEX;NOKIA;RAN_4G;PM;TRAFFIC;LCELL;THPT_USER_DL_KBPS_NUM;THPT_USER_DL_KBPS_NUM;Tráfico PS en DL;Cantidad total de datos descargados de usuario agregado en Downlink (DL) en una celda LTE usado como numerador de la fórmula THPT_USER_DL_KBPS;;;;float;;2;KB;;;;;;;no;SUM(IFNULL(PM_LTE_CELL_THROUGHPUT.IP_TPUT_VOL_DL_QCI_1,0)+IFNULL(PM_LTE_CELL_THROUGHPUT.IP_TPUT_VOL_DL_QCI_2,0)+IFNULL(PM_LTE_CELL_THROUGHPUT.IP_TPUT_VOL_DL_QCI_3,0)+IFNULL(PM_LTE_CELL_THROUGHPUT.IP_TPUT_VOL_DL_QCI_4,0)+IFNULL(PM_LTE_CELL_THROUGHPUT.IP_TPUT_VOL_DL_QCI_5,0)+IFNULL(PM_LTE_CELL_THROUGHPUT.IP_TPUT_VOL_DL_QCI_6,0)+IFNULL(PM_LTE_CELL_THROUGHPUT.IP_TPUT_VOL_DL_QCI_7,0)+IFNULL(PM_LTE_CELL_THROUGHPUT.IP_TPUT_VOL_DL_QCI_8,0)+IFNULL(PM_LTE_CELL_THROUGHPUT.IP_TPUT_VOL_DL_QCI_9,0));;xxx.xxx.xxx.xxx;wdna_operator_vendor;PM_LTE_CELL_THROUGHPUT;subnetwork,mrbts,lnbts,lncell,mcc,mnc,ne_name,cell_name;;
WIRELESS;MEX;HUAWEI;RAN_4G;PM;MOBILITY;LCELL;HO_SUCC_RATE;HO_SUCC_RATE;Tasa de éxito de HO;Tasa de éxito de handovers (HO Success Rate) en LTE, considerando tanto la fase de preparación como la de ejecución de los handovers intra-eNB e inter-eNB (intrafrecuencia).;;;;percentage;;2;%;;0 to 100;;;;;no;ROUND((sum(PM_HO_ERAN_OUT_CELL.L_HHO_INTERENB_INTRAFREQ_EXECSUCCOUT+PM_HO_ERAN_OUT_CELL.L_HHO_INTRAENB_INTRAFREQ_EXECSUCCOUT)/sum(PM_HO_ERAN_OUT_CELL.L_HHO_INTRAENB_INTRAFREQ_EXECATTOUT+PM_HO_ERAN_OUT_CELL.L_HHO_INTERENB_INTRAFREQ_EXECATTOUT))*((sum(PM_HO_ERAN_OUT_CELL.L_HHO_INTRAENB_INTRAFREQ_PREPATTOUT+PM_HO_ERAN_OUT_CELL.L_HHO_INTERENB_INTRAFREQ_PREPATTOUT)-(sum(PM_HO_ERAN_OUT_CELL.L_HHO_INTRAENB_INTRAFREQ_PREPATTOUT+PM_HO_ERAN_OUT_CELL.L_HHO_INTERENB_INTRAFREQ_PREPATTOUT)-sum(PM_HO_ERAN_OUT_CELL.L_HHO_INTRAENB_INTRAFREQ_EXECATTOUT+PM_HO_ERAN_OUT_CELL.L_HHO_INTERENB_INTRAFREQ_EXECATTOUT)))/sum(PM_HO_ERAN_OUT_CELL.L_HHO_INTRAENB_INTRAFREQ_PREPATTOUT+PM_HO_ERAN_OUT_CELL.L_HHO_INTERENB_INTRAFREQ_PREPATTOUT))*100,2);;xxx.xxx.xxx.xxx;wdna_operator_vendor;PM_HO_ERAN_OUT_CELL;subnetwork,enodeb_function_name,enodeb_id,cell_name;;
WIRELESS;MEX;ERICSSON;RAN_3G;PM;COVERAGE;UCELL;MEAN_RTWP;MEAN_RTWP;;Promedio del RTWP (Received Total Wideband Power) calculado como la relación entre la suma de PMSUMULRSSI y el número de muestras PMSAMPLESULRSSI, ajustado con un offset de -112 dBm.;;;;float;;2;dBm;;;;;;;no;(SUM(PM_UTRANCELL.PMSUMULRSSI)/(10*SUM(PM_UTRANCELL.PMSAMPLESULRSSI)))-112;;xxx.xxx.xxx.xxx;wdna_operator_vendor;PM_UTRANCELL;subnetwork,rbs,utrancell;;
WIRELESS;MEX;HUAWEI;RAN_4G;PM;COVERAGE;LCELL;UL_INTERFERENCE;INTERFERENCE_UL;Interferencia UpLink;Promedio del valor de interferencia UL medido en la celda.;;;;float;;2;dBm;;;;;;;no;AVG(PM_CHMEAS_PWR_CELL.L_UL_INTERFERENCE_AVG);;xxx.xxx.xxx.xxx;wdna_operator_vendor;PM_CHMEAS_PWR_CELL;subnetwork,enodeb_function_name,enodeb_id,cell_name;;
WIRELESS;MEX;HUAWEI;RAN_3G;PM;COVERAGE;UCELL;MEAN_RTWP;MEAN_RTWP;;Mean Power of Totally Received Bandwidth for Cell;;;;float;;2;dBm;;;;;;;no;ROUND(IFNULL(AVG(PM_RTWPTCP_CELL.VS_MEANRTWP),0),2);;xxx.xxx.xxx.xxx;wdna_operator_vendor;PM_RTWPTCP_CELL;subnetwork,rbs,label;;
WIRELESS;MEX;ERICSSON;RAN_4G;PM;COVERAGE;LCELL;UL_INTERFERENCE;UL_INTERFERENCE_DBM;Interferencia UpLink;interferencia UL recibida en la celda;;;;float;;2;dBm;;;;;;;no;ROUND(10*LOG10(SUM((PM_EUTRANCELLFDD_V.PMRADIORECINTERFERENCEPWR_0+PM_EUTRANCELLFDD_V_X.PMRADIORECINTERFERENCEPWRPUCCH_0)*POW(10,((-121-30)/10))+(PM_EUTRANCELLFDD_V.PMRADIORECINTERFERENCEPWR_1+PM_EUTRANCELLFDD_V_X.PMRADIORECINTERFERENCEPWRPUCCH_1)*POW(10,((-120-30)/10))+(PM_EUTRANCELLFDD_V.PMRADIORECINTERFERENCEPWR_2+PM_EUTRANCELLFDD_V_X.PMRADIORECINTERFERENCEPWRPUCCH_2)*POW(10,((-119-30)/10))+(PM_EUTRANCELLFDD_V.PMRADIORECINTERFERENCEPWR_3+PM_EUTRANCELLFDD_V_X.PMRADIORECINTERFERENCEPWRPUCCH_3)*POW(10,((-118-30)/10))+(PM_EUTRANCELLFDD_V.PMRADIORECINTERFERENCEPWR_4+PM_EUTRANCELLFDD_V_X.PMRADIORECINTERFERENCEPWRPUCCH_4)*POW(10,((-117-30)/10))+(PM_EUTRANCELLFDD_V.PMRADIORECINTERFERENCEPWR_5+PM_EUTRANCELLFDD_V_X.PMRADIORECINTERFERENCEPWRPUCCH_5)*POW(10,((-116-30)/10))+(PM_EUTRANCELLFDD_V.PMRADIORECINTERFERENCEPWR_6+PM_EUTRANCELLFDD_V_X.PMRADIORECINTERFERENCEPWRPUCCH_6)*POW(10,((-115-30)/10))+(PM_EUTRANCELLFDD_V.PMRADIORECINTERFERENCEPWR_7+PM_EUTRANCELLFDD_V_X.PMRADIORECINTERFERENCEPWRPUCCH_7)*POW(10,((-114-30)/10))+(PM_EUTRANCELLFDD_V.PMRADIORECINTERFERENCEPWR_8+PM_EUTRANCELLFDD_V_X.PMRADIORECINTERFERENCEPWRPUCCH_8)*POW(10,((-113-30)/10))+(PM_EUTRANCELLFDD_V.PMRADIORECINTERFERENCEPWR_9+PM_EUTRANCELLFDD_V_X.PMRADIORECINTERFERENCEPWRPUCCH_9)*POW(10,((-112-30)/10))+(PM_EUTRANCELLFDD_V.PMRADIORECINTERFERENCEPWR_10+PM_EUTRANCELLFDD_V_X.PMRADIORECINTERFERENCEPWRPUCCH_10)*POW(10,((-108-30)/10))+(PM_EUTRANCELLFDD_V.PMRADIORECINTERFERENCEPWR_11+PM_EUTRANCELLFDD_V_X.PMRADIORECINTERFERENCEPWRPUCCH_11)*POW(10,((-104-30)/10))+(PM_EUTRANCELLFDD_V.PMRADIORECINTERFERENCEPWR_12+PM_EUTRANCELLFDD_V_X.PMRADIORECINTERFERENCEPWRPUCCH_12)*POW(10,((-100-30)/10))+(PM_EUTRANCELLFDD_V.PMRADIORECINTERFERENCEPWR_13+PM_EUTRANCELLFDD_V_X.PMRADIORECINTERFERENCEPWRPUCCH_13)*POW(10,((-96-30)/10))+(PM_EUTRANCELLFDD_V.PMRADIORECINTERFERENCEPWR_14+PM_EUTRANCELLFDD_V_X.PMRADIORECINTERFERENCEPWRPUCCH_14)*POW(10,((-92-30)/10))+(PM_EUTRANCELLFDD_V.PMRADIORECINTERFERENCEPWR_15+PM_EUTRANCELLFDD_V_X.PMRADIORECINTERFERENCEPWRPUCCH_15)*POW(10,((-88-30)/10)))/SUM(PM_EUTRANCELLFDD_V.PMRADIORECINTERFERENCEPWR_0+PM_EUTRANCELLFDD_V.PMRADIORECINTERFERENCEPWR_1+PM_EUTRANCELLFDD_V.PMRADIORECINTERFERENCEPWR_2+PM_EUTRANCELLFDD_V.PMRADIORECINTERFERENCEPWR_3+PM_EUTRANCELLFDD_V.PMRADIORECINTERFERENCEPWR_4+PM_EUTRANCELLFDD_V.PMRADIORECINTERFERENCEPWR_5+PM_EUTRANCELLFDD_V.PMRADIORECINTERFERENCEPWR_6+PM_EUTRANCELLFDD_V.PMRADIORECINTERFERENCEPWR_7+PM_EUTRANCELLFDD_V.PMRADIORECINTERFERENCEPWR_8+PM_EUTRANCELLFDD_V.PMRADIORECINTERFERENCEPWR_9+PM_EUTRANCELLFDD_V.PMRADIORECINTERFERENCEPWR_10+PM_EUTRANCELLFDD_V.PMRADIORECINTERFERENCEPWR_11+PM_EUTRANCELLFDD_V.PMRADIORECINTERFERENCEPWR_12+PM_EUTRANCELLFDD_V.PMRADIORECINTERFERENCEPWR_13+PM_EUTRANCELLFDD_V.PMRADIORECINTERFERENCEPWR_14+PM_EUTRANCELLFDD_V.PMRADIORECINTERFERENCEPWR_15+PM_EUTRANCELLFDD_V_X.PMRADIORECINTERFERENCEPWRPUCCH_0+PM_EUTRANCELLFDD_V_X.PMRADIORECINTERFERENCEPWRPUCCH_1+PM_EUTRANCELLFDD_V_X.PMRADIORECINTERFERENCEPWRPUCCH_2+PM_EUTRANCELLFDD_V_X.PMRADIORECINTERFERENCEPWRPUCCH_3+PM_EUTRANCELLFDD_V_X.PMRADIORECINTERFERENCEPWRPUCCH_4+PM_EUTRANCELLFDD_V_X.PMRADIORECINTERFERENCEPWRPUCCH_5+PM_EUTRANCELLFDD_V_X.PMRADIORECINTERFERENCEPWRPUCCH_6+PM_EUTRANCELLFDD_V_X.PMRADIORECINTERFERENCEPWRPUCCH_7+PM_EUTRANCELLFDD_V_X.PMRADIORECINTERFERENCEPWRPUCCH_8+PM_EUTRANCELLFDD_V_X.PMRADIORECINTERFERENCEPWRPUCCH_9+PM_EUTRANCELLFDD_V_X.PMRADIORECINTERFERENCEPWRPUCCH_10+PM_EUTRANCELLFDD_V_X.PMRADIORECINTERFERENCEPWRPUCCH_11+PM_EUTRANCELLFDD_V_X.PMRADIORECINTERFERENCEPWRPUCCH_12+PM_EUTRANCELLFDD_V_X.PMRADIORECINTERFERENCEPWRPUCCH_13+PM_EUTRANCELLFDD_V_X.PMRADIORECINTERFERENCEPWRPUCCH_14+PM_EUTRANCELLFDD_V_X.PMRADIORECINTERFERENCEPWRPUCCH_15))+30,2);;xxx.xxx.xxx.xxx;wdna_operator_vendor;PM_EUTRANCELLFDD_V,PM_EUTRANCELLFDD_V_X;subnetwork,mecontext,eutrancellfdd;;
WIRELESS;MEX;SAMSUNG;RAN_4G;PM;COVERAGE;LCELL;UL_INTERFERENCE;UL_INTERFERENCE_PUSCH;Interferencia UpLink;Promedio de la potencia de interferencia medida en todos los bloques de recursos (RBs) donde se recibió señal UL.;;;;float;;2;dBm;;;;;;;no;SUM(PM_POWER.INTERFERENCEPOWERTOT)/SUM(PM_POWER.INTERFERENCEPOWERCNT);;xxx.xxx.xxx.xxx;wdna_operator_vendor;PM_POWER;ne_name,cell_name;;
WIRELESS;MEX;NOKIA;RAN_4G;PM;COVERAGE;LCELL;UL_INTERFERENCE;UL_INTERFERENCE;Interferencia UpLink;Promedia la interferencia recibida por cada PRB (Physical Resource Block) para todo el uplink, considerando casos donde algunos bloques no tienen medición.;;;;float;;2;dBm;;;;;;;no;ROUND(AVG(IF(PM_LTE_RECEIVED_INTERFERENCE_POWER.MEAN_UL_RIP_PER_PRB25=0,(PM_LTE_RECEIVED_INTERFERENCE_POWER.MEAN_UL_RIP_PER_PRB0+PM_LTE_RECEIVED_INTERFERENCE_POWER.MEAN_UL_RIP_PER_PRB1+PM_LTE_RECEIVED_INTERFERENCE_POWER.MEAN_UL_RIP_PER_PRB2+PM_LTE_RECEIVED_INTERFERENCE_POWER.MEAN_UL_RIP_PER_PRB3+PM_LTE_RECEIVED_INTERFERENCE_POWER.MEAN_UL_RIP_PER_PRB4+PM_LTE_RECEIVED_INTERFERENCE_POWER.MEAN_UL_RIP_PER_PRB5+PM_LTE_RECEIVED_INTERFERENCE_POWER.MEAN_UL_RIP_PER_PRB6+PM_LTE_RECEIVED_INTERFERENCE_POWER.MEAN_UL_RIP_PER_PRB7+PM_LTE_RECEIVED_INTERFERENCE_POWER.MEAN_UL_RIP_PER_PRB8+PM_LTE_RECEIVED_INTERFERENCE_POWER.MEAN_UL_RIP_PER_PRB9+PM_LTE_RECEIVED_INTERFERENCE_POWER.MEAN_UL_RIP_PER_PRB10+PM_LTE_RECEIVED_INTERFERENCE_POWER.MEAN_UL_RIP_PER_PRB11+PM_LTE_RECEIVED_INTERFERENCE_POWER.MEAN_UL_RIP_PER_PRB12+PM_LTE_RECEIVED_INTERFERENCE_POWER.MEAN_UL_RIP_PER_PRB13+PM_LTE_RECEIVED_INTERFERENCE_POWER.MEAN_UL_RIP_PER_PRB14+PM_LTE_RECEIVED_INTERFERENCE_POWER.MEAN_UL_RIP_PER_PRB15+PM_LTE_RECEIVED_INTERFERENCE_POWER.MEAN_UL_RIP_PER_PRB16+PM_LTE_RECEIVED_INTERFERENCE_POWER.MEAN_UL_RIP_PER_PRB17+PM_LTE_RECEIVED_INTERFERENCE_POWER.MEAN_UL_RIP_PER_PRB18+PM_LTE_RECEIVED_INTERFERENCE_POWER.MEAN_UL_RIP_PER_PRB19+PM_LTE_RECEIVED_INTERFERENCE_POWER.MEAN_UL_RIP_PER_PRB20+PM_LTE_RECEIVED_INTERFERENCE_POWER.MEAN_UL_RIP_PER_PRB21+PM_LTE_RECEIVED_INTERFERENCE_POWER.MEAN_UL_RIP_PER_PRB22+PM_LTE_RECEIVED_INTERFERENCE_POWER.MEAN_UL_RIP_PER_PRB23+PM_LTE_RECEIVED_INTERFERENCE_POWER.MEAN_UL_RIP_PER_PRB24)/25,IF(PM_LTE_RECEIVED_INTERFERENCE_POWER.MEAN_UL_RIP_PER_PRB50=0,(PM_LTE_RECEIVED_INTERFERENCE_POWER.MEAN_UL_RIP_PER_PRB0+PM_LTE_RECEIVED_INTERFERENCE_POWER.MEAN_UL_RIP_PER_PRB1+PM_LTE_RECEIVED_INTERFERENCE_POWER.MEAN_UL_RIP_PER_PRB2+PM_LTE_RECEIVED_INTERFERENCE_POWER.MEAN_UL_RIP_PER_PRB3+PM_LTE_RECEIVED_INTERFERENCE_POWER.MEAN_UL_RIP_PER_PRB4+PM_LTE_RECEIVED_INTERFERENCE_POWER.MEAN_UL_RIP_PER_PRB5+PM_LTE_RECEIVED_INTERFERENCE_POWER.MEAN_UL_RIP_PER_PRB6+PM_LTE_RECEIVED_INTERFERENCE_POWER.MEAN_UL_RIP_PER_PRB7+PM_LTE_RECEIVED_INTERFERENCE_POWER.MEAN_UL_RIP_PER_PRB8+PM_LTE_RECEIVED_INTERFERENCE_POWER.MEAN_UL_RIP_PER_PRB9+PM_LTE_RECEIVED_INTERFERENCE_POWER.MEAN_UL_RIP_PER_PRB10+PM_LTE_RECEIVED_INTERFERENCE_POWER.MEAN_UL_RIP_PER_PRB11+PM_LTE_RECEIVED_INTERFERENCE_POWER.MEAN_UL_RIP_PER_PRB12+PM_LTE_RECEIVED_INTERFERENCE_POWER.MEAN_UL_RIP_PER_PRB13+PM_LTE_RECEIVED_INTERFERENCE_POWER.MEAN_UL_RIP_PER_PRB14+PM_LTE_RECEIVED_INTERFERENCE_POWER.MEAN_UL_RIP_PER_PRB15+PM_LTE_RECEIVED_INTERFERENCE_POWER.MEAN_UL_RIP_PER_PRB16+PM_LTE_RECEIVED_INTERFERENCE_POWER.MEAN_UL_RIP_PER_PRB17+PM_LTE_RECEIVED_INTERFERENCE_POWER.MEAN_UL_RIP_PER_PRB18+PM_LTE_RECEIVED_INTERFERENCE_POWER.MEAN_UL_RIP_PER_PRB19+PM_LTE_RECEIVED_INTERFERENCE_POWER.MEAN_UL_RIP_PER_PRB20+PM_LTE_RECEIVED_INTERFERENCE_POWER.MEAN_UL_RIP_PER_PRB21+PM_LTE_RECEIVED_INTERFERENCE_POWER.MEAN_UL_RIP_PER_PRB22+PM_LTE_RECEIVED_INTERFERENCE_POWER.MEAN_UL_RIP_PER_PRB23+PM_LTE_RECEIVED_INTERFERENCE_POWER.MEAN_UL_RIP_PER_PRB24+PM_LTE_RECEIVED_INTERFERENCE_POWER.MEAN_UL_RIP_PER_PRB25+PM_LTE_RECEIVED_INTERFERENCE_POWER.MEAN_UL_RIP_PER_PRB26+PM_LTE_RECEIVED_INTERFERENCE_POWER.MEAN_UL_RIP_PER_PRB27+PM_LTE_RECEIVED_INTERFERENCE_POWER.MEAN_UL_RIP_PER_PRB28+PM_LTE_RECEIVED_INTERFERENCE_POWER.MEAN_UL_RIP_PER_PRB29+PM_LTE_RECEIVED_INTERFERENCE_POWER.MEAN_UL_RIP_PER_PRB30+PM_LTE_RECEIVED_INTERFERENCE_POWER.MEAN_UL_RIP_PER_PRB31+PM_LTE_RECEIVED_INTERFERENCE_POWER.MEAN_UL_RIP_PER_PRB32+PM_LTE_RECEIVED_INTERFERENCE_POWER.MEAN_UL_RIP_PER_PRB33+PM_LTE_RECEIVED_INTERFERENCE_POWER.MEAN_UL_RIP_PER_PRB34+PM_LTE_RECEIVED_INTERFERENCE_POWER.MEAN_UL_RIP_PER_PRB35+PM_LTE_RECEIVED_INTERFERENCE_POWER.MEAN_UL_RIP_PER_PRB36+PM_LTE_RECEIVED_INTERFERENCE_POWER.MEAN_UL_RIP_PER_PRB37+PM_LTE_RECEIVED_INTERFERENCE_POWER.MEAN_UL_RIP_PER_PRB38+PM_LTE_RECEIVED_INTERFERENCE_POWER.MEAN_UL_RIP_PER_PRB39+PM_LTE_RECEIVED_INTERFERENCE_POWER.MEAN_UL_RIP_PER_PRB40+PM_LTE_RECEIVED_INTERFERENCE_POWER.MEAN_UL_RIP_PER_PRB41+PM_LTE_RECEIVED_INTERFERENCE_POWER.MEAN_UL_RIP_PER_PRB42+PM_LTE_RECEIVED_INTERFERENCE_POWER.MEAN_UL_RIP_PER_PRB43+PM_LTE_RECEIVED_INTERFERENCE_POWER.MEAN_UL_RIP_PER_PRB44+PM_LTE_RECEIVED_INTERFERENCE_POWER.MEAN_UL_RIP_PER_PRB45+PM_LTE_RECEIVED_INTERFERENCE_POWER.MEAN_UL_RIP_PER_PRB46+PM_LTE_RECEIVED_INTERFERENCE_POWER.MEAN_UL_RIP_PER_PRB47+PM_LTE_RECEIVED_INTERFERENCE_POWER.MEAN_UL_RIP_PER_PRB48+PM_LTE_RECEIVED_INTERFERENCE_POWER.MEAN_UL_RIP_PER_PRB49)/50,IF(PM_LTE_RECEIVED_INTERFERENCE_POWER.MEAN_UL_RIP_PER_PRB75=0,(PM_LTE_RECEIVED_INTERFERENCE_POWER.MEAN_UL_RIP_PER_PRB0+PM_LTE_RECEIVED_INTERFERENCE_POWER.MEAN_UL_RIP_PER_PRB1+PM_LTE_RECEIVED_INTERFERENCE_POWER.MEAN_UL_RIP_PER_PRB2+PM_LTE_RECEIVED_INTERFERENCE_POWER.MEAN_UL_RIP_PER_PRB3+PM_LTE_RECEIVED_INTERFERENCE_POWER.MEAN_UL_RIP_PER_PRB4+PM_LTE_RECEIVED_INTERFERENCE_POWER.MEAN_UL_RIP_PER_PRB5+PM_LTE_RECEIVED_INTERFERENCE_POWER.MEAN_UL_RIP_PER_PRB6+PM_LTE_RECEIVED_INTERFERENCE_POWER.MEAN_UL_RIP_PER_PRB7+PM_LTE_RECEIVED_INTERFERENCE_POWER.MEAN_UL_RIP_PER_PRB8+PM_LTE_RECEIVED_INTERFERENCE_POWER.MEAN_UL_RIP_PER_PRB9+PM_LTE_RECEIVED_INTERFERENCE_POWER.MEAN_UL_RIP_PER_PRB10+PM_LTE_RECEIVED_INTERFERENCE_POWER.MEAN_UL_RIP_PER_PRB11+PM_LTE_RECEIVED_INTERFERENCE_POWER.MEAN_UL_RIP_PER_PRB12+PM_LTE_RECEIVED_INTERFERENCE_POWER.MEAN_UL_RIP_PER_PRB13+PM_LTE_RECEIVED_INTERFERENCE_POWER.MEAN_UL_RIP_PER_PRB14+PM_LTE_RECEIVED_INTERFERENCE_POWER.MEAN_UL_RIP_PER_PRB15+PM_LTE_RECEIVED_INTERFERENCE_POWER.MEAN_UL_RIP_PER_PRB16+PM_LTE_RECEIVED_INTERFERENCE_POWER.MEAN_UL_RIP_PER_PRB17+PM_LTE_RECEIVED_INTERFERENCE_POWER.MEAN_UL_RIP_PER_PRB18+PM_LTE_RECEIVED_INTERFERENCE_POWER.MEAN_UL_RIP_PER_PRB19+PM_LTE_RECEIVED_INTERFERENCE_POWER.MEAN_UL_RIP_PER_PRB20+PM_LTE_RECEIVED_INTERFERENCE_POWER.MEAN_UL_RIP_PER_PRB21+PM_LTE_RECEIVED_INTERFERENCE_POWER.MEAN_UL_RIP_PER_PRB22+PM_LTE_RECEIVED_INTERFERENCE_POWER.MEAN_UL_RIP_PER_PRB23+PM_LTE_RECEIVED_INTERFERENCE_POWER.MEAN_UL_RIP_PER_PRB24+PM_LTE_RECEIVED_INTERFERENCE_POWER.MEAN_UL_RIP_PER_PRB25+PM_LTE_RECEIVED_INTERFERENCE_POWER.MEAN_UL_RIP_PER_PRB26+PM_LTE_RECEIVED_INTERFERENCE_POWER.MEAN_UL_RIP_PER_PRB27+PM_LTE_RECEIVED_INTERFERENCE_POWER.MEAN_UL_RIP_PER_PRB28+PM_LTE_RECEIVED_INTERFERENCE_POWER.MEAN_UL_RIP_PER_PRB29+PM_LTE_RECEIVED_INTERFERENCE_POWER.MEAN_UL_RIP_PER_PRB30+PM_LTE_RECEIVED_INTERFERENCE_POWER.MEAN_UL_RIP_PER_PRB31+PM_LTE_RECEIVED_INTERFERENCE_POWER.MEAN_UL_RIP_PER_PRB32+PM_LTE_RECEIVED_INTERFERENCE_POWER.MEAN_UL_RIP_PER_PRB33+PM_LTE_RECEIVED_INTERFERENCE_POWER.MEAN_UL_RIP_PER_PRB34+PM_LTE_RECEIVED_INTERFERENCE_POWER.MEAN_UL_RIP_PER_PRB35+PM_LTE_RECEIVED_INTERFERENCE_POWER.MEAN_UL_RIP_PER_PRB36+PM_LTE_RECEIVED_INTERFERENCE_POWER.MEAN_UL_RIP_PER_PRB37+PM_LTE_RECEIVED_INTERFERENCE_POWER.MEAN_UL_RIP_PER_PRB38+PM_LTE_RECEIVED_INTERFERENCE_POWER.MEAN_UL_RIP_PER_PRB39+PM_LTE_RECEIVED_INTERFERENCE_POWER.MEAN_UL_RIP_PER_PRB40+PM_LTE_RECEIVED_INTERFERENCE_POWER.MEAN_UL_RIP_PER_PRB41+PM_LTE_RECEIVED_INTERFERENCE_POWER.MEAN_UL_RIP_PER_PRB42+PM_LTE_RECEIVED_INTERFERENCE_POWER.MEAN_UL_RIP_PER_PRB43+PM_LTE_RECEIVED_INTERFERENCE_POWER.MEAN_UL_RIP_PER_PRB44+PM_LTE_RECEIVED_INTERFERENCE_POWER.MEAN_UL_RIP_PER_PRB45+PM_LTE_RECEIVED_INTERFERENCE_POWER.MEAN_UL_RIP_PER_PRB46+PM_LTE_RECEIVED_INTERFERENCE_POWER.MEAN_UL_RIP_PER_PRB47+PM_LTE_RECEIVED_INTERFERENCE_POWER.MEAN_UL_RIP_PER_PRB48+PM_LTE_RECEIVED_INTERFERENCE_POWER.MEAN_UL_RIP_PER_PRB49+PM_LTE_RECEIVED_INTERFERENCE_POWER.MEAN_UL_RIP_PER_PRB50+PM_LTE_RECEIVED_INTERFERENCE_POWER.MEAN_UL_RIP_PER_PRB51+PM_LTE_RECEIVED_INTERFERENCE_POWER.MEAN_UL_RIP_PER_PRB52+PM_LTE_RECEIVED_INTERFERENCE_POWER.MEAN_UL_RIP_PER_PRB53+PM_LTE_RECEIVED_INTERFERENCE_POWER.MEAN_UL_RIP_PER_PRB54+PM_LTE_RECEIVED_INTERFERENCE_POWER.MEAN_UL_RIP_PER_PRB55+PM_LTE_RECEIVED_INTERFERENCE_POWER.MEAN_UL_RIP_PER_PRB56+PM_LTE_RECEIVED_INTERFERENCE_POWER.MEAN_UL_RIP_PER_PRB57+PM_LTE_RECEIVED_INTERFERENCE_POWER.MEAN_UL_RIP_PER_PRB58+PM_LTE_RECEIVED_INTERFERENCE_POWER.MEAN_UL_RIP_PER_PRB59+PM_LTE_RECEIVED_INTERFERENCE_POWER.MEAN_UL_RIP_PER_PRB60+PM_LTE_RECEIVED_INTERFERENCE_POWER.MEAN_UL_RIP_PER_PRB61+PM_LTE_RECEIVED_INTERFERENCE_POWER.MEAN_UL_RIP_PER_PRB62+PM_LTE_RECEIVED_INTERFERENCE_POWER.MEAN_UL_RIP_PER_PRB63+PM_LTE_RECEIVED_INTERFERENCE_POWER.MEAN_UL_RIP_PER_PRB64+PM_LTE_RECEIVED_INTERFERENCE_POWER.MEAN_UL_RIP_PER_PRB65+PM_LTE_RECEIVED_INTERFERENCE_POWER.MEAN_UL_RIP_PER_PRB66+PM_LTE_RECEIVED_INTERFERENCE_POWER.MEAN_UL_RIP_PER_PRB67+PM_LTE_RECEIVED_INTERFERENCE_POWER.MEAN_UL_RIP_PER_PRB68+PM_LTE_RECEIVED_INTERFERENCE_POWER.MEAN_UL_RIP_PER_PRB69+PM_LTE_RECEIVED_INTERFERENCE_POWER.MEAN_UL_RIP_PER_PRB70+PM_LTE_RECEIVED_INTERFERENCE_POWER.MEAN_UL_RIP_PER_PRB71+PM_LTE_RECEIVED_INTERFERENCE_POWER.MEAN_UL_RIP_PER_PRB72+PM_LTE_RECEIVED_INTERFERENCE_POWER.MEAN_UL_RIP_PER_PRB73+PM_LTE_RECEIVED_INTERFERENCE_POWER.MEAN_UL_RIP_PER_PRB74)/75,(PM_LTE_RECEIVED_INTERFERENCE_POWER.MEAN_UL_RIP_PER_PRB0+PM_LTE_RECEIVED_INTERFERENCE_POWER.MEAN_UL_RIP_PER_PRB1+PM_LTE_RECEIVED_INTERFERENCE_POWER.MEAN_UL_RIP_PER_PRB2+PM_LTE_RECEIVED_INTERFERENCE_POWER.MEAN_UL_RIP_PER_PRB3+PM_LTE_RECEIVED_INTERFERENCE_POWER.MEAN_UL_RIP_PER_PRB4+PM_LTE_RECEIVED_INTERFERENCE_POWER.MEAN_UL_RIP_PER_PRB5+PM_LTE_RECEIVED_INTERFERENCE_POWER.MEAN_UL_RIP_PER_PRB6+PM_LTE_RECEIVED_INTERFERENCE_POWER.MEAN_UL_RIP_PER_PRB7+PM_LTE_RECEIVED_INTERFERENCE_POWER.MEAN_UL_RIP_PER_PRB8+PM_LTE_RECEIVED_INTERFERENCE_POWER.MEAN_UL_RIP_PER_PRB9+PM_LTE_RECEIVED_INTERFERENCE_POWER.MEAN_UL_RIP_PER_PRB10+PM_LTE_RECEIVED_INTERFERENCE_POWER.MEAN_UL_RIP_PER_PRB11+PM_LTE_RECEIVED_INTERFERENCE_POWER.MEAN_UL_RIP_PER_PRB12+PM_LTE_RECEIVED_INTERFERENCE_POWER.MEAN_UL_RIP_PER_PRB13+PM_LTE_RECEIVED_INTERFERENCE_POWER.MEAN_UL_RIP_PER_PRB14+PM_LTE_RECEIVED_INTERFERENCE_POWER.MEAN_UL_RIP_PER_PRB15+PM_LTE_RECEIVED_INTERFERENCE_POWER.MEAN_UL_RIP_PER_PRB16+PM_LTE_RECEIVED_INTERFERENCE_POWER.MEAN_UL_RIP_PER_PRB17+PM_LTE_RECEIVED_INTERFERENCE_POWER.MEAN_UL_RIP_PER_PRB18+PM_LTE_RECEIVED_INTERFERENCE_POWER.MEAN_UL_RIP_PER_PRB19+PM_LTE_RECEIVED_INTERFERENCE_POWER.MEAN_UL_RIP_PER_PRB20+PM_LTE_RECEIVED_INTERFERENCE_POWER.MEAN_UL_RIP_PER_PRB21+PM_LTE_RECEIVED_INTERFERENCE_POWER.MEAN_UL_RIP_PER_PRB22+PM_LTE_RECEIVED_INTERFERENCE_POWER.MEAN_UL_RIP_PER_PRB23+PM_LTE_RECEIVED_INTERFERENCE_POWER.MEAN_UL_RIP_PER_PRB24+PM_LTE_RECEIVED_INTERFERENCE_POWER.MEAN_UL_RIP_PER_PRB25+PM_LTE_RECEIVED_INTERFERENCE_POWER.MEAN_UL_RIP_PER_PRB26+PM_LTE_RECEIVED_INTERFERENCE_POWER.MEAN_UL_RIP_PER_PRB27+PM_LTE_RECEIVED_INTERFERENCE_POWER.MEAN_UL_RIP_PER_PRB28+PM_LTE_RECEIVED_INTERFERENCE_POWER.MEAN_UL_RIP_PER_PRB29+PM_LTE_RECEIVED_INTERFERENCE_POWER.MEAN_UL_RIP_PER_PRB30+PM_LTE_RECEIVED_INTERFERENCE_POWER.MEAN_UL_RIP_PER_PRB31+PM_LTE_RECEIVED_INTERFERENCE_POWER.MEAN_UL_RIP_PER_PRB32+PM_LTE_RECEIVED_INTERFERENCE_POWER.MEAN_UL_RIP_PER_PRB33+PM_LTE_RECEIVED_INTERFERENCE_POWER.MEAN_UL_RIP_PER_PRB34+PM_LTE_RECEIVED_INTERFERENCE_POWER.MEAN_UL_RIP_PER_PRB35+PM_LTE_RECEIVED_INTERFERENCE_POWER.MEAN_UL_RIP_PER_PRB36+PM_LTE_RECEIVED_INTERFERENCE_POWER.MEAN_UL_RIP_PER_PRB37+PM_LTE_RECEIVED_INTERFERENCE_POWER.MEAN_UL_RIP_PER_PRB38+PM_LTE_RECEIVED_INTERFERENCE_POWER.MEAN_UL_RIP_PER_PRB39+PM_LTE_RECEIVED_INTERFERENCE_POWER.MEAN_UL_RIP_PER_PRB40+PM_LTE_RECEIVED_INTERFERENCE_POWER.MEAN_UL_RIP_PER_PRB41+PM_LTE_RECEIVED_INTERFERENCE_POWER.MEAN_UL_RIP_PER_PRB42+PM_LTE_RECEIVED_INTERFERENCE_POWER.MEAN_UL_RIP_PER_PRB43+PM_LTE_RECEIVED_INTERFERENCE_POWER.MEAN_UL_RIP_PER_PRB44+PM_LTE_RECEIVED_INTERFERENCE_POWER.MEAN_UL_RIP_PER_PRB45+PM_LTE_RECEIVED_INTERFERENCE_POWER.MEAN_UL_RIP_PER_PRB46+PM_LTE_RECEIVED_INTERFERENCE_POWER.MEAN_UL_RIP_PER_PRB47+PM_LTE_RECEIVED_INTERFERENCE_POWER.MEAN_UL_RIP_PER_PRB48+PM_LTE_RECEIVED_INTERFERENCE_POWER.MEAN_UL_RIP_PER_PRB49+PM_LTE_RECEIVED_INTERFERENCE_POWER.MEAN_UL_RIP_PER_PRB50+PM_LTE_RECEIVED_INTERFERENCE_POWER.MEAN_UL_RIP_PER_PRB51+PM_LTE_RECEIVED_INTERFERENCE_POWER.MEAN_UL_RIP_PER_PRB52+PM_LTE_RECEIVED_INTERFERENCE_POWER.MEAN_UL_RIP_PER_PRB53+PM_LTE_RECEIVED_INTERFERENCE_POWER.MEAN_UL_RIP_PER_PRB54+PM_LTE_RECEIVED_INTERFERENCE_POWER.MEAN_UL_RIP_PER_PRB55+PM_LTE_RECEIVED_INTERFERENCE_POWER.MEAN_UL_RIP_PER_PRB56+PM_LTE_RECEIVED_INTERFERENCE_POWER.MEAN_UL_RIP_PER_PRB57+PM_LTE_RECEIVED_INTERFERENCE_POWER.MEAN_UL_RIP_PER_PRB58+PM_LTE_RECEIVED_INTERFERENCE_POWER.MEAN_UL_RIP_PER_PRB59+PM_LTE_RECEIVED_INTERFERENCE_POWER.MEAN_UL_RIP_PER_PRB60+PM_LTE_RECEIVED_INTERFERENCE_POWER.MEAN_UL_RIP_PER_PRB61+PM_LTE_RECEIVED_INTERFERENCE_POWER.MEAN_UL_RIP_PER_PRB62+PM_LTE_RECEIVED_INTERFERENCE_POWER.MEAN_UL_RIP_PER_PRB63+PM_LTE_RECEIVED_INTERFERENCE_POWER.MEAN_UL_RIP_PER_PRB64+PM_LTE_RECEIVED_INTERFERENCE_POWER.MEAN_UL_RIP_PER_PRB65+PM_LTE_RECEIVED_INTERFERENCE_POWER.MEAN_UL_RIP_PER_PRB66+PM_LTE_RECEIVED_INTERFERENCE_POWER.MEAN_UL_RIP_PER_PRB67+PM_LTE_RECEIVED_INTERFERENCE_POWER.MEAN_UL_RIP_PER_PRB68+PM_LTE_RECEIVED_INTERFERENCE_POWER.MEAN_UL_RIP_PER_PRB69+PM_LTE_RECEIVED_INTERFERENCE_POWER.MEAN_UL_RIP_PER_PRB70+PM_LTE_RECEIVED_INTERFERENCE_POWER.MEAN_UL_RIP_PER_PRB71+PM_LTE_RECEIVED_INTERFERENCE_POWER.MEAN_UL_RIP_PER_PRB72+PM_LTE_RECEIVED_INTERFERENCE_POWER.MEAN_UL_RIP_PER_PRB73+PM_LTE_RECEIVED_INTERFERENCE_POWER.MEAN_UL_RIP_PER_PRB74+PM_LTE_RECEIVED_INTERFERENCE_POWER.MEAN_UL_RIP_PER_PRB75+PM_LTE_RECEIVED_INTERFERENCE_POWER.MEAN_UL_RIP_PER_PRB76+PM_LTE_RECEIVED_INTERFERENCE_POWER.MEAN_UL_RIP_PER_PRB77+PM_LTE_RECEIVED_INTERFERENCE_POWER.MEAN_UL_RIP_PER_PRB78+PM_LTE_RECEIVED_INTERFERENCE_POWER.MEAN_UL_RIP_PER_PRB79+PM_LTE_RECEIVED_INTERFERENCE_POWER.MEAN_UL_RIP_PER_PRB80+PM_LTE_RECEIVED_INTERFERENCE_POWER.MEAN_UL_RIP_PER_PRB81+PM_LTE_RECEIVED_INTERFERENCE_POWER.MEAN_UL_RIP_PER_PRB82+PM_LTE_RECEIVED_INTERFERENCE_POWER.MEAN_UL_RIP_PER_PRB83+PM_LTE_RECEIVED_INTERFERENCE_POWER.MEAN_UL_RIP_PER_PRB84+PM_LTE_RECEIVED_INTERFERENCE_POWER.MEAN_UL_RIP_PER_PRB85+PM_LTE_RECEIVED_INTERFERENCE_POWER.MEAN_UL_RIP_PER_PRB86+PM_LTE_RECEIVED_INTERFERENCE_POWER.MEAN_UL_RIP_PER_PRB87+PM_LTE_RECEIVED_INTERFERENCE_POWER.MEAN_UL_RIP_PER_PRB88+PM_LTE_RECEIVED_INTERFERENCE_POWER.MEAN_UL_RIP_PER_PRB89+PM_LTE_RECEIVED_INTERFERENCE_POWER.MEAN_UL_RIP_PER_PRB90+PM_LTE_RECEIVED_INTERFERENCE_POWER.MEAN_UL_RIP_PER_PRB91+PM_LTE_RECEIVED_INTERFERENCE_POWER.MEAN_UL_RIP_PER_PRB92+PM_LTE_RECEIVED_INTERFERENCE_POWER.MEAN_UL_RIP_PER_PRB93+PM_LTE_RECEIVED_INTERFERENCE_POWER.MEAN_UL_RIP_PER_PRB94+PM_LTE_RECEIVED_INTERFERENCE_POWER.MEAN_UL_RIP_PER_PRB95+PM_LTE_RECEIVED_INTERFERENCE_POWER.MEAN_UL_RIP_PER_PRB96+PM_LTE_RECEIVED_INTERFERENCE_POWER.MEAN_UL_RIP_PER_PRB97+PM_LTE_RECEIVED_INTERFERENCE_POWER.MEAN_UL_RIP_PER_PRB98+PM_LTE_RECEIVED_INTERFERENCE_POWER.MEAN_UL_RIP_PER_PRB99)/100)))),2);;xxx.xxx.xxx.xxx;wdna_operator_vendor;PM_LTE_RECEIVED_INTERFERENCE_POWER;subnetwork,mrbts,lnbts,lncell,mcc,mnc,ne_name,cell_name;;
WIRELESS;MEX;NOKIA;RAN_3G;PM;COVERAGE;UCELL;MEAN_RTWP;MEAN_RTWP;;Promedio del RTWP calculado a partir de la distribución de clases de potencia (RTWP_CLASS_0 a RTWP_CLASS_21), aplicando una reconstrucción logarítmica ponderada para estimar el nivel medio en dBm.;;;;float;;2;dBm;;;;;;;no;ROUND(10*LOG10(SUM(POWER(10,(-11.0))*IFNULL(PM_CELL_RESOURCE.RTWP_CLASS_0,0) + POWER(10,(-10.75))*IFNULL(PM_CELL_RESOURCE.RTWP_CLASS_1,0) + POWER(10,(-10.65))*IFNULL(PM_CELL_RESOURCE.RTWP_CLASS_2,0) + POWER(10,(-10.55))*IFNULL(PM_CELL_RESOURCE.RTWP_CLASS_3,0) + POWER(10,(-10.45))*IFNULL(PM_CELL_RESOURCE.RTWP_CLASS_4,0) + POWER(10,(-10.35))*IFNULL(PM_CELL_RESOURCE.RTWP_CLASS_5,0) + POWER(10,(-10.25))*IFNULL(PM_CELL_RESOURCE.RTWP_CLASS_6,0) + POWER(10,(-10.15))*IFNULL(PM_CELL_RESOURCE.RTWP_CLASS_7,0) + POWER(10,(-10.05))*IFNULL(PM_CELL_RESOURCE.RTWP_CLASS_8,0) + POWER(10,(-09.95))*IFNULL(PM_CELL_RESOURCE.RTWP_CLASS_9,0) + POWER(10,(-09.85))*IFNULL(PM_CELL_RESOURCE.RTWP_CLASS_10,0) + POWER(10,(-09.70))*IFNULL(PM_CELL_RESOURCE.RTWP_CLASS_11,0) + POWER(10,(-09.50))*IFNULL(PM_CELL_RESOURCE.RTWP_CLASS_12,0) + POWER(10,(-09.30))*IFNULL(PM_CELL_RESOURCE.RTWP_CLASS_13,0) + POWER(10,(-09.05))*IFNULL(PM_CELL_RESOURCE.RTWP_CLASS_14,0) + POWER(10,(-08.75))*IFNULL(PM_CELL_RESOURCE.RTWP_CLASS_15,0) + POWER(10,(-08.45))*IFNULL(PM_CELL_RESOURCE.RTWP_CLASS_16,0) + POWER(10,-08.15)*IFNULL(PM_CELL_RESOURCE.RTWP_CLASS_17,0) + POWER(10,(-07.75))*IFNULL(PM_CELL_RESOURCE.RTWP_CLASS_18,0) + POWER(10,(-07.25))*IFNULL(PM_CELL_RESOURCE.RTWP_CLASS_19,0) + POWER(10,(-06.75))*IFNULL(PM_CELL_RESOURCE.RTWP_CLASS_20,0) + POWER(10,(-06.50))*IFNULL(PM_CELL_RESOURCE.RTWP_CLASS_21,0)) / (SUM(IFNULL(PM_CELL_RESOURCE.RTWP_CLASS_0,0)+IFNULL(PM_CELL_RESOURCE.RTWP_CLASS_1,0)+IFNULL(PM_CELL_RESOURCE.RTWP_CLASS_2,0)+IFNULL(PM_CELL_RESOURCE.RTWP_CLASS_3,0)+IFNULL(PM_CELL_RESOURCE.RTWP_CLASS_4,0)+IFNULL(PM_CELL_RESOURCE.RTWP_CLASS_5,0)+IFNULL(PM_CELL_RESOURCE.RTWP_CLASS_6,0)+IFNULL(PM_CELL_RESOURCE.RTWP_CLASS_7,0)+IFNULL(PM_CELL_RESOURCE.RTWP_CLASS_8,0)+IFNULL(PM_CELL_RESOURCE.RTWP_CLASS_9,0)+IFNULL(PM_CELL_RESOURCE.RTWP_CLASS_10,0)+IFNULL(PM_CELL_RESOURCE.RTWP_CLASS_11,0)+IFNULL(PM_CELL_RESOURCE.RTWP_CLASS_12,0)+IFNULL(PM_CELL_RESOURCE.RTWP_CLASS_13,0)+IFNULL(PM_CELL_RESOURCE.RTWP_CLASS_14,0)+IFNULL(PM_CELL_RESOURCE.RTWP_CLASS_15,0)+IFNULL(PM_CELL_RESOURCE.RTWP_CLASS_16,0)+IFNULL(PM_CELL_RESOURCE.RTWP_CLASS_17,0)+IFNULL(PM_CELL_RESOURCE.RTWP_CLASS_18,0)+IFNULL(PM_CELL_RESOURCE.RTWP_CLASS_19,0)+IFNULL(PM_CELL_RESOURCE.RTWP_CLASS_20,0)+IFNULL(PM_CELL_RESOURCE.RTWP_CLASS_21,0)))/LOG10(10)),2);;xxx.xxx.xxx.xxx;wdna_operator_vendor;PM_CELL_RESOURCE;subnetwork,rnc,wbts,wcel,wbts,mcc,mnc;;
WIRELESS;MEX;ERICSSON;RAN_3G;PM;QoS;UCELL;RRC_ACC_CS;RRC_ACC_CS;;Tasa de Éxito de Establecimiento de Conexión RRC para Voz. Valores esperados superiores al 98%;;;;percentage;;2;%;;0 to 100;;;;;yes;100*RRC_SUCCESS_CS/RRC_ATTEMPTS_CS;;;;PM_UTRANCELL;subnetwork,rbs,utrancell;;
WIRELESS;MEX;HUAWEI;RAN_3G;PM;QoS;UCELL;RRC_ACC_CS;RRC_ACC_CS;;Tasa de Éxito de Establecimiento de Conexión RRC para Voz. Valores esperados superiores al 98%;;;;percentage;;2;%;;0 to 100;;;;;yes;100*RRC_SUCCESS_CS/RRC_ATTEMPTS_CS;;;;PM_RRC_SETUP_CELL,PM_CELLUPDATE_CELL;subnetwork,rbs,label;;
WIRELESS;MEX;NOKIA;RAN_3G;PM;QoS;UCELL;RRC_ACC_CS;RRC_ACC_CS;;Tasa de Éxito de Establecimiento de Conexión RRC para Voz. Valores esperados superiores al 98%;;;;percentage;;2;%;;0 to 100;;;;;yes;100*RRC_SUCCESS_CS/RRC_ATTEMPTS_CS;;;;;;;
WIRELESS;MEX;HUAWEI;RAN_3G;PM;QoS;UCELL;RRC_SUCCESS_CS;RRC_SUCCESS_CS;;Intentos exitosos de establecimiento RRC para servicios CS (voz y emergencias). Agrupa los éxitos en dos categorías, paralelamente a sus intentos: Establecimientos RRC Exitosos (Para llamadas conversacionales originadas (ORGCONVCALL), terminadas (TMCONVCALL) y de emergencia (EMGCALL) que se establecieron correctamente) y actualizaciones de Celda Exitosas (Para los mismos tipos de llamadas, cuando la reactivación de una conexión inactiva (PCH) fue exitosa).;;;;integer;;0;;;;;;;;no;sum(PM_RRC_SETUP_CELL.RRC_SUCCCONNESTAB_ORGCONVCALL+PM_RRC_SETUP_CELL.RRC_SUCCCONNESTAB_TMCONVCALL+PM_RRC_SETUP_CELL.RRC_SUCCCONNESTAB_EMGCALL+PM_CELLUPDATE_CELL.VS_SUCCCELLUPDT_ORGCONVCALL_PCH+PM_CELLUPDATE_CELL.VS_SUCCCELLUPDT_EMGCALL_PCH+PM_CELLUPDATE_CELL.VS_SUCCCELLUPDT_TMCONVCALL_PCH);;;;PM_RRC_SETUP_CELL,PM_CELLUPDATE_CELL;subnetwork,rbs,label;;
WIRELESS;MEX;ERICSSON;RAN_3G;PM;QoS;UCELL;RRC_SUCCESS_CS;RRC_SUCCESS_CS;;Intentos exitosos de establecimiento RRC para servicios CS (voz y emergencias);;;;integer;;0;;;;;;;;no;SUM(PM_UTRANCELL.PMTOTNORRCCONNECTREQCSSUCC+PM_UTRANCELL.PMNOCELLUPDATESUCCMULTICS);;;;PM_UTRANCELL;subnetwork,rbs,utrancell;;
WIRELESS;MEX;NOKIA;RAN_3G;PM;QoS;UCELL;RRC_SUCCESS_CS;RRC_SUCCESS_CS;;Intentos exitosos de establecimiento RRC para servicios CS (voz y emergencias);;;;integer;;0;;;;;;;;no;SUM(IFNULL(PM_SERVICE_LEVEL.MOC_CONV_CALL_ATTS,0)-IFNULL(PM_SERVICE_LEVEL.MOC_CONV_CALL_FAILS,0)+IFNULL(PM_SERVICE_LEVEL.MTC_CONV_CALL_ATTS,0)-IFNULL(PM_SERVICE_LEVEL.MTC_CONV_CALL_FAILS,0)+IFNULL(PM_SERVICE_LEVEL.EMERGENCY_CALL_ATTS,0)-IFNULL(PM_SERVICE_LEVEL.EMERGENCY_CALL_FAILS,0)-IFNULL(PM_SERVICE_LEVEL.RRC_ACC_REL_EMERGENCY,0)-IFNULL(PM_SERVICE_LEVEL.RRC_ACC_REL_MO_CONV,0)-IFNULL(PM_SERVICE_LEVEL.RRC_ACC_REL_MT_CONV,0)+IFNULL(PM_RRC.CELL_UPDATE_SUCC_CS_CALL,0));;;;PM_SERVICE_LEVEL,PM_RRC;;;
WIRELESS;MEX;HUAWEI;RAN_3G;PM;QoS;UCELL;RRC_ATTEMPTS_CS;RRC_ATTEMPTS_CS;Intentos RRC CS;RRC_ATTEMPTS_CS=CS_ATTEMPTS_RRC. Número total de intentos de establecimiento de conexión RRC (Radio Resource Control) para servicios Circuit Switched. Incluye intentos de RRC Setup por llamadas de voz: Originadas (MO), Terminadas (MT), Emergencias e incluye también los intentos vía Cell Update cuando el UE estaba en PCH;;;;integer;;0;;;;;;;;no;IFNULL(SUM(PM_RRC_SETUP_CELL.RRC_ATTCONNESTAB_ORGCONVCALL+PM_RRC_SETUP_CELL.RRC_ATTCONNESTAB_TMCONVCALL+PM_RRC_SETUP_CELL.RRC_ATTCONNESTAB_EMGCALL+PM_CELLUPDATE_CELL.VS_ATTCELLUPDT_ORGCONVCALL_PCH+PM_CELLUPDATE_CELL.VS_ATTCELLUPDT_TMCONVCALL_PCH+PM_CELLUPDATE_CELL.VS_ATTCELLUPDT_EMGCALL_PCH),0);;;;PM_RRC_SETUP_CELL,PM_CELLUPDATE_CELL;subnetwork,rbs,label;;
WIRELESS;MEX;ERICSSON;RAN_3G;PM;QoS;UCELL;RRC_ATTEMPTS_CS;RRC_ATTEMPTS_CS;Intentos RRC CS;Número total de intentos de establecimiento de conexión RRC para servicios Circuit Switched. Se resta PMNOLOADSHARINGRRCCONNCS para evitar contar duplicados por load sharing.;;;;integer;;0;;;;;;;;no;SUM(PM_UTRANCELL.PMTOTNORRCCONNECTREQCS+PM_UTRANCELL.PMNOCELLUPDATEATTMULTICS-PM_UTRANCELL.PMNOLOADSHARINGRRCCONNCS);;;;PM_UTRANCELL;subnetwork,rbs,utrancell;;
WIRELESS;MEX;NOKIA;RAN_3G;PM;QoS;UCELL;RRC_ATTEMPTS_CS;RRC_ATTEMPTS_CS;Intentos RRC CS;"Número total de intentos de establecimiento de conexión RRC para servicios Circuit Switched. Refleja intentos ""limpios"", sin duplicados ni abortos. Empieza con los intentos de llamadas (MO, MT, emergencias). Resta: intentos repetidos, accesos rechazados o abortados, rechazos de RRC Setup. Añade los Cell Update para llamadas CS.";;;;integer;;0;;;;;;;;no;SUM(IFNULL(PM_SERVICE_LEVEL.MOC_CONV_CALL_ATTS,0)+IFNULL(PM_SERVICE_LEVEL.MTC_CONV_CALL_ATTS,0)+IFNULL(PM_SERVICE_LEVEL.EMERGENCY_CALL_ATTS,0)-IFNULL(PM_SERVICE_LEVEL.RRC_ATT_REP_MO_CONV,0)-IFNULL(PM_SERVICE_LEVEL.RRC_ATT_REP_MT_CONV,0)-IFNULL(PM_SERVICE_LEVEL.RRC_ATT_REP_EMERGENCY,0)-IFNULL(PM_SERVICE_LEVEL.RRC_ACC_REL_EMERGENCY,0)-IFNULL(PM_SERVICE_LEVEL.RRC_ACC_REL_MO_CONV,0)-IFNULL(PM_SERVICE_LEVEL.RRC_ACC_REL_MT_CONV,0)-IFNULL(PM_SERVICE_LEVEL.RRC_CONN_STP_REJ_EMERG_CALL,0)+IFNULL(PM_RRC.CELL_UPDATE_ATT_CS_CALL,0));;;;PM_SERVICE_LEVEL,PM_RRC;;;
WIRELESS;MEX;ERICSSON;RAN_3G;PM;QoS;UCELL;RRC_FAILURES_CS;RRC_FAILURES_CS;;Fallos en el establecimiento de conexiones RRC para llamadas CS;;;;integer;;0;;;;;;;;yes;RRC_ATTEMPTS_CS-RRC_SUCCESS_CS;;;;PM_UTRANCELL;subnetwork,rbs,utrancell;;
WIRELESS;MEX;HUAWEI;RAN_3G;PM;QoS;UCELL;CS_FAILURES_RRC;CS_FAILURES_RRC;;Fallos en el establecimiento de conexiones RRC para llamadas CS;;;;integer;;0;;;;;;;;yes;RRC_ATTEMPTS_CS-RRC_SUCCESS_CS;;;;PM_RRC_SETUP_CELL,PM_CELLUPDATE_CELL;subnetwork,rbs,label;;
WIRELESS;MEX;NOKIA;RAN_3G;PM;QoS;UCELL;CS_FAILURES_RRC;CS_FAILURES_RRC;;Fallos en el establecimiento de conexiones RRC para llamadas CS;;;;integer;;0;;;;;;;;yes;RRC_ATTEMPTS_CS-RRC_SUCCESS_CS;;;;PM_SERVICE_LEVEL,PM_RRC;;;
WIRELESS;MEX;NOKIA;RAN_3G;PM;QoS;UCELL;RAB_ACC_CS;RAB_ACC_CS;;Tasa de Éxito de Establecimiento de Conexión RAB para Voz. Valores esperados superiores al 98%;;;;percentage;;2;%;;0 to 100;;;;;yes;100*RAB_SUCCESS_CS/RAB_ATTEMPTS_CS;;;;;;;
WIRELESS;MEX;HUAWEI;RAN_3G;PM;QoS;UCELL;RAB_ACC_CS;RAB_ACC_CS;;Tasa de Éxito de Establecimiento de Conexión RAB para Voz. Valores esperados superiores al 98%;;;;percentage;;2;%;;0 to 100;;;;;yes;100*RAB_SUCCESS_CS/RAB_ATTEMPTS_CS;;;;PM_RAB_ESTABCS_CELL;subnetwork,rbs,label;;
WIRELESS;MEX;ERICSSON;RAN_3G;PM;QoS;UCELL;RAB_ACC_CS;RAB_ACC_CS;;Tasa de Éxito de Establecimiento de Conexión RAB para Voz. Valores esperados superiores al 98%;;;;percentage;;2;%;;0 to 100;;;;;yes;100*RAB_SUCCESS_CS/RAB_ATTEMPTS_CS;;;;PM_UTRANCELL;subnetwork,rbs,utrancell;;
WIRELESS;MEX;HUAWEI;RAN_3G;PM;QoS;UCELL;RAB_SUCCESS_CS;RAB_SUCCESS_CS;;RAB_SUCCESS_CS=IRAT_LEAKAGE_DENOM. Representa el número total de RAB CS exitosos en la red 3G, tanto para llamadas de voz convencionales como para streaming de voz;;;;integer;;0;;;;;;;;no;sum(PM_RAB_ESTABCS_CELL.VS_RAB_SUCCESTABCS_CONV+PM_RAB_ESTABCS_CELL.VS_RAB_SUCCESTABCS_STR);;;;PM_RAB_ESTABCS_CELL;subnetwork,rbs,label;;
WIRELESS;MEX;ERICSSON;RAN_3G;PM;QoS;UCELL;RAB_SUCCESS_CS;RAB_SUCCESS_CS;;RAB_SUCC_SPEECH=RAB_SUCCESS_CS.Representa el número total de RAB CS exitosos en la red 3G (PMNORABESTABLISHSUCCESSSPEECH), codificación 64 (PMNORABESTABLISHSUCCESSCS64) y reintentos (PMNODIRRETRYSUCCESS).;;;;integer;;0;;;;;;;;no;SUM(PM_UTRANCELL.PMNORABESTABLISHSUCCESSSPEECH+IFNULL(PM_UTRANCELL.PMNORABESTABLISHSUCCESSCS64,0)+IFNULL(PM_UTRANCELL.PMNODIRRETRYSUCCESS,0));;;;PM_UTRANCELL;subnetwork,rbs,utrancell;;
WIRELESS;MEX;NOKIA;RAN_3G;PM;QoS;UCELL;RAB_SUCCESS_CS;RAB_SUCCESS_CS;;RAB_SUCCESS_CS=NAS_ATTEMPTS_CS=NAS_SUCCESS_CS. Representa el número total de RAB CS exitosos en la red 3G;;;;integer;;0;;;;;;;;no;SUM(IFNULL(PM_SERVICE_LEVEL.RAB_ACC_COMP_CS_VOICE,0));;;;PM_SERVICE_LEVEL;;;
WIRELESS;MEX;HUAWEI;RAN_3G;PM;QoS;UCELL;RAB_ATTEMPTS_CS;RAB_ATTEMPTS_CS;;RAB_ATTEMPTS_CS=CS_ATTEMPTS_RAB=NAS_ATTEMPTS_CS=NAS_SUCCESS_CS. Número de intentos de establecimiento de RAB (Radio Access Bearer) para llamadas CS (Circuit Switched);;;;integer;;0;;;;;;;;yes;IFNULL(RAB_ATT_CS,0);;;;PM_RAB_ESTABCS_CELL;subnetwork,rbs,label;;
WIRELESS;MEX;ERICSSON;RAN_3G;PM;QoS;UCELL;RAB_ATTEMPTS_CS;RAB_ATTEMPTS_CS;;RAB_ATTEMPTS_CS=RAB_ATTEMPTS_SPEECH. Número de intentos de establecimiento de RAB (Radio Access Bearer) para llamadas CS (Circuit Switched) incluyendo reintentos (PMNODIRRETRYATT);;;;integer;;0;;;;;;;;no;SUM(PM_UTRANCELL.PMNORABESTABLISHATTEMPTSPEECH+IFNULL(PM_UTRANCELL.PMNORABESTABLISHATTEMPTCS64,0)+IFNULL(PM_UTRANCELL.PMNODIRRETRYATT,0));;;;PM_UTRANCELL;subnetwork,rbs,utrancell;;
WIRELESS;MEX;NOKIA;RAN_3G;PM;QoS;UCELL;RAB_ATTEMPTS_CS;RAB_ATTEMPTS_CS;;RAB_ATTEMPTS_SPEECH=RAB_ATTEMPTS_CS. Número de intentos de establecimiento de RAB (Radio Access Bearer) para llamadas CS (Circuit Switched);;;;integer;;0;;;;;;;;no;SUM(IFNULL(PM_SERVICE_LEVEL.RAB_STP_ATT_CS_VOICE,0));;;;PM_SERVICE_LEVEL;;;
WIRELESS;MEX;HUAWEI;RAN_3G;PM;QoS;UCELL;CS_FAILURES_RAB;CS_FAILURES_RAB;;Fallos en el establecimiento de conexiones RAB para llamadas CS;;;;integer;;0;;;;;;;;yes;RAB_ATTEMPTS_CS-RAB_SUCCESS_CS;;;;PM_RAB_ESTABCS_CELL;subnetwork,rbs,label;;
WIRELESS;MEX;ERICSSON;RAN_3G;PM;QoS;UCELL;CS_FAILURES_RAB;CS_FAILURES_RAB;;Fallos en el establecimiento de conexiones RAB para llamadas CS;;;;integer;;0;;;;;;;;yes;RAB_ATTEMPTS_CS-RAB_SUCCESS_CS;;;;PM_UTRANCELL;subnetwork,rbs,utrancell;;
WIRELESS;MEX;NOKIA;RAN_3G;PM;QoS;UCELL;CS_FAILURES_RAB;CS_FAILURES_RAB;;Fallos en el establecimiento de conexiones RAB para llamadas CS;;;;integer;;0;;;;;;;;yes;RAB_ATTEMPTS_CS-RAB_SUCCESS_CS;;;;PM_SERVICE_LEVEL;;;
WIRELESS;MEX;HUAWEI;RAN_3G;PM;QoS;UCELL;DROP_NUM_CS;DROP_NUM_CS;;DROPS_VOICE=DROP_NUM_CS. Número de conexiones caidas CS (llamadas de voz). Cuenta todas las liberaciones anormales CS;;;;integer;;0;;;;;;;;no;SUM(PM_RAB_RELABNORMAL_CELL.VS_RAB_ABNORMREL_CS);;;;PM_RAB_RELABNORMAL_CELL;subnetwork,rbs,label;;
WIRELESS;MEX;ERICSSON;RAN_3G;PM;QoS;UCELL;DROP_NUM_CS;DROP_NUM_CS;;"DROPS_VOICE=DROP_NUM_CS. Número de conexiones caidas CS (llamadas de voz). Cuenta liberaciones anormales del tipo ""no system""";;;;integer;;0;;;;;;;;no;SUM(PM_UTRANCELL.PMNOSYSTEMRABRELEASESPEECH);;;;PM_UTRANCELL;subnetwork,rbs,utrancell;;
WIRELESS;MEX;NOKIA;RAN_3G;PM;QoS;UCELL;DROP_NUM_CS;DROP_NUM_CS;;DROPS_VOICE=DROP_NUM_CS. Número de conexiones caidas CS (llamadas de voz). Suma de múltiples causas de fallo: IU, radio, BTS, IUR, RNC, UE, transporte;;;;integer;;0;;;;;;;;no;SUM(IFNULL(PM_SERVICE_LEVEL.RAB_ACT_FAIL_CS_VOICE_IU,0)+IFNULL(PM_SERVICE_LEVEL.RAB_ACT_FAIL_CS_VOICE_RADIO,0)+IFNULL(PM_SERVICE_LEVEL.RAB_ACT_FAIL_CS_VOICE_BTS,0)+IFNULL(PM_SERVICE_LEVEL.RAB_ACT_FAIL_CS_VOICE_IUR,0)+IFNULL(PM_SERVICE_LEVEL.RAB_ACT_FAIL_CS_VOICE_RNC,0)+IFNULL(PM_SERVICE_LEVEL.RAB_ACT_FAIL_CS_VOICE_UE,0)+IFNULL(PM_SERVICE_LEVEL.RAB_ACT_FAIL_CS_VOICE_TRANS,0));;;;PM_SERVICE_LEVEL;;;
WIRELESS;MEX;HUAWEI;RAN_3G;PM;QoS;UCELL;DROP_DENOM_CS;DROP_DENOM_CS;;TOTAL_CALL_RET=DROP_DENOM_CS. Denominador para el cálculo de la tasa de drops (retención) de servicios de circuito (CS), específicamente el total de liberaciones de RAB para voz que se utilizan como base para medir la estabilidad de las llamadas. Suman liberaciones normales y anómalas directamente.;;;;integer;;0;;;;;;;;no;SUM(PM_RAB_RELABNORMAL_CELL.VS_RAB_NORMREL_CS+PM_RAB_RELABNORMAL_CELL.VS_RAB_ABNORMREL_CS);;;;PM_RAB_RELABNORMAL_CELL;subnetwork,rbs,label;;
WIRELESS;MEX;ERICSSON;RAN_3G;PM;QoS;UCELL;DROP_DENOM_CS;DROP_DENOM_CS;;Denominador para el cálculo de la tasa de drops (retención) de servicios de circuito (CS), específicamente el total de liberaciones de RAB para voz que se utilizan como base para medir la estabilidad de las llamadas. Suman liberaciones normales y anómalas directamente.;;;;integer;;0;;;;;;;;no;SUM(PM_UTRANCELL.PMNOSYSTEMRABRELEASESPEECH+PM_UTRANCELL.PMNONORMALRABRELEASESPEECH);;;;PM_UTRANCELL;subnetwork,rbs,utrancell;;
WIRELESS;MEX;NOKIA;RAN_3G;PM;QoS;UCELL;DROP_DENOM_CS;DROP_DENOM_CS;;Denominador para el cálculo de la tasa de drops (retención) de servicios de circuito (CS), específicamente el total de liberaciones de RAB para voz que se utilizan como base para medir la estabilidad de las llamadas. Incluye liberaciones por todas las causas (fallos, handovers, finalizaciones normales) para tener una base completa.;;;;integer;;0;;;;;;;;yes;SUM(IFNULL(PM_SERVICE_LEVEL.RAB_ACT_FAIL_CS_VOICE_IU,0)+IFNULL(PM_SERVICE_LEVEL.RAB_ACT_FAIL_CS_VOICE_RADIO,0)+IFNULL(PM_SERVICE_LEVEL.RAB_ACT_FAIL_CS_VOICE_BTS,0)+IFNULL(PM_SERVICE_LEVEL.RAB_ACT_FAIL_CS_VOICE_IUR,0)+IFNULL(PM_SERVICE_LEVEL.RAB_ACT_FAIL_CS_VOICE_RNC,0)+IFNULL(PM_SERVICE_LEVEL.RAB_ACT_FAIL_CS_VOICE_UE,0)+IFNULL(PM_SERVICE_LEVEL.RAB_ACT_FAIL_CS_VOICE_TRANS,0)+IFNULL(PM_SERVICE_LEVEL.RAB_ACT_COMP_CS_VOICE,0)+IFNULL(PM_SERVICE_LEVEL.RAB_ACT_REL_CS_VOICE_SRNC,0)+IFNULL(PM_SERVICE_LEVEL.RAB_ACT_REL_CS_VOICE_P_EMP,0)+IFNULL(PM_SERVICE_LEVEL.RAB_ACT_REL_CS_VOICE_GANHO,0)+IFNULL(PM_SERVICE_LEVEL.RAB_ACT_REL_CS_VOICE_ISHO,0)+IFNULL(PM_SERVICE_LEVEL.RAB_ACT_REL_CS_VOICE_HHO,0));;;;PM_SERVICE_LEVEL;;;
WIRELESS;MEX;ERICSSON;RAN_3G;PM;QoS;UCELL;RRC_SUCCESS_PS;RRC_SUCCESS_PS;;RRC_SUCCESS_PS=PS_RRC_SUCCESS. Total de RRC Connection Establishments exitosos en el dominio PS, incluyendo transiciones de canal y cell updates válidos. Cell Update es un procedimiento del RRC usado por el UE cuando está en estado CELL_FACH o CELL_PCH / URA_PCH y necesita informar cambios o pedir recursos.;;;;integer;;0;;;;;;;;no;(SUM(PM_UTRANCELL.PMTOTNORRCCONNECTREQPSSUCC)+SUM(IFNULL(PM_UTRANCELL.PMCHSWITCHSUCCURAFACH,0)));;;;PM_UTRANCELL;subnetwork,rbs,utrancell;;
WIRELESS;MEX;HUAWEI;RAN_3G;PM;QoS;UCELL;RRC_SUCCESS_PS;RRC_SUCCESS_PS;;Total de RRC Connection Establishments exitosos en el dominio PS, incluyendo transiciones de canal y cell updates válidos. Cell Update es un procedimiento del RRC usado por el UE cuando está en estado CELL_FACH o CELL_PCH / URA_PCH y necesita informar cambios o pedir recursos.;;;;integer;;0;;;;;;;;no;IFNULL((SUM(PM_RRC_SETUP_CELL.RRC_SUCCCONNESTAB_ORGBKGCALL+PM_RRC_SETUP_CELL.RRC_SUCCCONNESTAB_ORGINTERCALL+PM_RRC_SETUP_CELL.RRC_SUCCCONNESTAB_TMBKGCALL+PM_RRC_SETUP_CELL.RRC_SUCCCONNESTAB_TMITRCALL+PM_CELLUPDATE_CELL.VS_SUCCCELLUPDT_PAGERSP+PM_CELLUPDATE_CELL.VS_SUCCCELLUPDT_ULDATATRANS)-(SUM(PM_CELLUPDATE_CELL.VS_SUCCCELLUPDT_ORGCONVCALL_PCH+PM_CELLUPDATE_CELL.VS_SUCCCELLUPDT_TMCONVCALL_PCH+PM_CELLUPDATE_CELL.VS_SUCCCELLUPDT_EMGCALL_PCH))+SUM(PM_RRC_SETUP_CELL.RRC_SUCCCONNESTAB_ORGSTRCALL+PM_RRC_SETUP_CELL.RRC_SUCCCONNESTAB_ORGSUBCALL+PM_RRC_SETUP_CELL.RRC_SUCCCONNESTAB_TMSTRCALL+PM_RRC_SETUP_CELL.RRC_SUCCCONNESTAB_UNKOWN+PM_RRC_SETUP_CELL.RRC_SUCCCONNESTAB_ORGHHPRSIG+PM_RRC_SETUP_CELL.RRC_SUCCCONNESTAB_ORGLWPRSIG+PM_RRC_SETUP_CELL.RRC_SUCCCONNESTAB_CALLREEST+PM_RRC_SETUP_CELL.RRC_SUCCCONNESTAB_TMHHPRSIG+PM_RRC_SETUP_CELL.RRC_SUCCCONNESTAB_TMLWPRSIG)),0);;;;PM_RRC_SETUP_CELL,PM_CELLUPDATE_CELL;subnetwork,rbs,label;;
WIRELESS;MEX;NOKIA;RAN_3G;PM;QoS;UCELL;RRC_SUCCESS_PS;RRC_SUCCESS_PS;;Total de RRC Connection Establishments exitosos en el dominio PS, incluyendo transiciones de canal y cell updates válidos. Cell Update es un procedimiento del RRC usado por el UE cuando está en estado CELL_FACH o CELL_PCH / URA_PCH y necesita informar cambios o pedir recursos.;;;;integer;;0;;;;;;;;no;SUM(IFNULL(PM_SERVICE_LEVEL.MOC_INTER_CALL_ATTS,0)-IFNULL(PM_SERVICE_LEVEL.MOC_INTER_CALL_FAILS,0)+IFNULL(PM_SERVICE_LEVEL.MOC_BACKG_CALL_ATTS,0)-IFNULL(PM_SERVICE_LEVEL.MOC_BACKG_CALL_FAILS,0)+IFNULL(PM_SERVICE_LEVEL.MTC_INTER_CALL_ATTS,0)-IFNULL(PM_SERVICE_LEVEL.MTC_INTER_CALL_FAILS,0)+IFNULL(PM_SERVICE_LEVEL.MTC_BACKG_CALL_ATTS,0)-IFNULL(PM_SERVICE_LEVEL.MTC_BACKG_CALL_FAILS,0)+IFNULL(PM_SERVICE_LEVEL.MOC_HIGH_PRIOR_SIGN_ATTS,0)-IFNULL(PM_SERVICE_LEVEL.MOC_HIGH_PRIOR_SIGN_FAILS,0)+IFNULL(PM_SERVICE_LEVEL.MTC_HIGH_PRIOR_SIGN_ATTS,0)-IFNULL(PM_SERVICE_LEVEL.MTC_HIGH_PRIOR_SIGN_FAILS,0)-IFNULL(PM_SERVICE_LEVEL.RRC_ACC_REL_INTERACTIVE,0)-IFNULL(PM_SERVICE_LEVEL.RRC_ACC_REL_MO_BACKGROUND,0)-IFNULL(PM_SERVICE_LEVEL.RRC_ACC_REL_MO_HIGH_PR_SIGN,0)-IFNULL(PM_SERVICE_LEVEL.RRC_ACC_REL_MO_INTERACTIVE,0)-IFNULL(PM_SERVICE_LEVEL.RRC_ACC_REL_MT_BACKGROUND,0)-IFNULL(PM_SERVICE_LEVEL.RRC_ACC_REL_MT_HIGH_PR_SIGN,0));;;;PM_SERVICE_LEVEL;;;
WIRELESS;MEX;ERICSSON;RAN_3G;PM;QoS;UCELL;RRC_ATTEMPTS_PS;RRC_ATTEMPTS_PS;Intentos RRC PS;RRC_ATTEMPTS_PS=PS_RRC_ATTEMPTS. Número de veces que se intentó establecer una conexión RRC para servicios de datos (PS). Es el primer paso en el proceso de acceso del usuario a la red para transmitir datos. Ajusta por load sharing;;;;integer;;0;;;;;;;;no;SUM(PM_UTRANCELL.PMTOTNORRCCONNECTREQPS)-SUM(PM_UTRANCELL.PMNOLOADSHARINGRRCCONNPS)+SUM(IFNULL(PM_UTRANCELL.PMCHSWITCHATTEMPTURAFACH,0));;;;PM_UTRANCELL;subnetwork,rbs,utrancell;;
WIRELESS;MEX;HUAWEI;RAN_3G;PM;QoS;UCELL;RRC_ATTEMPTS_PS;RRC_ATTEMPTS_PS;Intentos RRC PS;Número de veces que se intentó establecer una conexión RRC para servicios de datos (PS). Es el primer paso en el proceso de acceso del usuario a la red para transmitir datos. Incluye Cell Update y tipos de llamada;;;;integer;;0;;;;;;;;no;"IFNULL(
(SUM(
PM_RRC_SETUP_CELL.RRC_ATTCONNESTAB_ORGBKGCALL+PM_RRC_SETUP_CELL.RRC_ATTCONNESTAB_ORGINTERCALL+PM_RRC_SETUP_CELL.RRC_ATTCONNESTAB_TMBKGCALL+PM_RRC_SETUP_CELL.RRC_ATTCONNESTAB_TMINTERCALL+PM_CELLUPDATE_CELL.VS_ATTCELLUPDT_PAGERSP+PM_CELLUPDATE_CELL.VS_ATTCELLUPDT_ULDATATRANS)-(SUM(PM_CELLUPDATE_CELL.VS_ATTCELLUPDT_ORGCONVCALL_PCH+PM_CELLUPDATE_CELL.VS_ATTCELLUPDT_TMCONVCALL_PCH+PM_CELLUPDATE_CELL.VS_ATTCELLUPDT_EMGCALL_PCH))+SUM(PM_RRC_SETUP_CELL.RRC_ATTCONNESTAB_ORGSTRCALL+PM_RRC_SETUP_CELL.RRC_ATTCONNESTAB_ORGSUBCALL+PM_RRC_SETUP_CELL.RRC_ATTCONNESTAB_TMSTRCALL+PM_RRC_SETUP_CELL.RRC_ATTCONNESTAB_UNKNOWN+PM_RRC_SETUP_CELL.RRC_ATTCONNESTAB_ORGHHPRSIG+PM_RRC_SETUP_CELL.RRC_ATTCONNESTAB_ORGLWPRSIG+PM_RRC_SETUP_CELL.RRC_ATTCONNESTAB_CALLREEST+PM_RRC_SETUP_CELL.RRC_ATTCONNESTAB_TMHHPRSIG+PM_RRC_SETUP_CELL.RRC_ATTCONNESTAB_TMLWPRSIG)),
0)";;;;PM_RRC_SETUP_CELL,PM_CELLUPDATE_CELL;subnetwork,rbs,label, tiimestamp;;
WIRELESS;MEX;NOKIA;RAN_3G;PM;QoS;UCELL;RRC_ATTEMPTS_PS;RRC_ATTEMPTS_PS;Intentos RRC PS;Número de veces que se intentó establecer una conexión RRC para servicios de datos (PS). Es el primer paso en el proceso de acceso del usuario a la red para transmitir datos. Ajusta por intentos reportados y liberaciones;;;;integer;;0;;;;;;;;no;SUM(IFNULL(PM_SERVICE_LEVEL.MOC_INTER_CALL_ATTS,0)+IFNULL(PM_SERVICE_LEVEL.MOC_BACKG_CALL_ATTS,0)+IFNULL(PM_SERVICE_LEVEL.MOC_HIGH_PRIOR_SIGN_ATTS,0)+IFNULL(PM_SERVICE_LEVEL.MTC_INTER_CALL_ATTS,0)+IFNULL(PM_SERVICE_LEVEL.MTC_BACKG_CALL_ATTS,0)+IFNULL(PM_SERVICE_LEVEL.MTC_HIGH_PRIOR_SIGN_ATTS,0)-IFNULL(PM_SERVICE_LEVEL.RRC_ATT_REP_INTERACTIVE,0)-IFNULL(PM_SERVICE_LEVEL.RRC_ATT_REP_MO_INTERACTIVE,0)-IFNULL(PM_SERVICE_LEVEL.RRC_ATT_REP_MO_HIGH_PR_SIGN,0)-IFNULL(PM_SERVICE_LEVEL.RRC_ATT_REP_MO_BACKGROUND,0)-IFNULL(PM_SERVICE_LEVEL.RRC_ATT_REP_MT_BACKGROUND,0)-IFNULL(PM_SERVICE_LEVEL.RRC_ATT_REP_MT_HIGH_PR_SIGN,0)-IFNULL(PM_SERVICE_LEVEL.RRC_ACC_REL_INTERACTIVE,0)-IFNULL(PM_SERVICE_LEVEL.RRC_ACC_REL_MO_BACKGROUND,0)-IFNULL(PM_SERVICE_LEVEL.RRC_ACC_REL_MO_HIGH_PR_SIGN,0)-IFNULL(PM_SERVICE_LEVEL.RRC_ACC_REL_MO_INTERACTIVE,0)-IFNULL(PM_SERVICE_LEVEL.RRC_ACC_REL_MT_BACKGROUND,0)-IFNULL(PM_SERVICE_LEVEL.RRC_ACC_REL_MT_HIGH_PR_SIGN,0));;;;PM_SERVICE_LEVEL;;;
WIRELESS;MEX;HUAWEI;RAN_3G;PM;QoS;UCELL;PS_FAIILURE_RRC;PS_FAIILURE_RRC;;PS_FAIILURE_RRC puede considerarse PS_FAILURE_RRC. Fallos en acceso RRC PS antes de llegar siquiera a un RAB PS;;;;integer;;0;;;;;;;;yes;RRC_ATTEMPTS_PS-RRC_SUCCESS_PS;;;;PM_RRC_SETUP_CELL,PM_CELLUPDATE_CELL;subnetwork,rbs,label;;
WIRELESS;MEX;ERICSSON;RAN_3G;PM;QoS;UCELL;PS_FAIILURE_RRC;PS_FAIILURE_RRC;;PS_FAIILURE_RRC puede considerarse PS_FAILURE_RRC. Fallos en acceso RRC PS antes de llegar siquiera a un RAB PS;;;;integer;;0;;;;;;;;yes;RRC_ATTEMPTS_PS-RRC_SUCCESS_PS;;;;PM_UTRANCELL;subnetwork,rbs,utrancell;;
WIRELESS;MEX;NOKIA;RAN_3G;PM;QoS;UCELL;PS_FAILURE_RRC;PS_FAILURE_RRC;;Número total de fallos en el establecimiento de conexiones RRC para servicios de paquete (PS - Packet Switched).;;;;integer;;0;;;;;;;;yes;RRC_ATTEMPTS_PS-RRC_SUCCESS_PS;;;;PM_SERVICE_LEVEL;;;
WIRELESS;MEX;ERICSSON;RAN_3G;PM;QoS;UCELL;PS_ACCESSIBILITY_RAB;PS_ACCESSIBILITY_RAB;;Tasa de accesibilidad de portadoras de datos (RAB) para servicios de paquete (PS). Un valor bajo sugiere problemas de congestión, interferencia o configuración incorrecta.;;;;percentage;;2;%;;0 to 100;;;;;yes;100*RAB_SUCCESS_PS/RAB_ATTEMPTS_PS;;;;PM_UTRANCELL,PM_UTRANCELL_X;subnetwork,rbs,utrancell;;
WIRELESS;MEX;HUAWEI;RAN_3G;PM;QoS;UCELL;PS_ACCESSIBILITY_RAB;PS_ACCESSIBILITY_RAB;;Tasa de accesibilidad de portadoras de datos (RAB) para servicios de paquete (PS). Un valor bajo sugiere problemas de congestión, interferencia o configuración incorrecta.;;;;percentage;;2;%;;0 to 100;;;;;yes;100*RAB_SUCCESS_PS/RAB_ATTEMPTS_PS;;;;PM_RAB_ESTABPS_CELL,PM_ALGO2_CELL;subnetwork,rbs,label;;
WIRELESS;MEX;NOKIA;RAN_3G;PM;QoS;UCELL;PS_ACCESSIBILITY_RAB;PS_ACCESSIBILITY_RAB;;Tasa de accesibilidad de portadoras de datos (RAB) para servicios de paquete (PS). Un valor bajo sugiere problemas de congestión, interferencia o configuración incorrecta.;;;;percentage;;2;%;;0 to 100;;;;;yes;100*RAB_SUCCESS_PS/RAB_ATTEMPTS_PS;;;;PM_SERVICE_LEVEL,PM_RRC;;;
WIRELESS;MEX;ERICSSON;RAN_3G;PM;QoS;UCELL;PS_ACCESSIBILITY_RRC;PS_ACCESSIBILITY_RRC;;Tasa de éxito (%) en el establecimiento de conexiones RRC para servicios de datos paquetizados (PS) en 3G;;;;percentage;;2;%;;0 to 100;;;;;yes;100*RRC_SUCCESS_PS/RRC_ATTEMPTS_PS;;;;PM_UTRANCELL;subnetwork,rbs,utrancell;;
WIRELESS;MEX;HUAWEI;RAN_3G;PM;QoS;UCELL;PS_ACCESSIBILITY_RRC;PS_ACCESSIBILITY_RRC;;Tasa de éxito (%) en el establecimiento de conexiones RRC para servicios de datos paquetizados (PS) en 3G;;;;percentage;;2;%;;0 to 100;;;;;yes;100*RRC_SUCCESS_PS/RRC_ATTEMPTS_PS;;;;PM_RRC_SETUP_CELL,PM_CELLUPDATE_CELL;subnetwork,rbs,label;;
WIRELESS;MEX;NOKIA;RAN_3G;PM;QoS;UCELL;PS_ACCESSIBILITY_RRC;PS_ACCESSIBILITY_RRC;;Tasa de éxito (%) en el establecimiento de conexiones RRC para servicios de datos paquetizados (PS) en 3G;;;;percentage;;2;%;;0 to 100;;;;;yes;100*RRC_SUCCESS_PS/RRC_ATTEMPTS_PS;;;;PM_SERVICE_LEVEL;;;
WIRELESS;MEX;ERICSSON;RAN_3G;PM;QoS;UCELL;RAB_SUCCESS_PS;RAB_SUCCESS_PS;;RAB_SUCCESS_PS=PS_RAB_SUCCESS. Número total de RAB PS establecidos con éxito, incluyendo intentos por tipo de tráfico y aquellos generados por movilidad/cambio de canal, excluyendo duplicidades con CS.;;;;integer;;0;;;;;;;;no;(SUM(PM_UTRANCELL.PMNORABESTABLISHSUCCESSPACKETINTERACTIVE)+SUM(IFNULL(PM_UTRANCELL.PMCHSWITCHSUCCURAHS,0))+SUM(IFNULL(PM_UTRANCELL.PMCHSWITCHSUCCURADCH,0))-SUM(IFNULL(PM_UTRANCELL_X.PMCHSWITCHSUCCURAHSCSINIT,0))-SUM(IFNULL(PM_UTRANCELL_X.PMCHSWITCHSUCCURADCHCSINIT,0)));;;;PM_UTRANCELL,PM_UTRANCELL_X;subnetwork,rbs,utrancell;;
WIRELESS;MEX;HUAWEI;RAN_3G;PM;QoS;UCELL;RAB_SUCCESS_PS;RAB_SUCCESS_PS;;RAB_SUCCESS_PS=PS_SUCCESS_RAB. Número total de RAB PS establecidos con éxito, incluyendo intentos por tipo de tráfico y aquellos generados por movilidad/cambio de canal, excluyendo duplicidades con CS.;;;;integer;;0;;;;;;;;no;IFNULL((SUM(PM_RAB_ESTABPS_CELL.VS_RAB_SUCCESTABPS_CONV+PM_RAB_ESTABPS_CELL.VS_RAB_SUCCESTABPS_STR+PM_RAB_ESTABPS_CELL.VS_RAB_SUCCESTABPS_INT+PM_RAB_ESTABPS_CELL.VS_RAB_SUCCESTABPS_BKG+PM_ALGO2_CELL.VS_DCCC_SUCC_F2D_AFTERP2F)),0);;;;PM_RAB_ESTABPS_CELL,PM_ALGO2_CELL;subnetwork,rbs,label;;
WIRELESS;MEX;NOKIA;RAN_3G;PM;QoS;UCELL;RAB_SUCCESS_PS;RAB_SUCCESS_PS;;RAB_SUCCESS_PS=NAS_ATTEMPTS_PS=NAS_SUCCESS_PS. Número total de RAB PS establecidos con éxito, incluyendo intentos por tipo de tráfico y aquellos generados por movilidad/cambio de canal, excluyendo duplicidades con CS.;;;;integer;;0;;;;;;;;no;SUM(IFNULL(PM_SERVICE_LEVEL.RAB_ACC_COMP_PS_INTER,0)+IFNULL(PM_SERVICE_LEVEL.RAB_ACC_COMP_PS_BACKG,0)+IFNULL(PM_SERVICE_LEVEL.RAB_ACC_COMP_PS_STREA,0)+IFNULL(PM_RRC.SUCC_FACH_TO_HS_DSCH,0));;;;PM_SERVICE_LEVEL,PM_RRC;;;
WIRELESS;MEX;ERICSSON;RAN_3G;PM;QoS;UCELL;RAB_ATTEMPTS_PS;RAB_ATTEMPTS_PS;;RAB_ATTEMPTS_PS=PS_RAB_ATTEMPTS. Este KPI mide cuántas veces se intentó establecer una portadora RAB (Radio Access Bearer) para servicios PS incluyendo la conmutaciones de canal. Es una fase posterior al establecimiento RRC y refleja el intento de habilitar el canal de datos entre el UE y la red.;;;;integer;;0;;;;;;;;no;(SUM(PM_UTRANCELL.PMNORABESTABLISHATTEMPTPACKETINTERACTIVE)+SUM(IFNULL(PM_UTRANCELL.PMCHSWITCHATTEMPTURAHS,0))+SUM(IFNULL(PM_UTRANCELL.PMCHSWITCHATTEMPTURADCH,0))-SUM(IFNULL(PM_UTRANCELL_X.PMCHSWITCHATTEMPTURAHSCSINIT,0))-SUM(IFNULL(PM_UTRANCELL_X.PMCHSWITCHATTEMPTURADCHCSINIT,0)));;;;PM_UTRANCELL,PM_UTRANCELL_X;subnetwork,rbs,utrancell;;
WIRELESS;MEX;HUAWEI;RAN_3G;PM;QoS;UCELL;RAB_ATTEMPTS_PS;RAB_ATTEMPTS_PS;;RAB_ATTEMPTS_PS=PS_ATTEMPTS_RAB=NAS_ATTEMPTS_PS=NAS_SUCCESS_PS. Este KPI mide cuántas veces se intentó establecer una portadora RAB (Radio Access Bearer) para servicios PS incluyendo la conmutaciones de canal. Es una fase posterior al establecimiento RRC y refleja el intento de habilitar el canal de datos entre el UE y la red.;;;;integer;;0;;;;;;;;no;IFNULL((SUM(PM_RAB_ESTABPS_CELL.VS_RAB_ATTESTABPS_CONV+PM_RAB_ESTABPS_CELL.VS_RAB_ATTESTABPS_STR+PM_RAB_ESTABPS_CELL.VS_RAB_ATTESTABPS_INT+PM_RAB_ESTABPS_CELL.VS_RAB_ATTESTABPS_BKG+PM_ALGO2_CELL.VS_DCCC_ATT_F2D_AFTERP2F)),0);;;;PM_RAB_ESTABPS_CELL,PM_ALGO2_CELL;subnetwork,rbs,label;;
WIRELESS;MEX;NOKIA;RAN_3G;PM;QoS;UCELL;RAB_ATTEMPTS_PS;RAB_ATTEMPTS_PS;;Este KPI mide cuántas veces se intentó establecer una portadora RAB (Radio Access Bearer) para servicios PS incluyendo la conmutaciones de canal. Es una fase posterior al establecimiento RRC y refleja el intento de habilitar el canal de datos entre el UE y la red.;;;;integer;;0;;;;;;;;no;SUM(IFNULL(PM_SERVICE_LEVEL.RAB_STP_ATT_PS_INTER,0)+IFNULL(PM_SERVICE_LEVEL.RAB_STP_ATT_PS_BACKG,0)+IFNULL(PM_SERVICE_LEVEL.RAB_STP_ATT_PS_STREA,0)+IFNULL(PM_RRC.ATT_FACH_TO_HS_DSCH,0));;;;PM_SERVICE_LEVEL,PM_RRC;;;
WIRELESS;MEX;HUAWEI;RAN_3G;PM;QoS;UCELL;PS_FAILURES_RAB;PS_FAILURES_RAB;;Número de fallos en el establecimiento de portadoras RAB para servicios Packet-Switched (PS);;;;integer;;0;;;;;;;;no;IFNULL((SUM(PM_RAB_ESTABPS_CELL.VS_RAB_ATTESTABPS_CONV+PM_RAB_ESTABPS_CELL.VS_RAB_ATTESTABPS_STR+PM_RAB_ESTABPS_CELL.VS_RAB_ATTESTABPS_INT+PM_RAB_ESTABPS_CELL.VS_RAB_ATTESTABPS_BKG+PM_ALGO2_CELL.VS_DCCC_ATT_F2D_AFTERP2F))-(SUM(PM_RAB_ESTABPS_CELL.VS_RAB_SUCCESTABPS_CONV+PM_RAB_ESTABPS_CELL.VS_RAB_SUCCESTABPS_STR+PM_RAB_ESTABPS_CELL.VS_RAB_SUCCESTABPS_INT+PM_RAB_ESTABPS_CELL.VS_RAB_SUCCESTABPS_BKG+PM_ALGO2_CELL.VS_DCCC_SUCC_F2D_AFTERP2F)),0);;;;PM_RAB_ESTABPS_CELL,PM_ALGO2_CELL;subnetwork,rbs,label;;
WIRELESS;MEX;ERICSSON;RAN_3G;PM;QoS;UCELL;PS_FAILURES_RAB;PS_FAILURES_RAB;;Número de fallos en el establecimiento de portadoras RAB para servicios Packet-Switched (PS);;;;integer;;0;;;;;;;;no;(SUM(PM_UTRANCELL.PMNORABESTABLISHATTEMPTPACKETINTERACTIVE)+ SUM(IFNULL(PM_UTRANCELL.PMCHSWITCHATTEMPTURAHS,0))+ SUM(IFNULL(PM_UTRANCELL.PMCHSWITCHATTEMPTURADCH,0))- SUM(IFNULL(PM_UTRANCELL_X.PMCHSWITCHATTEMPTURAHSCSINIT,0))- SUM(IFNULL(PM_UTRANCELL_X.PMCHSWITCHATTEMPTURADCHCSINIT,0)))-(SUM(PM_UTRANCELL.PMNORABESTABLISHSUCCESSPACKETINTERACTIVE)+ SUM(IFNULL(PM_UTRANCELL.PMCHSWITCHSUCCURAHS,0))+ SUM(IFNULL(PM_UTRANCELL.PMCHSWITCHSUCCURADCH,0))- SUM(IFNULL(PM_UTRANCELL_X.PMCHSWITCHSUCCURAHSCSINIT,0))- SUM(IFNULL(PM_UTRANCELL_X.PMCHSWITCHSUCCURADCHCSINIT,0)));;;;PM_UTRANCELL,PM_UTRANCELL_X;subnetwork,rbs,utrancell;;
WIRELESS;MEX;NOKIA;RAN_3G;PM;QoS;UCELL;PS_FAILURES_RAB;PS_FAILURES_RAB;;Número de fallos en el establecimiento de portadoras RAB para servicios Packet-Switched (PS);;;;integer;;0;;;;;;;;yes;RAB_ATTEMPTS_PS-RAB_SUCCESS_PS;;;;PM_SERVICE_LEVEL,PM_RRC;;;
WIRELESS;MEX;ERICSSON;RAN_3G;PM;QoS;UCELL;VOICE_RETAINABILITY;VOICE_RETAINABILITY;; Capacidad de la red para mantener activas las llamadas de voz (CS - Circuit Switched) sin interrupciones anormales (fallos de red, interferencia, movilidad, etc.). Este indicador es clave para evaluar la calidad de experiencia del usuario en servicios de voz.;;;;percentage;;2;%;;0 to 100;;;;;yes;ROUND(IFNULL((100-((DROPS_VOICE/(SUM(PM_UTRANCELL.PMNOSYSTEMRABRELEASESPEECH+PM_UTRANCELL.PMNONORMALRABRELEASESPEECH)))*100)),0),2);;;;PM_UTRANCELL;subnetwork,rbs,utrancell;;
WIRELESS;MEX;HUAWEI;RAN_3G;PM;QoS;UCELL;VOICE_RETAINABILITY;VOICE_RETAINABILITY;;Capacidad de la red para mantener activas las llamadas de voz (CS - Circuit Switched) sin interrupciones anormales (fallos de red, interferencia, movilidad, etc.). Este indicador es clave para evaluar la calidad de experiencia del usuario en servicios de voz.;;;;percentage;;2;%;;0 to 100;;;;;yes;ROUND(100-IFNULL((DROP_NUM_CS/DROP_DENOM_CS*100),0),2);;;;PM_RAB_RELABNORMAL_CELL;subnetwork,rbs,label;;
WIRELESS;MEX;NOKIA;RAN_3G;PM;QoS;UCELL;VOICE_RETAINABILITY;VOICE_RETAINABILITY;; Capacidad de la red para mantener activas las llamadas de voz (CS - Circuit Switched) sin interrupciones anormales (fallos de red, interferencia, movilidad, etc.). Este indicador es clave para evaluar la calidad de experiencia del usuario en servicios de voz.;;;;percentage;;2;%;;0 to 100;;;;;yes;ROUND(IFNULL(100*(1-(DROPS_VOICE/SUM(IFNULL(PM_SERVICE_LEVEL.RAB_ACT_FAIL_CS_VOICE_IU,0)+IFNULL(PM_SERVICE_LEVEL.RAB_ACT_FAIL_CS_VOICE_RADIO,0)+IFNULL(PM_SERVICE_LEVEL.RAB_ACT_FAIL_CS_VOICE_BTS,0)+IFNULL(PM_SERVICE_LEVEL.RAB_ACT_FAIL_CS_VOICE_IUR,0)+IFNULL(PM_SERVICE_LEVEL.RAB_ACT_FAIL_CS_VOICE_RNC,0)+IFNULL(PM_SERVICE_LEVEL.RAB_ACT_FAIL_CS_VOICE_UE,0)+IFNULL(PM_SERVICE_LEVEL.RAB_ACT_FAIL_CS_VOICE_TRANS,0)+IFNULL(PM_SERVICE_LEVEL.RAB_ACT_COMP_CS_VOICE,0)+IFNULL(PM_SERVICE_LEVEL.RAB_ACT_REL_CS_VOICE_SRNC,0)+IFNULL(PM_SERVICE_LEVEL.RAB_ACT_REL_CS_VOICE_P_EMP,0)+IFNULL(PM_SERVICE_LEVEL.RAB_ACT_REL_CS_VOICE_GANHO,0)+IFNULL(PM_SERVICE_LEVEL.RAB_ACT_REL_CS_VOICE_ISHO,0)+IFNULL(PM_SERVICE_LEVEL.RAB_ACT_REL_CS_VOICE_HHO,0)))),0),2);;;;PM_SERVICE_LEVEL;;;
WIRELESS;MEX;ERICSSON;RAN_3G;PM;QoS;UCELL;PS_RETAINABILITY;PS_RETAINABILITY;;Tasa de retención de RAB para PS.;;;;percentage;;2;%;;0 to 100;;;;;yes;100*(1-PS_RETAINABILITY_NUM/PS_RETAINABILITY_DENOM);;;;PM_UTRANCELL;subnetwork,rbs,utrancell;;
WIRELESS;MEX;HUAWEI;RAN_3G;PM;QoS;UCELL;PS_RETAINABILITY;PS_RETAINABILITY;;Tasa de retención de RAB para PS.;;;;percentage;;2;%;;0 to 100;;;;;yes;100*(1-PS_RETAINABILITY_NUM/PS_RETAINABILITY_DENOM);;;;PM_RAB_RELABNORMAL_CELL,PM_ALGO_CELL,PM_ALGO2_CELL;subnetwork,rbs,label;;
WIRELESS;MEX;NOKIA;RAN_3G;PM;QoS;UCELL;PS_RETAINABILITY;PS_RETAINABILITY;;Tasa de retención de RAB para PS.;;;;percentage;;2;%;;0 to 100;;;;;yes;100*(1-PS_RETAINABILITY_NUM/PS_RETAINABILITY_DENOM);;;;PM_SERVICE_LEVEL;;;
WIRELESS;MEX;ERICSSON;RAN_3G;PM;QoS;UCELL;PS_RETAINABILITY_NUM;PS_RETAINABILITY_NUM;;Fallos de retención de RAB PS.;;;;integer;;0;;;;;;;;no;sum(PM_UTRANCELL.PMNOSYSTEMRABRELEASEPACKET-PM_UTRANCELL.PMNOSYSTEMRABRELEASEPACKETURA-PM_UTRANCELL.PMCHSWITCHATTEMPTFACHURA+PM_UTRANCELL.PMCHSWITCHSUCCFACHURA-PM_UTRANCELL.PMCHSWITCHATTEMPTDCHURA+PM_UTRANCELL.PMCHSWITCHSUCCDCHURA-PM_UTRANCELL.PMCHSWITCHATTEMPTHSURA+PM_UTRANCELL.PMCHSWITCHSUCCHSURA);;;;PM_UTRANCELL;subnetwork,rbs,utrancell;;
WIRELESS;MEX;HUAWEI;RAN_3G;PM;QoS;UCELL;DROPS_PS;PS_RETAINABILITY_NUM;;DROPS_PS=PS_RETAINABILITY_NUM. Fallos de retención de RAB PS.;;;;integer;;0;;;;;;;;no;SUM(PM_RAB_RELABNORMAL_CELL.VS_RAB_ABNORMREL_PS-PM_RAB_RELABNORMAL_CELL.VS_RAB_ABNORMREL_PS_PCH-PM_RAB_RELABNORMAL_CELL.VS_RAB_ABNORMREL_PS_D2P-PM_RAB_RELABNORMAL_CELL.VS_RAB_ABNORMREL_PS_F2P);;;;PM_RAB_RELABNORMAL_CELL;subnetwork,rbs,label;;
WIRELESS;MEX;NOKIA;RAN_3G;PM;QoS;UCELL;PS_RETAINABILITY_NUM;PS_RETAINABILITY_NUM;;Fallos de retención de RAB PS.;;;;integer;;0;;;;;;;;no;SUM(IFNULL(PM_SERVICE_LEVEL.RAB_ACT_FAIL_PS_BACKG_TRANS,0)+IFNULL(PM_SERVICE_LEVEL.RAB_ACT_FAIL_PS_INTER_TRANS,0)+IFNULL(PM_SERVICE_LEVEL.RAB_ACT_FAIL_PS_INTER_IU,0)+IFNULL(PM_SERVICE_LEVEL.RAB_ACT_FAIL_PS_INTER_RADIO,0)+IFNULL(PM_SERVICE_LEVEL.RAB_ACT_FAIL_PS_INTER_BTS,0)+IFNULL(PM_SERVICE_LEVEL.RAB_ACT_FAIL_PS_INTER_IUR,0)+IFNULL(PM_SERVICE_LEVEL.RAB_ACT_FAIL_PS_INTER_RNC,0)+IFNULL(PM_SERVICE_LEVEL.RAB_ACT_FAIL_PS_BACKG_IU,0)+IFNULL(PM_SERVICE_LEVEL.RAB_ACT_FAIL_PS_BACKG_RADIO,0)+IFNULL(PM_SERVICE_LEVEL.RAB_ACT_FAIL_PS_BACKG_BTS,0)+IFNULL(PM_SERVICE_LEVEL.RAB_ACT_FAIL_PS_BACKG_IUR,0)+IFNULL(PM_SERVICE_LEVEL.RAB_ACT_FAIL_PS_BACKG_RNC,0)+IFNULL(PM_SERVICE_LEVEL.RAB_ACT_FAIL_PS_BACKG_UE,0)+IFNULL(PM_SERVICE_LEVEL.RAB_ACT_FAIL_PS_INTER_UE,0)-IFNULL(PM_SERVICE_LEVEL.RAB_ACT_FAIL_PS_BACKG_PCH,0)-IFNULL(PM_SERVICE_LEVEL.RAB_ACT_FAIL_PS_INT_PCH,0));;;;PM_SERVICE_LEVEL;;;
WIRELESS;MEX;ERICSSON;RAN_3G;PM;QoS;UCELL;PS_RETAINABILITY_DENOM;PS_RETAINABILITY_DENOM;;Número total de eventos relacionados con la retención de portadoras Packet-Switched (PS), incluyendo tanto liberaciones normales y anormales como cambios de canal exitosos. Incluye FACH, DCH, HS;;;;integer;;0;;;;;;;;no;sum(PM_UTRANCELL.PMNONORMALRABRELEASEPACKET+PM_UTRANCELL.PMNOSYSTEMRABRELEASEPACKET-PM_UTRANCELL.PMNONORMALRABRELEASEPACKETURA-PM_UTRANCELL.PMNOSYSTEMRABRELEASEPACKETURA+PM_UTRANCELL.PMCHSWITCHSUCCFACHURA+PM_UTRANCELL.PMCHSWITCHSUCCDCHURA+PM_UTRANCELL.PMCHSWITCHSUCCHSURA);;;;PM_UTRANCELL;subnetwork,rbs,utrancell;;
WIRELESS;MEX;HUAWEI;RAN_3G;PM;QoS;UCELL;PS_RETAINABILITY_DENOM;PS_RETAINABILITY_DENOM;;Número total de eventos relacionados con la retención de portadoras Packet-Switched (PS), incluyendo tanto liberaciones normales y anormales como cambios de canal exitosos. Incluye algoritmos de cambio de canal;;;;integer;;0;;;;;;;;no;SUM(PM_RAB_RELABNORMAL_CELL.VS_RAB_ABNORMREL_PS+PM_RAB_RELABNORMAL_CELL.VS_RAB_NORMREL_PS-PM_RAB_RELABNORMAL_CELL.VS_RAB_ABNORMREL_PS_PCH-PM_RAB_RELABNORMAL_CELL.VS_RAB_NORMREL_PS_PCH+PM_ALGO_CELL.VS_DCCC_D2P_SUCC+PM_ALGO_CELL.VS_DCCC_SUCC_F2P+PM_ALGO2_CELL.VS_DCCC_SUCC_F2U+PM_ALGO2_CELL.VS_DCCC_SUCC_D2U);;;;PM_RAB_RELABNORMAL_CELL,PM_ALGO_CELL,PM_ALGO2_CELL;subnetwork,rbs,label;;
WIRELESS;MEX;NOKIA;RAN_3G;PM;QoS;UCELL;PS_RETAINABILITY_DENOM;PS_RETAINABILITY_DENOM;;Número total de eventos relacionados con la retención de portadoras Packet-Switched (PS), incluyendo tanto liberaciones normales y anormales como cambios de canal exitosos.;;;;integer;;0;;;;;;;;no;SUM(IFNULL(PM_SERVICE_LEVEL.RAB_ACT_COMP_PS_INTER,0)+IFNULL(PM_SERVICE_LEVEL.RAB_ACT_COMP_PS_BACKG,0)+IFNULL(PM_SERVICE_LEVEL.RAB_ACT_REL_PS_INTER_SRNC,0)+IFNULL(PM_SERVICE_LEVEL.RAB_ACT_REL_PS_INTER_HHO,0)+IFNULL(PM_SERVICE_LEVEL.RAB_ACT_REL_PS_INTER_ISHO,0)+IFNULL(PM_SERVICE_LEVEL.RAB_ACT_REL_PS_BACKG_SRNC,0)+IFNULL(PM_SERVICE_LEVEL.RAB_ACT_REL_PS_BACKG_HHO,0)+IFNULL(PM_SERVICE_LEVEL.RAB_ACT_REL_PS_BGR_ISHO,0)+IFNULL(PM_SERVICE_LEVEL.RAB_ACT_FAIL_PS_INTER_IU,0)+IFNULL(PM_SERVICE_LEVEL.RAB_ACT_FAIL_PS_INTER_RADIO,0)+IFNULL(PM_SERVICE_LEVEL.RAB_ACT_FAIL_PS_INTER_BTS,0)+IFNULL(PM_SERVICE_LEVEL.RAB_ACT_FAIL_PS_INTER_IUR,0)+IFNULL(PM_SERVICE_LEVEL.RAB_ACT_FAIL_PS_INTER_RNC,0)+IFNULL(PM_SERVICE_LEVEL.RAB_ACT_FAIL_PS_BACKG_IU,0)+IFNULL(PM_SERVICE_LEVEL.RAB_ACT_FAIL_PS_BACKG_RADIO,0)+IFNULL(PM_SERVICE_LEVEL.RAB_ACT_FAIL_PS_BACKG_BTS,0)+IFNULL(PM_SERVICE_LEVEL.RAB_ACT_FAIL_PS_BACKG_IUR,0)+IFNULL(PM_SERVICE_LEVEL.RAB_ACT_FAIL_PS_BACKG_RNC,0)+IFNULL(PM_SERVICE_LEVEL.RAB_ACT_FAIL_PS_BACKG_UE,0)+IFNULL(PM_SERVICE_LEVEL.RAB_ACT_FAIL_PS_INTER_UE,0)+IFNULL(PM_SERVICE_LEVEL.RAB_ACT_FAIL_PS_INTER_TRANS,0)+IFNULL(PM_SERVICE_LEVEL.RAB_ACT_FAIL_PS_BACKG_TRANS,0));;;;PM_SERVICE_LEVEL;;;
WIRELESS;MEX;HUAWEI;RAN_3G;PM;TRAFFIC;ULOCALCELL;THPT_USER_DL_KBPS;THPT_USER_DL_KBPS;Throughput promedio DL;Throughput medio por usuario en el enlace descendente (DL) en HSDPA (3G);;;;;;;KBPS;;;;;;;yes;THPT_USER_DL_KBPS_NUM/THPT_USER_DL_KBPS_DENOM;;;;;;;
WIRELESS;MEX;ERICSSON;RAN_3G;PM;TRAFFIC;UCARRIER;THPT_USER_DL_KBPS;THPT_USER_DL_KBPS;;Throughput medio por usuario en el enlace descendente (DL) en HSDPA (3G). Bits HSDPA efectivamente transmitidos y confirmados (ACKed bits) dividido entre la suma de usuarios con buffer activo en los 16 SPIs.;;;;;;;KBPS;;;;;;;yes;THPT_USER_DL_KBPS_NUM/THPT_USER_DL_KBPS_DENOM;;;;;;;
WIRELESS;MEX;NOKIA;RAN_3G;PM;TRAFFIC;UCELL;THPT_USER_DL_KBPS;THPT_USER_DL_KBPS;;Throughput medio por usuario en el enlace descendente (DL) en HSDPA (3G);;;;;;;KBPS;;;;;;;yes;THPT_USER_DL_KBPS_NUM/THPT_USER_DL_KBPS_DENOM;;;;;;;
WIRELESS;MEX;HUAWEI;RAN_3G;PM;TRAFFIC;ULOCALCELL;THPT_USER_DL_KBPS_NUM;THPT_USER_DL_KBPS_NUM;Datos descargados;Representa la cantidad total de datos descargados efectivamente por los usuarios en HSDPA. VS_HSDPA_DATAOUTPUT_TRAFFIC: total de bytes descargados por todos los usuarios en HSDPA por celda. Dividido por 1000 convierte bytes a kilobytes (KB);;;;float;;2;KB;;;;;;;no;SUM(PM_HSDPA_LOCELL.VS_HSDPA_DATAOUTPUT_TRAFFIC)/1000;;;;PM_HSDPA_LOCELL;;;
WIRELESS;MEX;ERICSSON;RAN_3G;PM;TRAFFIC;UCARRIER;THPT_USER_DL_KBPS_NUM;THPT_USER_DL_KBPS_NUM;;Representa la cantidad total de datos descargados efectivamente por los usuarios en HSDPA. PMSUMACKEDBITSSPIxx: número de bits DL HSDPA reconocidos por usuario (ACKed bits), para 16 SPIs (users o prioridades). Sumando todos los SPIs tenemos el total de bits descargados correctamente por usuarios en la celda.;;;;float;;2;KB;;;;;;;no;SUM(PM_HSDSCHRESOURCES.PMSUMACKEDBITSSPI00 + PM_HSDSCHRESOURCES.PMSUMACKEDBITSSPI01 + PM_HSDSCHRESOURCES.PMSUMACKEDBITSSPI02 + PM_HSDSCHRESOURCES.PMSUMACKEDBITSSPI03 + PM_HSDSCHRESOURCES.PMSUMACKEDBITSSPI04 + PM_HSDSCHRESOURCES.PMSUMACKEDBITSSPI05 + PM_HSDSCHRESOURCES.PMSUMACKEDBITSSPI06 + PM_HSDSCHRESOURCES.PMSUMACKEDBITSSPI07 + PM_HSDSCHRESOURCES.PMSUMACKEDBITSSPI08 + PM_HSDSCHRESOURCES.PMSUMACKEDBITSSPI09 + PM_HSDSCHRESOURCES.PMSUMACKEDBITSSPI10 + PM_HSDSCHRESOURCES.PMSUMACKEDBITSSPI11 + PM_HSDSCHRESOURCES.PMSUMACKEDBITSSPI12 + PM_HSDSCHRESOURCES.PMSUMACKEDBITSSPI13 + PM_HSDSCHRESOURCES.PMSUMACKEDBITSSPI14 + PM_HSDSCHRESOURCES.PMSUMACKEDBITSSPI15);;;;PM_HSDSCHRESOURCES;;;
WIRELESS;MEX;NOKIA;RAN_3G;PM;TRAFFIC;UCELL;THPT_USER_DL_KBPS_NUM;THPT_USER_DL_KBPS_NUM;;Representa la cantidad total de datos descargados efectivamente por los usuarios en HSDPA. ;;;;float;;2;KB;;;;;;;no;SUM(IFNULL(PM_CELL_THROUGHPUT_WBTS.HSDPA_ORIG_DATA,0))*8;;xxx.xxx.xxx.xxx;wdna_operator_vendor;PM_CELL_THROUGHPUT_WBTS;subnetwork,rnc,wbts,wcel,wbts,mcc,mnc;;
WIRELESS;MEX;HUAWEI;RAN_3G;PM;TRAFFIC;ULOCALCELL;THPT_USER_DL_KBPS_DENOM;THPT_USER_DL_KBPS_DENOM;Tiempo activo de descarga;Este valor representa el denominador en el cálculo del Throughput de usuario en el canal de bajada (DL) en tecnología HSDPA (3G). Es decir, está relacionado con el tiempo activo de transmisión de datos por usuario, y se usa para calcular el throughput medio por usuario. VS_HSDPA_DATATTINUM_USER: Número de TTIs (Transmission Time Intervals) en los que hubo transmisión de datos por usuario. El factor 0.002 de la fórmula convierte TTIs a segundos (cada TTI dura 2 ms).;;;;float;;2;seconds;;;;;;;no;(SUM(PM_HSDPA_LOCELL.VS_HSDPA_DATATTINUM_USER)*0.002);;;;PM_HSDPA_LOCELL;;;
WIRELESS;MEX;ERICSSON;RAN_3G;PM;TRAFFIC;UCARRIER;THPT_USER_DL_KBPS_DENOM;THPT_USER_DL_KBPS_DENOM;;Este valor representa el denominador en el cálculo del Throughput de usuario en el canal de bajada (DL) en tecnología HSDPA (3G). Es decir, está relacionado con el tiempo activo de transmisión de datos por usuario, y se usa para calcular el throughput medio por usuario. Se suman los TTIs en los que hubo datos en el buffer del usuario para cada SPI (Service Priority Indicator). El factor 0.002 convierte TTIs a segundos. ;;;;float;;2;seconds;;;;;;;no;(0.002*SUM( PM_HSDSCHRESOURCES.PMSUMNONEMPTYUSERBUFFERSSPI00 + PM_HSDSCHRESOURCES.PMSUMNONEMPTYUSERBUFFERSSPI01 + PM_HSDSCHRESOURCES.PMSUMNONEMPTYUSERBUFFERSSPI02 + PM_HSDSCHRESOURCES.PMSUMNONEMPTYUSERBUFFERSSPI03 + PM_HSDSCHRESOURCES.PMSUMNONEMPTYUSERBUFFERSSPI04 + PM_HSDSCHRESOURCES.PMSUMNONEMPTYUSERBUFFERSSPI05 + PM_HSDSCHRESOURCES.PMSUMNONEMPTYUSERBUFFERSSPI06 + PM_HSDSCHRESOURCES.PMSUMNONEMPTYUSERBUFFERSSPI07 + PM_HSDSCHRESOURCES.PMSUMNONEMPTYUSERBUFFERSSPI08 + PM_HSDSCHRESOURCES.PMSUMNONEMPTYUSERBUFFERSSPI09 + PM_HSDSCHRESOURCES.PMSUMNONEMPTYUSERBUFFERSSPI10 + PM_HSDSCHRESOURCES.PMSUMNONEMPTYUSERBUFFERSSPI11 + PM_HSDSCHRESOURCES.PMSUMNONEMPTYUSERBUFFERSSPI12 + PM_HSDSCHRESOURCES.PMSUMNONEMPTYUSERBUFFERSSPI13 + PM_HSDSCHRESOURCES.PMSUMNONEMPTYUSERBUFFERSSPI14 + PM_HSDSCHRESOURCES.PMSUMNONEMPTYUSERBUFFERSSPI15));;;;PM_HSDSCHRESOURCES;;;
WIRELESS;MEX;NOKIA;RAN_3G;PM;TRAFFIC;UCELL;THPT_USER_DL_KBPS_DENOM;THPT_USER_DL_KBPS_DENOM;;Este valor representa el denominador en el cálculo del Throughput de usuario en el canal de bajada (DL) en tecnología HSDPA (3G). Es decir, está relacionado con el tiempo activo de transmisión de datos por usuario, y se usa para calcular el throughput medio por usuario. HSDPA_BUFF_WITH_DATA_PER_TTI: Número de TTIs con datos en el buffer. El factor 1/500 de la fórmula convierte TTIs a segundos (equivalente a 0.002);;;;float;;2;seconds;;;;;;;no;SUM(IFNULL(PM_HSDPA_WBTS.HSDPA_BUFF_WITH_DATA_PER_TTI,0))*(1/500);;;;PM_HSDPA_WBTS;;;
WIRELESS;MEX;HUAWEI;RAN_3G;PM;TRAFFIC;UCELL;TRAFFIC_V_USER_CS;TRAFFIC_V_USER_CS;;Carga de tráfico de voz CS (Erlangs) en la celda;;;;float;;2;Erlang;;;;;;;no;IFNULL(ROUND(((SUM(PM_THRUPUT_CELL.VS_AMR_ERLANG_BESTCELL)+SUM(PM_THRUPUT_CELL.VS_VP_ERLANG_BESTCELL)*2)/2),2),0);;;;PM_THRUPUT_CELL;subnetwork,rbs,label;;
WIRELESS;MEX;ERICSSON;RAN_3G;PM;TRAFFIC;UCELL;TRAFFIC_V_USER_CS;TRAFFIC_V_USER_CS;;Carga de tráfico de voz CS (Erlangs) en la celda;;;;float;;2;Erlang;;;;;;;no;IFNULL(ROUND((SUM(PM_UTRANCELL.PMSUMBESTCS12ESTABLISH)/720)+(SUM(PM_UTRANCELL.PMSUMBESTAMR12200RABESTABLISH)/720)+(SUM(PM_UTRANCELL.PMSUMBESTAMR7950RABESTABLISH)/720)+(SUM(PM_UTRANCELL.PMSUMBESTAMR5900RABESTABLISH)/720)+(SUM(PM_UTRANCELL.PMSUMBESTAMR4750RABESTABLISH)/720)+(SUM(PM_UTRANCELL.PMSUMBESTAMRNBMMRABESTABLISH)/720)+(SUM(PM_UTRANCELL.PMSUMBESTAMRWBRABESTABLISH)/720)+(SUM(PM_UTRANCELL.PMSUMBESTCS57RABESTABLISH)/720)+(SUM(PM_UTRANCELL.PMSUMBESTCS64RABESTABLISH)/720),2),0);;;;PM_UTRANCELL;subnetwork,rbs,utrancell;;
WIRELESS;MEX;NOKIA;RAN_3G;PM;TRAFFIC;UCELL;TRAFFIC_V_USER_CS;TRAFFIC_V_USER_CS;;Carga de tráfico de voz CS (Erlangs) en la celda;;;;float;;2;Erlang;;;;;;;no;ROUND(SUM(IFNULL(PM_SERVICE_LEVEL.AVG_RAB_HLD_TM_CS_VOICE,0)+(IFNULL(PM_SERVICE_LEVEL.RAB_HOLD_TIME_CS_CONV_64,0)*64/12.2)+(IFNULL(PM_SERVICE_LEVEL.RAB_HOLD_TIME_CS_STREAM_14_4,0)*14.4/12.2)+(IFNULL(PM_SERVICE_LEVEL.RAB_HOLD_TIME_CS_STREAM_57_6,0)*57.6/12.2))/(60*100*60),2);;;;PM_SERVICE_LEVEL;;;
WIRELESS;MEX;ERICSSON;RAN_3G;PM;QoS;USCTP;SCTP_PACKET_LOSS;SCTP_PACKET_LOSS;Tasa perdida paquetes SCTP;"Porcentaje de pérdida de paquetes SCTP (Stream Control Transmission Protocol)  calculado como el ratio entre retransmisiones y el total de paquetes enviados (incluyendo retransmisiones).El SCTP es un protocolo crítico utilizado en la interfaz Iub (entre el RNC y el Node B) para transportar señalización y datos de usuario de forma confiable. Se basa en el concepto de retransmisiones. Considera que un ""chunk"" SCTP (fragmento de datos) que debe ser retransmitido indica una pérdida o error en la red. Un valor alto indica problemas de congestión o errores en el enlace Iub, lo que provoca que el protocolo deba retransmitir chunks para garantizar la entrega.";;;;percentage;;2;%;;0 to 100;;;;;no;ROUND(IFNULL(SUM(PM_SCTP.PMSCTPSTATRETRANSCHUNKS)/SUM(PM_SCTP.PMSCTPSTATSENTCHUNKS+PM_SCTP.PMSCTPSTATRETRANSCHUNKS)*100,0),2);;;;PM_SCTP;;;
WIRELESS;MEX;NOKIA;RAN_3G;PM;QoS;UCSCTPSTAT;SCTP_PACKET_LOSS;SCTP_PACKET_LOSS;Tasa perdida paquetes SCTP;Porcentaje de paquetes SCTP descartados en recepción respecto al total de paquetes recibidos y descartados. Utiliza contadores de paquetes descartados explícitos en la capa SCTP. ;;;;integer;;0;;;;;;;;no;ROUND(IFNULL(100*SUM(IFNULL(PM_CSCTPSTAT.SCTP_IN_PACKET_DISCARDS,0))/SUM(IFNULL(PM_CSCTPSTAT.SCTP_IN_PACKET_DISCARDS,0)+IFNULL(PM_CSCTPSTAT.SCTP_IN_SCTP_PACKETS,0)),0),2);;;;PM_CSCTPSTAT;;;
WIRELESS;MEX;HUAWEI;RAN_3G;PM;QoS;USCTPIP;VS_SCTP_REQ_RETX_NUM;VS_SCTP_REQ_RETX_NUM;Retransmisiones SCTP;Número de retransmisiones de solicitudes SCTP;;;;integer;;0;;;;;;;;no;SUM(PM_SCTPIP.VS_SCTP_REQ_RETX_NUM);;;;PM_SCTPIP;;;
WIRELESS;MEX;HUAWEI;RAN_3G;PM;QoS;USCTPIP;VS_SCTP_RETX_PKGNUM;VS_SCTP_RETX_PKGNUM;Paquetes SCTP;Número de paquetes retransmitidos por SCTP;;;;integer;;0;;;;;;;;no;SUM(PM_SCTPIP.VS_SCTP_RETX_PKGNUM);;;;PM_SCTPIP;;;
WIRELESS;MEX;HUAWEI;RAN_3G;PM;QoS;UCELL;RRC_FAILCONNESTAB_CONG;RRC_FAILCONNESTAB_CONG;;Fallos en el establecimiento de la conexión RRC debidos a congestión de recursos en la celda.;;;;integer;;0;;;;;;;;no;SUM(PM_RRC_SETUPFAIL_CELL.VS_RRC_FAILCONNESTAB_CONG);;;;PM_RRC_SETUPFAIL_CELL;subnetwork,rbs,label;;
WIRELESS;MEX;HUAWEI;RAN_3G;PM;QoS;UCELL;RAB_FAILESTABCS_CONG;RAB_FAILESTABCS_CONG;;Número de fallos en el establecimiento de RAB para servicios de conmutación de circuitos (CS) debido a congestión.;;;;integer;;0;;;;;;;;no;SUM(PM_RAB_ESTFAILCS_CELL.VS_RAB_FAILESTABCS_CONG);;;;PM_RAB_ESTFAILCS_CELL;subnetwork,rbs,label;;
WIRELESS;MEX;HUAWEI;RAN_3G;PM;QoS;UCELL;RAB_FAILESTABPS_CONG;RAB_FAILESTABPS_CONG;;Número de fallos en el establecimiento de RAB para servicios de conmutación de paquetes (PS) debido a congestión.;;;;integer;;0;;;;;;;;no;SUM(PM_RAB_ESTFAILPS_CELL.VS_RAB_FAILESTABPS_CONG);;;;PM_RAB_ESTFAILPS_CELL;subnetwork,rbs,label;;
WIRELESS;MEX;ERICSSON;RAN_4G;PM;AVAILABILITY;LMPPROCESSING RESOURCE;CPU_USAGE;CPU_USAGE;; Representa la carga computacional promedio del equipo, calculada mediante una media ponderada de un histograma de mediciones de carga .DISTR_0: Muestras con carga 0-19%, DISTR_1: Muestras con carga 20-29% hasta DISTR_10 para 95-100%;;;;percentage;;2;%;;0 to 100;;;;;no;ROUND(IFNULL((SUM(20*PM_MPPROCESSINGRESOURCE_V.PMPROCESSORLOADLCDISTR_0+30*PM_MPPROCESSINGRESOURCE_V.PMPROCESSORLOADLCDISTR_1+40*PM_MPPROCESSINGRESOURCE_V.PMPROCESSORLOADLCDISTR_2+50*PM_MPPROCESSINGRESOURCE_V.PMPROCESSORLOADLCDISTR_3+60*PM_MPPROCESSINGRESOURCE_V.PMPROCESSORLOADLCDISTR_4+70*PM_MPPROCESSINGRESOURCE_V.PMPROCESSORLOADLCDISTR_5+80*PM_MPPROCESSINGRESOURCE_V.PMPROCESSORLOADLCDISTR_6+85*PM_MPPROCESSINGRESOURCE_V.PMPROCESSORLOADLCDISTR_7+90*PM_MPPROCESSINGRESOURCE_V.PMPROCESSORLOADLCDISTR_8+95*PM_MPPROCESSINGRESOURCE_V.PMPROCESSORLOADLCDISTR_9+100*PM_MPPROCESSINGRESOURCE_V.PMPROCESSORLOADLCDISTR_10)/SUM(PM_MPPROCESSINGRESOURCE_V.PMPROCESSORLOADLCDISTR_0+PM_MPPROCESSINGRESOURCE_V.PMPROCESSORLOADLCDISTR_1+PM_MPPROCESSINGRESOURCE_V.PMPROCESSORLOADLCDISTR_2+PM_MPPROCESSINGRESOURCE_V.PMPROCESSORLOADLCDISTR_3+PM_MPPROCESSINGRESOURCE_V.PMPROCESSORLOADLCDISTR_4+PM_MPPROCESSINGRESOURCE_V.PMPROCESSORLOADLCDISTR_5+PM_MPPROCESSINGRESOURCE_V.PMPROCESSORLOADLCDISTR_6+PM_MPPROCESSINGRESOURCE_V.PMPROCESSORLOADLCDISTR_7+PM_MPPROCESSINGRESOURCE_V.PMPROCESSORLOADLCDISTR_8+PM_MPPROCESSINGRESOURCE_V.PMPROCESSORLOADLCDISTR_9+PM_MPPROCESSINGRESOURCE_V.PMPROCESSORLOADLCDISTR_10)),0),2);;;;PM_MPPROCESSINGRESOURCE_V;;;
WIRELESS;MEX;HUAWEI;RAN_4G;PM;QoS;LCELL;RRC_SUCCESS;RRC_SUCCESS_ALL;Número de establecimientos RRC;Número total de intentos de establecimiento de conexión RRC (Radio Resource Control) exitosos. ;;;;integer;;0;;;;;;;;no;SUM(PM_LTE_RRC_SETUP_CELL.L_RRC_CONNREQ_SUCC_EMC+PM_LTE_RRC_SETUP_CELL.L_RRC_CONNREQ_SUCC_HIGHPRI+PM_LTE_RRC_SETUP_CELL.L_RRC_CONNREQ_SUCC_MT+PM_LTE_RRC_SETUP_CELL.L_RRC_CONNREQ_SUCC_MODATA+PM_LTE_RRC_SETUP_CELL.L_RRC_CONNREQ_SUCC_DELAYTOL+PM_LTE_RRC_SETUP_CELL.L_RRC_CONNREQ_SUCC_MOSIG);;;;PM_LTE_RRC_SETUP_CELL;subnetwork,enodeb_function_name,enodeb_id,cell_name;;
WIRELESS;MEX;ERICSSON;RAN_4G;PM;QoS;LCELL;RRC_SUCCESS;RRC_SUCCESS_ALL;Número de establecimientos RRC;Número total de intentos de establecimiento de conexión RRC (Radio Resource Control) exitosos. ;;;;integer;;0;;;;;;;;no;SUM(PM_EUTRANCELLFDD.PMRRCCONNESTABSUCC);;;;PM_EUTRANCELLFDD;subnetwork,mecontext,eutrancellfdd;;
WIRELESS;MEX;SAMSUNG;RAN_4G;PM;QoS;LCELL;RRC_SUCCESS;RRC_SUCCESS_ALL;Número de establecimientos RRC;Número total de intentos de establecimiento de conexión RRC (Radio Resource Control) exitosos. ;;;;integer;;0;;;;;;;;no;SUM(PM_RRC_CONNECTION_ESTABLISHMENT_T.CONNESTABSUCC_DELAY_TOLERANT_ACCESS + PM_RRC_CONNECTION_ESTABLISHMENT_T.CONNESTABSUCC_EMERGENCY + PM_RRC_CONNECTION_ESTABLISHMENT_T.CONNESTABSUCC_HI_PRIO_ACCESS + PM_RRC_CONNECTION_ESTABLISHMENT_T.CONNESTABSUCC_MO_DATA + PM_RRC_CONNECTION_ESTABLISHMENT_T.CONNESTABSUCC_MO_SIGNAL + PM_RRC_CONNECTION_ESTABLISHMENT_T.CONNESTABSUCC_MO_VOICE_CALL + PM_RRC_CONNECTION_ESTABLISHMENT_T.CONNESTABSUCC_MT_ACCESS);;;;PM_RRC_CONNECTION_ESTABLISHMENT_T;;;
WIRELESS;MEX;HUAWEI;RAN_4G;PM;QoS;LCELL;RRC_ATTEMPTS;RRC_ATTEMPS_ALL;Intentos RRC;RRC_ATTEMPS_ALL = RRC_ATTEMPTS en HUAWEI RAN 4G. Total de intentos de establecimiento de conexión RRC (RRC Connection Attempts) en 4G, que es la base para calcular RRC Setup Success Rate y otros KPIs de acceso. Suma todos los intentos de establecimiento RRC, clasificados por tipo de acceso (emergency, high priority, mobile terminated, mobile originated data, delay tolerant, mobile originated signaling).;;;;integer;;0;;;;;;;;no;SUM(PM_LTE_RRC_SETUP_CELL.L_RRC_CONNREQ_ATT_EMC+PM_LTE_RRC_SETUP_CELL.L_RRC_CONNREQ_ATT_HIGHPRI+PM_LTE_RRC_SETUP_CELL.L_RRC_CONNREQ_ATT_MT+PM_LTE_RRC_SETUP_CELL.L_RRC_CONNREQ_ATT_MODATA+PM_LTE_RRC_SETUP_CELL.L_RRC_CONNREQ_ATT_DELAYTOL+PM_LTE_RRC_SETUP_CELL.L_RRC_CONNREQ_ATT_MOSIG);;;;PM_LTE_RRC_SETUP_CELL;subnetwork,enodeb_function_name,enodeb_id,cell_name;;
WIRELESS;MEX;ERICSSON;RAN_4G;PM;QoS;LCELL;RRC_ATTEMPTS;RRC_ATTEMPS_ALL;Intentos RRC;RRC_ATTEMPS_ALL = RRC_ATTEMPTS en ERICSSON RAN 4G. Total de intentos de establecimiento de conexión RRC (RRC Connection Attempts) en 4G, que es la base para calcular RRC Setup Success Rate y otros KPIs de acceso. Excluidos reintentos.;;;;integer;;0;;;;;;;;no;SUM(PM_EUTRANCELLFDD.PMRRCCONNESTABATT-PM_EUTRANCELLFDD.PMRRCCONNESTABATTREATT);;;;PM_EUTRANCELLFDD;subnetwork,mecontext,eutrancellfdd;;
WIRELESS;MEX;SAMSUNG;RAN_4G;PM;QoS;LCELL;RRC_ATTEMPTS;RRC_ATTEMPS_ALL;Intentos RRC;RRC_ATTEMPS_ALL = RRC_ATTEMPTS_ALL en SAMSUNG RAN 4G. Total de intentos de establecimiento de conexión RRC (RRC Connection Attempts) en 4G, que es la base para calcular RRC Setup Success Rate y otros KPIs de acceso.;;;;integer;;0;;;;;;;;no;SUM(PM_RRC_CONNECTION_ESTABLISHMENT_T.CONNESTABATT_DELAY_TOLERANT_ACCESS + PM_RRC_CONNECTION_ESTABLISHMENT_T.CONNESTABATT_EMERGENCY + PM_RRC_CONNECTION_ESTABLISHMENT_T.CONNESTABATT_HI_PRIO_ACCESS + PM_RRC_CONNECTION_ESTABLISHMENT_T.CONNESTABATT_MO_DATA + PM_RRC_CONNECTION_ESTABLISHMENT_T.CONNESTABATT_MO_SIGNAL + PM_RRC_CONNECTION_ESTABLISHMENT_T.CONNESTABATT_MO_VOICE_CALL + PM_RRC_CONNECTION_ESTABLISHMENT_T.CONNESTABATT_MT_ACCESS);;;;PM_RRC_CONNECTION_ESTABLISHMENT_T;;;
WIRELESS;MEX;NOKIA;RAN_4G;PM;QoS;LCELL;RRC_ATTEMPTS;RRC_ATTEMPS_ALL;Intentos RRC;RRC_ATTEMPS_ALL = RRC_ATTEMPTS = RRC_ATTEMPTS_ALL en NOKIA RAN 4G. Total de intentos de establecimiento de conexión RRC (RRC Connection Attempts) en 4G, que es la base para calcular RRC Setup Success Rate y otros KPIs de acceso.;;;;integer;;0;;;;;;;;no;SUM(IFNULL(PM_LTE_UE_STATE.SIGN_CONN_ESTAB_ATT_MT,0)+IFNULL(PM_LTE_UE_STATE.SIGN_CONN_ESTAB_ATT_MO_D,0)+IFNULL(PM_LTE_UE_STATE.SIGN_CONN_ESTAB_ATT_DEL_TOL,0)+IFNULL(PM_LTE_UE_STATE.SIGN_CONN_ESTAB_ATT_HIPRIO,0)+IFNULL(PM_LTE_UE_STATE.SIGN_CONN_ESTAB_ATT_EMG,0)+IFNULL(PM_LTE_UE_STATE.SIGN_CONN_ESTAB_ATT_MO_VOICE,0));;;;PM_LTE_UE_STATE;;;
WIRELESS;MEX;HUAWEI;RAN_4G;PM;QoS;LCELL;RRC_FAILURES;RRC_FAILURES;Fallos RRC;Número total de fallos en el establecimiento de conexiones RRC (Radio Resource Control) para todos los tipos de servicios y prioridades en una celda LTE.;;;;integer;;0;;;;;;;;no;SUM(IFNULL(PM_LTE_RRC_SETUP_CELL.L_RRC_CONNREQ_ATT,0))-SUM(IFNULL(PM_LTE_RRC_SETUP_CELL.L_RRC_CONNREQ_SUCC,0));;;;PM_LTE_RRC_SETUP_CELL;subnetwork,enodeb_function_name,enodeb_id,cell_name;;
WIRELESS;MEX;ERICSSON;RAN_4G;PM;QoS;LCELL;RRC_FAILURES;RRC_FAILURES;Fallos RRC;Número total de fallos en el establecimiento de conexiones RRC (Radio Resource Control) para todos los tipos de servicios y prioridades en una celda LTE. Restando explícitamente los reintentos para no contar doble.;;;;integer;;0;;;;;;;;no;SUM(IFNULL(PM_EUTRANCELLFDD.PMRRCCONNESTABATT,0))-SUM(IFNULL(PM_EUTRANCELLFDD.PMRRCCONNESTABATTREATT,0))-SUM(IFNULL(PM_EUTRANCELLFDD.PMRRCCONNESTABSUCC,0));;;;PM_EUTRANCELLFDD;subnetwork,mecontext,eutrancellfdd;;
WIRELESS;MEX;SAMSUNG;RAN_4G;PM;QoS;LCELL;RRC_FAILURES;RRC_FAILURES;Fallos RRC;Número total de fallos en el establecimiento de conexiones RRC (Radio Resource Control) para todos los tipos de servicios y prioridades en una celda LTE.;;;;integer;;0;;;;;;;;no;SUM(PM_RRC_CONNECTION_ESTABLISHMENT_T.CONNESTABATT_DELAY_TOLERANT_ACCESS + PM_RRC_CONNECTION_ESTABLISHMENT_T.CONNESTABATT_EMERGENCY + PM_RRC_CONNECTION_ESTABLISHMENT_T.CONNESTABATT_HI_PRIO_ACCESS + PM_RRC_CONNECTION_ESTABLISHMENT_T.CONNESTABATT_MO_DATA + PM_RRC_CONNECTION_ESTABLISHMENT_T.CONNESTABATT_MO_SIGNAL + PM_RRC_CONNECTION_ESTABLISHMENT_T.CONNESTABATT_MO_VOICE_CALL + PM_RRC_CONNECTION_ESTABLISHMENT_T.CONNESTABATT_MT_ACCESS)-SUM(PM_RRC_CONNECTION_ESTABLISHMENT_T.CONNESTABSUCC_DELAY_TOLERANT_ACCESS + PM_RRC_CONNECTION_ESTABLISHMENT_T.CONNESTABSUCC_EMERGENCY + PM_RRC_CONNECTION_ESTABLISHMENT_T.CONNESTABSUCC_HI_PRIO_ACCESS + PM_RRC_CONNECTION_ESTABLISHMENT_T.CONNESTABSUCC_MO_DATA + PM_RRC_CONNECTION_ESTABLISHMENT_T.CONNESTABSUCC_MO_SIGNAL + PM_RRC_CONNECTION_ESTABLISHMENT_T.CONNESTABSUCC_MO_VOICE_CALL + PM_RRC_CONNECTION_ESTABLISHMENT_T.CONNESTABSUCC_MT_ACCESS);;;;PM_RRC_CONNECTION_ESTABLISHMENT_T;;;
WIRELESS;MEX;NOKIA;RAN_4G;PM;QoS;LCELL;RRC_FAILURES;RRC_FAILURES;Fallos RRC;Número total de fallos en el establecimiento de conexiones RRC (Radio Resource Control) para todos los tipos de servicios y prioridades en una celda LTE.;;;;integer;;0;;;;;;;;no;SUM(IFNULL(PM_LTE_UE_STATE.SIGN_CONN_ESTAB_ATT_MT,0)+IFNULL(PM_LTE_UE_STATE.SIGN_CONN_ESTAB_ATT_MO_D,0)+IFNULL(PM_LTE_UE_STATE.SIGN_CONN_ESTAB_ATT_DEL_TOL,0)+IFNULL(PM_LTE_UE_STATE.SIGN_CONN_ESTAB_ATT_HIPRIO,0)+IFNULL(PM_LTE_UE_STATE.SIGN_CONN_ESTAB_ATT_EMG,0)+IFNULL(PM_LTE_UE_STATE.SIGN_CONN_ESTAB_ATT_MO_VOICE,0))-SUM(IFNULL(PM_LTE_UE_STATE.SIGN_CONN_ESTAB_SUCC_MT,0)+IFNULL(PM_LTE_UE_STATE.SIGN_CONN_ESTAB_SUCC_MO_D,0)+IFNULL(PM_LTE_UE_STATE.SIGN_CONN_ESTAB_SUCC_DEL_TOL,0)+IFNULL(PM_LTE_UE_STATE.SIGN_CONN_ESTAB_SUCC_HIPRIO,0)+IFNULL(PM_LTE_UE_STATE.SIGN_CONN_ESTAB_COMP_EMG,0));;;;PM_LTE_UE_STATE;;;
WIRELESS;MEX;HUAWEI;RAN_4G;PM;QoS;LCELL;RRC_FAILURES;RRC_FAILURES;Fallos RRC;Número total de fallos en el establecimiento de conexiones RRC (Radio Resource Control) para todos los tipos de servicios y prioridades en una celda LTE.;;;;integer;;0;;;;;;;;yes;RRC_ATTEMPTS_ALL-RRC_SUCCESS_ALL;;;;PM_LTE_RRC_SETUP_CELL;subnetwork,enodeb_function_name,enodeb_id,cell_name;;
WIRELESS;MEX;ERICSSON;RAN_4G;PM;QoS;LCELL;RRC_FAILURES;RRC_FAILURES;Fallos RRC;Número total de fallos en el establecimiento de conexiones RRC (Radio Resource Control) para todos los tipos de servicios y prioridades en una celda LTE.;;;;integer;;0;;;;;;;;yes;RRC_ATTEMPTS_ALL-RRC_SUCCESS_ALL;;;;PM_EUTRANCELLFDD;subnetwork,mecontext,eutrancellfdd;;
WIRELESS;MEX;SAMSUNG;RAN_4G;PM;QoS;LCELL;RRC_FAILURES;RRC_FAILURES;Fallos RRC;Número total de fallos en el establecimiento de conexiones RRC (Radio Resource Control) para todos los tipos de servicios y prioridades en una celda LTE.;;;;integer;;0;;;;;;;;yes;RRC_ATTEMPTS_ALL-RRC_SUCCESS_ALL;;;;PM_RRC_CONNECTION_ESTABLISHMENT_T;;;
WIRELESS;MEX;NOKIA;RAN_4G;PM;QoS;LCELL;RRC_FAILURES;RRC_FAILURES;Fallos RRC;Número total de fallos en el establecimiento de conexiones RRC (Radio Resource Control) para todos los tipos de servicios y prioridades en una celda LTE.;;;;integer;;0;;;;;;;;yes;RRC_ATTEMPTS_ALL-RRC_SUCCESS_ALL;;;;PM_LTE_UE_STATE;;;
WIRELESS;MEX;ERICSSON;RAN_4G;PM;QoS;LCELL;S1_SUCCESS;S1_SUCCESS;Establecimientos S1;Número total de establecimientos exitosos de la conexión S1 (entre eNodeB y MME). La conexión S1 es crítica para gestionar la movilidad y la señalización de los usuarios en la red 4G.;;;;integer;;0;;;;;;;;no;SUM(PM_EUTRANCELLFDD.PMS1SIGCONNESTABSUCC);;;;PM_EUTRANCELLFDD;subnetwork,mecontext,eutrancellfdd;;
WIRELESS;MEX;HUAWEI;RAN_4G;PM;QoS;LCELL;S1_SUCCESS;S1_SUCCESS;Establecimientos S1;Número total de establecimientos exitosos de la conexión S1 (entre eNodeB y MME). La conexión S1 es crítica para gestionar la movilidad y la señalización de los usuarios en la red 4G.;;;;integer;;0;;;;;;;;no;SUM(PM_ERAB_EST_CELL.L_S1SIG_CONNEST_SUCC);;;;PM_ERAB_EST_CELL;subnetwork,enodeb_function_name,enodeb_id,cell_name;;
WIRELESS;MEX;SAMSUNG;RAN_4G;PM;QoS;LCELL;S1_SUCCESS;S1_SUCCESS;Establecimientos S1;Número total de establecimientos exitosos de la conexión S1 (entre eNodeB y MME). La conexión S1 es crítica para gestionar la movilidad y la señalización de los usuarios en la red 4G.;;;;integer;;0;;;;;;;;no;SUM(PM_UEASSOCIATED_LOGICAL_S1_CONNECTION_ESTABLISHMENT_T.S1CONNESTABSUCC_DELAY_TOLERANT_ACCESS + PM_UEASSOCIATED_LOGICAL_S1_CONNECTION_ESTABLISHMENT_T.S1CONNESTABSUCC_EMERGENCY + PM_UEASSOCIATED_LOGICAL_S1_CONNECTION_ESTABLISHMENT_T.S1CONNESTABSUCC_HI_PRIO_ACCESS + PM_UEASSOCIATED_LOGICAL_S1_CONNECTION_ESTABLISHMENT_T.S1CONNESTABSUCC_MO_DATA + PM_UEASSOCIATED_LOGICAL_S1_CONNECTION_ESTABLISHMENT_T.S1CONNESTABSUCC_MO_SIGNAL + PM_UEASSOCIATED_LOGICAL_S1_CONNECTION_ESTABLISHMENT_T.S1CONNESTABSUCC_MO_VOICE_CALL + PM_UEASSOCIATED_LOGICAL_S1_CONNECTION_ESTABLISHMENT_T.S1CONNESTABSUCC_MT_ACCESS);;;;PM_UEASSOCIATED_LOGICAL_S1_CONNECTION_ESTABLISHMENT_T;;;
WIRELESS;MEX;NOKIA;RAN_4G;PM;QoS;LCELL;S1_SUCCESS;S1_SUCCESS;Establecimientos S1;Número total de establecimientos exitosos de la conexión S1 (entre eNodeB y MME). La conexión S1 es crítica para gestionar la movilidad y la señalización de los usuarios en la red 4G.;;;;integer;;0;;;;;;;;no;SUM(IFNULL(PM_LTE_UE_STATE.S1_SIGN_CONN_ESTAB_SUCC_UE,0));;;;PM_LTE_UE_STATE;;;
WIRELESS;MEX;HUAWEI;RAN_4G;PM;QoS;LCELL;S1_FAILURES;S1_FAILURES;Fallos S1;Número total de fallos en el establecimiento de la conexión S1 entre la eNodeB (RAN) y el MME (CORE).;;;;integer;;0;;;;;;;;no;SUM(IFNULL(PM_ERAB_EST_CELL.L_S1SIG_CONNEST_ATT,0))-SUM(IFNULL(PM_ERAB_EST_CELL.L_S1SIG_CONNEST_SUCC,0));;;;PM_ERAB_EST_CELL;subnetwork,enodeb_function_name,enodeb_id,cell_name;;
WIRELESS;MEX;ERICSSON;RAN_4G;PM;QoS;LCELL;S1_FAILURES;S1_FAILURES;Fallos S1;Número total de fallos en el establecimiento de la conexión S1 entre la eNodeB (RAN) y el MME (CORE).;;;;integer;;0;;;;;;;;no;SUM(IFNULL(PM_EUTRANCELLFDD.PMS1SIGCONNESTABATT,0))-SUM(IFNULL(PM_EUTRANCELLFDD.PMS1SIGCONNESTABSUCC,0));;;;PM_EUTRANCELLFDD;subnetwork,mecontext,eutrancellfdd;;
WIRELESS;MEX;SAMSUNG;RAN_4G;PM;QoS;LCELL;S1_FAILURES;S1_FAILURES;Fallos S1;Número total de fallos en el establecimiento de la conexión S1 entre la eNodeB (RAN) y el MME (CORE).;;;;integer;;0;;;;;;;;no;(SUM(PM_UEASSOCIATED_LOGICAL_S1_CONNECTION_ESTABLISHMENT_T.S1CONNESTABATT_DELAY_TOLERANT_ACCESS + PM_UEASSOCIATED_LOGICAL_S1_CONNECTION_ESTABLISHMENT_T.S1CONNESTABATT_EMERGENCY + PM_UEASSOCIATED_LOGICAL_S1_CONNECTION_ESTABLISHMENT_T.S1CONNESTABATT_HI_PRIO_ACCESS + PM_UEASSOCIATED_LOGICAL_S1_CONNECTION_ESTABLISHMENT_T.S1CONNESTABATT_MO_DATA + PM_UEASSOCIATED_LOGICAL_S1_CONNECTION_ESTABLISHMENT_T.S1CONNESTABATT_MO_SIGNAL + PM_UEASSOCIATED_LOGICAL_S1_CONNECTION_ESTABLISHMENT_T.S1CONNESTABATT_MO_VOICE_CALL + PM_UEASSOCIATED_LOGICAL_S1_CONNECTION_ESTABLISHMENT_T.S1CONNESTABATT_MT_ACCESS))-(SUM(PM_UEASSOCIATED_LOGICAL_S1_CONNECTION_ESTABLISHMENT_T.S1CONNESTABSUCC_DELAY_TOLERANT_ACCESS + PM_UEASSOCIATED_LOGICAL_S1_CONNECTION_ESTABLISHMENT_T.S1CONNESTABSUCC_EMERGENCY + PM_UEASSOCIATED_LOGICAL_S1_CONNECTION_ESTABLISHMENT_T.S1CONNESTABSUCC_HI_PRIO_ACCESS + PM_UEASSOCIATED_LOGICAL_S1_CONNECTION_ESTABLISHMENT_T.S1CONNESTABSUCC_MO_DATA + PM_UEASSOCIATED_LOGICAL_S1_CONNECTION_ESTABLISHMENT_T.S1CONNESTABSUCC_MO_SIGNAL + PM_UEASSOCIATED_LOGICAL_S1_CONNECTION_ESTABLISHMENT_T.S1CONNESTABSUCC_MO_VOICE_CALL + PM_UEASSOCIATED_LOGICAL_S1_CONNECTION_ESTABLISHMENT_T.S1CONNESTABSUCC_MT_ACCESS));;;;PM_UEASSOCIATED_LOGICAL_S1_CONNECTION_ESTABLISHMENT_T;;;
WIRELESS;MEX;ERICSSON;RAN_4G;PM;QoS;LCELL;ERAB_SUCCESS;ERAB_SUCCESS;Establecimiento ERAB;Volumen total de portadoras de datos (E-RABs: Evolved Radio Access Bearer) establecidas exitosamente en una celda 4G,;;;;integer;;0;;;;;;;;no;SUM(PM_EUTRANCELLFDD.PMERABESTABSUCCINIT+PM_EUTRANCELLFDD.PMERABESTABSUCCADDED);;;;PM_EUTRANCELLFDD;subnetwork,mecontext,eutrancellfdd;;
WIRELESS;MEX;HUAWEI;RAN_4G;PM;QoS;LCELL;ERAB_SUCCESS;ERAB_SUCCESS;Establecimiento ERAB;ERAB_SUCCESS = ERAB_SUCC_ESTABLISHED en HUAWEI RAN 4G. Mide el número de E-RAB establecidos exitosamente (o completados) en la red LTE. Es fundamental para calcular la tasa de éxito de E-RAB setup, un KPI clave en el dominio de retainability y accesibilidad.;;;;integer;;0;;;;;;;;no;SUM(PM_ERAB_EST_CELL.L_ERAB_SUCCEST);;;;PM_ERAB_EST_CELL;subnetwork,enodeb_function_name,enodeb_id,cell_name;;
WIRELESS;MEX;SAMSUNG;RAN_4G;PM;QoS;LCELL;ERAB_SUCCESS;ERAB_SUCCESS;Establecimiento ERAB;Volumen total de portadoras de datos (E-RABs) establecidas exitosamente en una celda 4G,;;;;integer;;0;;;;;;;;no;SUM(PM_ERAB_SETUP_T.ESTABINITSUCCNBR_1 + PM_ERAB_SETUP_T.ESTABINITSUCCNBR_2 + PM_ERAB_SETUP_T.ESTABINITSUCCNBR_3 + PM_ERAB_SETUP_T.ESTABINITSUCCNBR_4 + PM_ERAB_SETUP_T.ESTABINITSUCCNBR_5 + PM_ERAB_SETUP_T.ESTABINITSUCCNBR_6 + PM_ERAB_SETUP_T.ESTABINITSUCCNBR_7 + PM_ERAB_SETUP_T.ESTABINITSUCCNBR_8 + PM_ERAB_SETUP_T.ESTABINITSUCCNBR_9+PM_ERAB_SETUP_ADD_T.ESTABADDSUCCNBR_1 + PM_ERAB_SETUP_ADD_T.ESTABADDSUCCNBR_2 + PM_ERAB_SETUP_ADD_T.ESTABADDSUCCNBR_3 + PM_ERAB_SETUP_ADD_T.ESTABADDSUCCNBR_4 + PM_ERAB_SETUP_ADD_T.ESTABADDSUCCNBR_5 + PM_ERAB_SETUP_ADD_T.ESTABADDSUCCNBR_6 + PM_ERAB_SETUP_ADD_T.ESTABADDSUCCNBR_7 + PM_ERAB_SETUP_ADD_T.ESTABADDSUCCNBR_8 + PM_ERAB_SETUP_ADD_T.ESTABADDSUCCNBR_9);;;;PM_ERAB_SETUP_T,PM_ERAB_SETUP_ADD_T;;;
WIRELESS;MEX;NOKIA;RAN_4G;PM;QoS;LCELL;ERAB_SUCCESS;ERAB_SUCCESS;Establecimiento ERAB;ERAB_SUCCESS = ERAB_SUCC_ESTABLISHED en NOKIA RAN 4G. Mide el número de E-RAB establecidos exitosamente (o completados) en la red LTE. Es fundamental para calcular la tasa de éxito de E-RAB setup, un KPI clave en el dominio de retainability y accesibilidad.;;;;integer;;0;;;;;;;;no;SUM(IFNULL(PM_LTE_EPS_BEARER.EPS_BEARER_SETUP_COMPLETIONS,0));;;;PM_LTE_EPS_BEARER;;;
WIRELESS;MEX;ERICSSON;RAN_4G;PM;QoS;LCELL;ERABS_ATTEMPS;ERABS_ATTEMPS;Intentos ERAB;Número de intentos de establecimiento de ERAB (iniciales + adicionales);;;;integer;;0;;;;;;;;no;SUM(PM_EUTRANCELLFDD.PMERABESTABATTINIT+PM_EUTRANCELLFDD.PMERABESTABATTADDED);;;;PM_EUTRANCELLFDD;subnetwork,mecontext,eutrancellfdd;;
WIRELESS;MEX;HUAWEI;RAN_4G;PM;QoS;LCELL;ERABS_ATTEMPS;ERABS_ATTEMPS;Intentos ERAB;Número de intentos de establecimiento de ERAB (iniciales + adicionales), incluye corrección por handover;;;;integer;;0;;;;;;;;no;SUM(IFNULL(PM_ERAB_EST_CELL.L_ERAB_ATTEST,0))-IFNULL((SUM(IFNULL(PM_ERAB_ESTFAIL_CELL.L_ERAB_FAILEST_X2AP,0))*(IFNULL(SUM(IFNULL(PM_HO_ERAN_IN_CELL.L_HHO_INTRAENB_EXECSUCCIN,0)+IFNULL(PM_HO_ERAN_IN_CELL.L_HHO_INTERENB_EXECSUCCIN,0))/SUM(IFNULL(PM_HO_ERAN_IN_CELL.L_HHO_INTRAENB_EXECATTIN,0)+IFNULL(PM_HO_ERAN_IN_CELL.L_HHO_INTERENB_EXECATTIN,0)),0))),0);;;;PM_ERAB_EST_CELL,PM_ERAB_ESTFAIL_CELL,PM_HO_ERAN_IN_CELL;subnetwork,enodeb_function_name,enodeb_id,cell_name;;
WIRELESS;MEX;SAMSUNG;RAN_4G;PM;QoS;LCELL;ERABS_ATTEMPS;ERABS_ATTEMPS;Intentos ERAB;Número de intentos de establecimiento de ERAB (iniciales + adicionales), Detallada por niveles de QoS.;;;;integer;;0;;;;;;;;no;SUM(PM_ERAB_SETUP_T.ESTABINITATTNBR_1 + PM_ERAB_SETUP_T.ESTABINITATTNBR_2 + PM_ERAB_SETUP_T.ESTABINITATTNBR_3 + PM_ERAB_SETUP_T.ESTABINITATTNBR_4 + PM_ERAB_SETUP_T.ESTABINITATTNBR_5 + PM_ERAB_SETUP_T.ESTABINITATTNBR_6 + PM_ERAB_SETUP_T.ESTABINITATTNBR_7 + PM_ERAB_SETUP_T.ESTABINITATTNBR_8 + PM_ERAB_SETUP_T.ESTABINITATTNBR_9+PM_ERAB_SETUP_ADD_T.ESTABADDATTNBR_1 + PM_ERAB_SETUP_ADD_T.ESTABADDATTNBR_2 + PM_ERAB_SETUP_ADD_T.ESTABADDATTNBR_3 + PM_ERAB_SETUP_ADD_T.ESTABADDATTNBR_4 + PM_ERAB_SETUP_ADD_T.ESTABADDATTNBR_5 + PM_ERAB_SETUP_ADD_T.ESTABADDATTNBR_6 + PM_ERAB_SETUP_ADD_T.ESTABADDATTNBR_7 + PM_ERAB_SETUP_ADD_T.ESTABADDATTNBR_8 + PM_ERAB_SETUP_ADD_T.ESTABADDATTNBR_9);;;;PM_ERAB_SETUP_T,PM_ERAB_SETUP_ADD_T;;;
WIRELESS;MEX;NOKIA;RAN_4G;PM;QoS;LCELL;ERABS_ATTEMPS;ERABS_ATTEMPS;Intentos ERAB;Número de intentos de establecimiento de ERAB (iniciales + adicionales);;;;integer;;0;;;;;;;;no;SUM(IFNULL(PM_LTE_EPS_BEARER.EPS_BEARER_SETUP_ATTEMPTS,0));;;;PM_LTE_EPS_BEARER;;;
WIRELESS;MEX;ERICSSON;RAN_4G;PM;QoS;LCELL;ERAB_FAILURES;ERAB_FAILURES;Fallos ERAB;Volumen total de fallos en la activación de portadoras de datos (E-RABs) en 4G, incluyendo establecimientos iniciales y adicionales para todos los tipos de servicios.;;;;integer;;0;;;;;;;;no;SUM(IFNULL(PM_EUTRANCELLFDD.PMERABESTABATTINIT,0)+IFNULL(PM_EUTRANCELLFDD.PMERABESTABATTADDED,0)-IFNULL(PM_EUTRANCELLFDD.PMERABESTABSUCCINIT,0)-IFNULL(PM_EUTRANCELLFDD.PMERABESTABSUCCADDED,0));;;;PM_EUTRANCELLFDD;subnetwork,mecontext,eutrancellfdd;;
WIRELESS;MEX;HUAWEI;RAN_4G;PM;QoS;LCELL;ERAB_FAILURES;ERAB_FAILURES;Fallos ERAB;Volumen total de fallos en la activación de portadoras de datos (E-RABs) en 4G, incluyendo establecimientos iniciales y adicionales para todos los tipos de servicios.;;;;integer;;0;;;;;;;;no;SUM(PM_ERAB_EST_CELL.L_ERAB_ATTEST-PM_ERAB_EST_CELL.L_ERAB_SUCCEST);;;;PM_ERAB_EST_CELL;subnetwork,enodeb_function_name,enodeb_id,cell_name;;
WIRELESS;MEX;SAMSUNG;RAN_4G;PM;QoS;LCELL;ERAB_FAILURES;ERAB_FAILURES;Fallos ERAB;Volumen total de fallos en la activación de portadoras de datos (E-RABs) en 4G, incluyendo establecimientos iniciales y adicionales para todos los tipos de servicios.;;;;integer;;0;;;;;;;;no;SUM(PM_ERAB_SETUP_T.ESTABINITATTNBR_1 + PM_ERAB_SETUP_T.ESTABINITATTNBR_2 + PM_ERAB_SETUP_T.ESTABINITATTNBR_3 + PM_ERAB_SETUP_T.ESTABINITATTNBR_4 + PM_ERAB_SETUP_T.ESTABINITATTNBR_5 + PM_ERAB_SETUP_T.ESTABINITATTNBR_6 + PM_ERAB_SETUP_T.ESTABINITATTNBR_7 + PM_ERAB_SETUP_T.ESTABINITATTNBR_8 + PM_ERAB_SETUP_T.ESTABINITATTNBR_9+PM_ERAB_SETUP_ADD_T.ESTABADDATTNBR_1 + PM_ERAB_SETUP_ADD_T.ESTABADDATTNBR_2 + PM_ERAB_SETUP_ADD_T.ESTABADDATTNBR_3 + PM_ERAB_SETUP_ADD_T.ESTABADDATTNBR_4 + PM_ERAB_SETUP_ADD_T.ESTABADDATTNBR_5 + PM_ERAB_SETUP_ADD_T.ESTABADDATTNBR_6 + PM_ERAB_SETUP_ADD_T.ESTABADDATTNBR_7 + PM_ERAB_SETUP_ADD_T.ESTABADDATTNBR_8 + PM_ERAB_SETUP_ADD_T.ESTABADDATTNBR_9)-SUM(PM_ERAB_SETUP_T.ESTABINITSUCCNBR_1 + PM_ERAB_SETUP_T.ESTABINITSUCCNBR_2 + PM_ERAB_SETUP_T.ESTABINITSUCCNBR_3 + PM_ERAB_SETUP_T.ESTABINITSUCCNBR_4 + PM_ERAB_SETUP_T.ESTABINITSUCCNBR_5 + PM_ERAB_SETUP_T.ESTABINITSUCCNBR_6 + PM_ERAB_SETUP_T.ESTABINITSUCCNBR_7 + PM_ERAB_SETUP_T.ESTABINITSUCCNBR_8 + PM_ERAB_SETUP_T.ESTABINITSUCCNBR_9+PM_ERAB_SETUP_ADD_T.ESTABADDSUCCNBR_1 + PM_ERAB_SETUP_ADD_T.ESTABADDSUCCNBR_2 + PM_ERAB_SETUP_ADD_T.ESTABADDSUCCNBR_3 + PM_ERAB_SETUP_ADD_T.ESTABADDSUCCNBR_4 + PM_ERAB_SETUP_ADD_T.ESTABADDSUCCNBR_5 + PM_ERAB_SETUP_ADD_T.ESTABADDSUCCNBR_6 + PM_ERAB_SETUP_ADD_T.ESTABADDSUCCNBR_7 + PM_ERAB_SETUP_ADD_T.ESTABADDSUCCNBR_8 + PM_ERAB_SETUP_ADD_T.ESTABADDSUCCNBR_9);;;;PM_ERAB_SETUP_T,PM_ERAB_SETUP_ADD_T;;;
WIRELESS;MEX;NOKIA;RAN_4G;PM;QoS;LCELL;ERAB_FAILURES;ERAB_FAILURES;Fallos ERAB;Volumen total de fallos en la activación de portadoras de datos (E-RABs) en 4G, incluyendo establecimientos iniciales y adicionales para todos los tipos de servicios.;;;;integer;;0;;;;;;;;no;SUM(IFNULL(PM_LTE_EPS_BEARER.EPS_BEARER_SETUP_ATTEMPTS,0)-IFNULL(PM_LTE_EPS_BEARER.EPS_BEARER_SETUP_COMPLETIONS,0));;;;PM_LTE_EPS_BEARER;;;
WIRELESS;MEX;ERICSSON;RAN_4G;PM;QoS;LCELL;RETAINABILITY_NUM;RETAINABILITY_NUM;Fallos Retenibilidad ERAB ;Fallos de retención de sesiones ERAB, es decir, cuando una portadora de datos se libera por causas no deseadas (drops). Liberaciones anormales activas por eNodeB y MME;;;;integer;;0;;;;;;;;no;SUM(IFNULL(PM_EUTRANCELLFDD.PMERABRELABNORMALENBACT,0)+IFNULL(PM_EUTRANCELLFDD.PMERABRELABNORMALMMEACT,0));;;;PM_EUTRANCELLFDD;subnetwork,mecontext,eutrancellfdd;;
WIRELESS;MEX;SAMSUNG;RAN_4G;PM;QoS;LCELL;RETAINABILITY_NUM;RETAINABILITY_NUM;Fallos Retenibilidad ERAB ;Fallos de retención de sesiones ERAB, es decir, cuando una portadora de datos se libera por causas no deseadas (drops). Incluye liberaciones anormales y preestablecidas;;;;integer;;0;;;;;;;;no;SUM(PM_ERAB_RELEASE_BY_MME_PER_CELL.RELABNORMALBYMMEACT + PM_ERAB_RELEASE_BY_ENB_PER_CELL.RELABNORMALBYENBACT + PM_ERAB_RELEASE_BY_ENB_PER_CELL.RELNORMALBYENB_PRE);;;;PM_ERAB_RELEASE_BY_MME_PER_CELL,PM_ERAB_RELEASE_BY_ENB_PER_CELL;;;
WIRELESS;MEX;NOKIA;RAN_4G;PM;QoS;LCELL;RETAINABILITY_NUM;RETAINABILITY_NUM;Fallos Retenibilidad ERAB ;Fallos de retención de sesiones ERAB, es decir, cuando una portadora de datos se libera por causas no deseadas (drops).;;;;integer;;0;;;;;;;;no;SUM(IFNULL(PM_LTE_EPS_BEARER.ERAB_REL_HO_PART,0))+SUM(IFNULL(PM_LTE_EPS_BEARER.ERAB_REL_ENB,0))-SUM(IFNULL(PM_LTE_EPS_BEARER.ERAB_REL_ENB_RNL_INA,0))-SUM(IFNULL(PM_LTE_EPS_BEARER.ERAB_REL_ENB_RNL_RED,0))+SUM(IFNULL(PM_LTE_EPS_BEARER.EPC_EPS_BEARER_REL_REQ_RNL,0))+SUM(IFNULL(PM_LTE_EPS_BEARER.EPC_EPS_BEARER_REL_REQ_OTH,0));;;;PM_LTE_EPS_BEARER;;;
WIRELESS;MEX;ERICSSON;RAN_4G;PM;QoS;LCELL;RETAINABILITY_DENOM;RETAINABILITY_DENOM;Número Retenibilidad ERAB liberadas;Total de portadoras ERAB (bearers LTE) que fueron liberadas, ya sea por causas normales (fin de sesión, handover exitoso, detach) o anormales (fallos, pérdida de señal, congestión);;;;integer;;0;;;;;;;;no;SUM(IFNULL(PM_EUTRANCELLFDD.PMERABRELNORMALENB,0)+IFNULL(PM_EUTRANCELLFDD.PMERABRELABNORMALENB,0)+IFNULL(PM_EUTRANCELLFDD.PMERABRELMME,0));;;;PM_EUTRANCELLFDD;subnetwork,mecontext,eutrancellfdd;;
WIRELESS;MEX;SAMSUNG;RAN_4G;PM;QoS;LCELL;RETAINABILITY_DENOM;RETAINABILITY_DENOM;Número Retenibilidad ERAB liberadas;Total de portadoras ERAB (bearers LTE) que fueron liberadas, ya sea por causas normales (fin de sesión, handover exitoso, detach) o anormales (fallos, pérdida de señal, congestión);;;;integer;;0;;;;;;;;no;SUM(PM_ERAB_RELEASE_BY_ENB_PER_CELL.RELBYENB+PM_ERAB_RELEASE_BY_MME_PER_CELL.RELBYMME);;;;PM_ERAB_RELEASE_BY_ENB_PER_CELL,PM_ERAB_RELEASE_BY_MME_PER_CELL;;;
WIRELESS;MEX;NOKIA;RAN_4G;PM;QoS;LCELL;RETAINABILITY_DENOM;RETAINABILITY_DENOM;Número Retenibilidad ERAB liberadas;Total de portadoras ERAB (bearers LTE) que fueron liberadas, ya sea por causas normales (fin de sesión, handover exitoso, detach) o anormales (fallos, pérdida de señal, congestión);;;;integer;;0;;;;;;;;no;SUM(IFNULL(PM_LTE_EPS_BEARER.ERAB_REL_ENB_RNL_INA,0))+SUM(IFNULL(PM_LTE_EPS_BEARER.ERAB_REL_ENB_RNL_RED,0))+SUM(IFNULL(PM_LTE_EPS_BEARER.EPC_EPS_BEARER_REL_REQ_NORM,0))+SUM(IFNULL(PM_LTE_EPS_BEARER.EPC_EPS_BEARER_REL_REQ_DETACH,0))+SUM(IFNULL(PM_LTE_EPS_BEARER.ERAB_REL_SUCC_HO_UTRAN,0))+SUM(IFNULL(PM_LTE_EPS_BEARER.ERAB_REL_HO_PART,0))+SUM(IFNULL(PM_LTE_EPS_BEARER.ERAB_REL_ENB,0))-SUM(IFNULL(PM_LTE_EPS_BEARER.ERAB_REL_ENB_RNL_INA,0))-SUM(IFNULL(PM_LTE_EPS_BEARER.ERAB_REL_ENB_RNL_RED,0))+SUM(IFNULL(PM_LTE_EPS_BEARER.EPC_EPS_BEARER_REL_REQ_RNL,0))+SUM(IFNULL(PM_LTE_EPS_BEARER.EPC_EPS_BEARER_REL_REQ_OTH,0));;;;PM_LTE_EPS_BEARER;;;
WIRELESS;MEX;ERICSSON;RAN_4G;PM;MOBILITY;LCELL;IRAT_4G_TO_3G_EVENTS;IRAT_4G_TO_3G_EVENTS;HO Intersystem desde 4G a 3G;Número de eventos de traspaso (HandOver) o redirección desde LTE hacia 3G (UTRAN/WCDMA/HSPA) o 2G (GERAN/GSM/EDGE);;;;integer;;0;;;;;;;;no;SUM(PM_EUTRANCELLFDD.PMUECTXTRELSCGSM+PM_EUTRANCELLFDD.PMUECTXTRELSCWCDMA);;;;PM_EUTRANCELLFDD;subnetwork,mecontext,eutrancellfdd;;
WIRELESS;MEX;HUAWEI;RAN_4G;PM;MOBILITY;LCELL;IRAT_4G_TO_3G_EVENTS;IRAT_4G_TO_3G_EVENTS;HO Intersystem desde 4G a 3G;Número de eventos de traspaso (HandOver) o redirección desde LTE (E-UTRAN) hacia 3G (UTRAN/WCDMA), resta los casos CSFB (Circuit Switched Fallback) para evitar doble conteo. Distinción crucial entre Handover (proceso más suave, con preparación) y Redirección (proceso más brusco, donde la UE es enviada a otra frecuencia sin preparación).;;;;integer;;0;;;;;;;;no;SUM(PM_HO_IRAT_OUT_CELL.L_IRATHO_E2W_EXECSUCCOUT-PM_HO_IRAT_OUT_CELL.L_RRCREDIRECTION_E2W_CSFB)+SUM(PM_HO_IRAT_OUT_CELL.L_RRCREDIRECTION_E2W-PM_HO_IRAT_OUT_CELL.L_IRATHO_E2W_CSFB_EXECSUCCOUT);;;;PM_HO_IRAT_OUT_CELL;subnetwork,enodeb_function_name,enodeb_id,cell_name;;
WIRELESS;MEX;NOKIA;RAN_4G;PM;MOBILITY;LCELL;IRAT_4G_TO_3G_EVENTS;IRAT_4G_TO_3G_EVENTS;HO Intersystem desde 4G a 3G;Número de eventos de traspaso (HandOver) desde LTE hacia 3G;;;;integer;;0;;;;;;;;no;SUM(IFNULL(PM_LTE_INTER_SYS_HO.ISYS_HO_SUCC,0));;;;PM_LTE_INTER_SYS_HO;;;
WIRELESS;MEX;ERICSSON;RAN_4G;PM;TRAFFIC;LCELL;THPT_USER_DL_KBPS_DENOM;THPT_USER_DL_KBPS_DENOM;Tiempo de Tráfico PS en DL;Tiempo durante el cual se ha transmitido tráfico de datos útil en downlink (DL), usado como denominador en la fórmula THPT_USER_DL_KBPS;;;;float;;2;seconds;;;;;;;no;SUM(PM_EUTRANCELLFDD.PMUETHPTIMEDL);;;;PM_EUTRANCELLFDD;subnetwork,mecontext,eutrancellfdd;;
WIRELESS;MEX;HUAWEI;RAN_4G;PM;TRAFFIC;LCELL;THPT_USER_DL_KBPS_DENOM;THPT_USER_DL_KBPS_DENOM;Tiempo de Tráfico PS en DL;Tiempo durante el cual se ha transmitido tráfico de datos útil en downlink (DL), usado como denominador en la fórmula THPT_USER_DL_KBPS;;;;float;;2;seconds;;;;;;;no;SUM(PM_TRAFFIC_THRUPUT_CELL.L_THRP_TIME_DL_RMVLASTTTI);;;;PM_TRAFFIC_THRUPUT_CELL;subnetwork,enodeb_function_name,enodeb_id,cell_name;;
WIRELESS;MEX;SAMSUNG;RAN_4G;PM;TRAFFIC;LCELL;THPT_USER_DL_KBPS_DENOM;THPT_USER_DL_KBPS_DENOM;Tiempo de Tráfico PS en DL;Tiempo durante el cual se ha transmitido tráfico de datos útil en downlink (DL), usado como denominador en la fórmula THPT_USER_DL_KBPS;;;;float;;2;seconds;;;;;;;no;SUM(PM_AIR_RLC_PACKET_T.IPTHRUTHPDLTIME_1 + PM_AIR_RLC_PACKET_T.IPTHRUTHPDLTIME_2 + PM_AIR_RLC_PACKET_T.IPTHRUTHPDLTIME_3 + PM_AIR_RLC_PACKET_T.IPTHRUTHPDLTIME_4 + PM_AIR_RLC_PACKET_T.IPTHRUTHPDLTIME_5 + PM_AIR_RLC_PACKET_T.IPTHRUTHPDLTIME_6 + PM_AIR_RLC_PACKET_T.IPTHRUTHPDLTIME_7 + PM_AIR_RLC_PACKET_T.IPTHRUTHPDLTIME_8 + PM_AIR_RLC_PACKET_T.IPTHRUTHPDLTIME_9);;;;PM_AIR_RLC_PACKET_T;;;
WIRELESS;MEX;NOKIA;RAN_4G;PM;TRAFFIC;LCELL;THPT_USER_DL_KBPS_DENOM;THPT_USER_DL_KBPS_DENOM;Tiempo de Tráfico PS en DL;Tiempo durante el cual se ha transmitido tráfico de datos útil en downlink (DL), usado como denominador en la fórmula THPT_USER_DL_KBPS;;;;float;;2;seconds;;;;;;;no;SUM(IFNULL(PM_LTE_CELL_THROUGHPUT.IP_TPUT_TIME_DL_QCI_1,0)+IFNULL(PM_LTE_CELL_THROUGHPUT.IP_TPUT_TIME_DL_QCI_2,0)+IFNULL(PM_LTE_CELL_THROUGHPUT.IP_TPUT_TIME_DL_QCI_3,0)+IFNULL(PM_LTE_CELL_THROUGHPUT.IP_TPUT_TIME_DL_QCI_4,0)+IFNULL(PM_LTE_CELL_THROUGHPUT.IP_TPUT_TIME_DL_QCI_5,0)+IFNULL(PM_LTE_CELL_THROUGHPUT.IP_TPUT_TIME_DL_QCI_6,0)+IFNULL(PM_LTE_CELL_THROUGHPUT.IP_TPUT_TIME_DL_QCI_7,0)+IFNULL(PM_LTE_CELL_THROUGHPUT.IP_TPUT_TIME_DL_QCI_8,0)+IFNULL(PM_LTE_CELL_THROUGHPUT.IP_TPUT_TIME_DL_QCI_9,0));;;;PM_LTE_CELL_THROUGHPUT;;;
WIRELESS;MEX;HUAWEI;RAN_4G;PM;COVERAGE;L4GON3G;TIME3G;TIME3G;;Tiempo que el usuario permanece en 3G después de haber sido transferido desde 4G;;;;integer;;0;;;;;;;;no;SUM(PM_4GON3G.TIEMPO3G);;;;PM_4GON3G;;;
WIRELESS;MEX;ERICSSON;RAN_4G;PM;COVERAGE;L4GON3G;TIME3G;TIME3G;;Tiempo que el usuario permanece en 3G después de haber sido transferido desde 4G;;;;integer;;0;;;;;;;;no;SUM(PM_4GON3G.TIEMPO3G);;;;PM_4GON3G;;;
WIRELESS;MEX;NOKIA;RAN_4G;PM;COVERAGE;L4GON3G;TIME3G;TIME3G;;Tiempo que el usuario permanece en 3G después de haber sido transferido desde 4G;;;;integer;;0;;;;;;;;no;SUM(PM_4GON3G.TIEMPO3G);;;;PM_4GON3G;;;
WIRELESS;MEX;HUAWEI;RAN_4G;PM;COVERAGE;L4GON3G;TIME4G;TIME4G;;Tiempo que el usuario permanece en 4G antes de ser transferido a 3G;;;;integer;;0;;;;;;;;no;SUM(PM_4GON3G.TIEMPO4G);;;;PM_4GON3G;;;
WIRELESS;MEX;ERICSSON;RAN_4G;PM;COVERAGE;L4GON3G;TIME4G;TIME4G;;Tiempo que el usuario permanece en 4G antes de ser transferido a 3G;;;;integer;;0;;;;;;;;no;SUM(PM_4GON3G.TIEMPO4G);;;;PM_4GON3G;;;
WIRELESS;MEX;NOKIA;RAN_4G;PM;COVERAGE;L4GON3G;TIME4G;TIME4G;;Tiempo que el usuario permanece en 4G antes de ser transferido a 3G;;;;integer;;0;;;;;;;;no;SUM(PM_4GON3G.TIEMPO4G);;;;PM_4GON3G;;;
WIRELESS;MEX;NOKIA;RAN_4G;PM;QoS;LOOKLA;SUMAVG_LATENCY;SUMAVG_LATENCY;;latencia promedio medida por usuarios;;;;integer;;0;KBPS;;;;;;;no;SUM(PM_OOKLA.SUMAVG_LATENCY);;;;PM_OOKLA;;;
WIRELESS;MEX;NOKIA;RAN_4G;PM;TRAFFIC;LOOKLA;SUMAVG_DL_KBPS;SUMAVG_DL_KBPS;;velocidad promedio de descarga en Kbps;;;;integer;;0;;;;;;;;no;SUM(PM_OOKLA.SUMAVG_DL_KBPS);;;;PM_OOKLA;;;
WIRELESS;MEX;NOKIA;RAN_4G;PM;TRAFFIC;LOOKLA;SUMMUESTRAS;SUMMUESTRAS;;muestras tomadas en pruebas OOKLA;;;;integer;;0;;;;;;;;no;SUM(PM_OOKLA.SUMMUESTRAS);;;;PM_OOKLA;;;
WIRELESS;MEX;SAMSUNG;RAN_4G;PM;QoS;LCELL;PACKET_LOSS;PACKET_LOSS;Paquetes perdidos en DL;Porcentaje de paquetes PDCP perdidos en downlink, ya sea por errores de radio o por congestión en la estación base, discriminado por QCI (1–9).;;;;percentage;;2;%;;0 to 100;;;;;no;ROUND((100 *SUM(PM_PACKET_LOSS_RATE_T.PDCPSDULOSSDLNUM_1 + PM_PACKET_LOSS_RATE_T.PDCPSDULOSSDLNUM_2 + PM_PACKET_LOSS_RATE_T.PDCPSDULOSSDLNUM_3 + PM_PACKET_LOSS_RATE_T.PDCPSDULOSSDLNUM_4 + PM_PACKET_LOSS_RATE_T.PDCPSDULOSSDLNUM_5 + PM_PACKET_LOSS_RATE_T.PDCPSDULOSSDLNUM_6 + PM_PACKET_LOSS_RATE_T.PDCPSDULOSSDLNUM_7 + PM_PACKET_LOSS_RATE_T.PDCPSDULOSSDLNUM_8 + PM_PACKET_LOSS_RATE_T.PDCPSDULOSSDLNUM_9 + PM_DL_PDCP_PDU_DISCARD_RATE_T.PDCPPDUDISCARDCOUNTDL_1 + PM_DL_PDCP_PDU_DISCARD_RATE_T.PDCPPDUDISCARDCOUNTDL_2 + PM_DL_PDCP_PDU_DISCARD_RATE_T.PDCPPDUDISCARDCOUNTDL_3 + PM_DL_PDCP_PDU_DISCARD_RATE_T.PDCPPDUDISCARDCOUNTDL_4 + PM_DL_PDCP_PDU_DISCARD_RATE_T.PDCPPDUDISCARDCOUNTDL_5 + PM_DL_PDCP_PDU_DISCARD_RATE_T.PDCPPDUDISCARDCOUNTDL_6 + PM_DL_PDCP_PDU_DISCARD_RATE_T.PDCPPDUDISCARDCOUNTDL_7 + PM_DL_PDCP_PDU_DISCARD_RATE_T.PDCPPDUDISCARDCOUNTDL_8 + PM_DL_PDCP_PDU_DISCARD_RATE_T.PDCPPDUDISCARDCOUNTDL_9) /SUM(PM_PACKET_LOSS_RATE_T.PDCPSDUTOTALDLNUM_1 + PM_PACKET_LOSS_RATE_T.PDCPSDUTOTALDLNUM_2 + PM_PACKET_LOSS_RATE_T.PDCPSDUTOTALDLNUM_3 + PM_PACKET_LOSS_RATE_T.PDCPSDUTOTALDLNUM_4 + PM_PACKET_LOSS_RATE_T.PDCPSDUTOTALDLNUM_5 + PM_PACKET_LOSS_RATE_T.PDCPSDUTOTALDLNUM_6 + PM_PACKET_LOSS_RATE_T.PDCPSDUTOTALDLNUM_7 + PM_PACKET_LOSS_RATE_T.PDCPSDUTOTALDLNUM_8 + PM_PACKET_LOSS_RATE_T.PDCPSDUTOTALDLNUM_9)),2);;;;PM_PACKET_LOSS_RATE_T,PM_DL_PDCP_PDU_DISCARD_RATE_T;;;
WIRELESS;MEX;NOKIA;RAN_4G;PM;QoS;LCELL;PACKET_LOSS;PACKET_LOSS;Paquetes descartados en DL;Porcentaje de paquetes PDCP descartados en downlink, a nivel celda;;;;percentage;;2;%;;0 to 100;;;;;no;ROUND(IFNULL(100*SUM(PM_LTE_CELL_LOAD.PDCP_SDU_DL_DISC)/SUM(PM_LTE_CELL_LOAD.PDCP_SDU_DL+PM_LTE_CELL_LOAD.PDCP_SDU_DL_DISC),0),2);;;;PM_LTE_CELL_LOAD;;;
WIRELESS;MEX;HUAWEI;RAN_4G;PM;QoS;LTRANSPORT STCPLNK;VS_SCTPLNK_REPKTS;VS_SCTPLNK_REPKTS;;Número total de paquetes retransmitidos en el enlace SCTP (Stream Control Transmission Protocol) entre el eNodeB/gNodeB y el MME/AMF. Este KPI indica problemas de transporte (fallos de transmisión, jitter, congestión, pérdida de paquetes).;;;;integer;;0;;;Mayor o igual a cero;;;;;no;SUM(PM_TRANSPORT_SCTPLNK.VS_SCTPLNK_REPKTS);;;;PM_TRANSPORT_SCTPLNK;;;
WIRELESS;MEX;NOKIA;RAN_4G;PM;QoS;LS1 SCTP;RETX_S1%;RETX_S1%;;Porcentaje de chunks retransmitidos sobre el total de intentos de envío (retransmisiones + envíos exitosos) en la interfaz S1 (entre eNodeB y MME). En SCTP (Stream Control Transmission Protocol), un chunk es la unidad básica de información que se transporta dentro de un paquete SCTP;;;;percentage;;2;%;;0 to 100;;;;;no;ROUND(100*(SUM(PM_LTE_S1_SCTP_STATISTICS.SCTP_S1CHRSNT)/SUM(PM_LTE_S1_SCTP_STATISTICS.SCTP_S1CHRSNT+PM_LTE_S1_SCTP_STATISTICS.SCTP_S1CHSNT)),2);;;;PM_LTE_S1_SCTP_STATISTICS;;;
WIRELESS;MEX;NOKIA;RAN_4G;PM;QoS;LX2 SCTP;RETX_X2%;RETX_X2%;;Porcentaje de chunks SCTP retransmitidos sobre el total de intentos de envío en la interfaz X2 (entre eNodeBs).;;;;percentage;;2;%;;0 to 100;;;;;no;ROUND(100*(SUM(PM_LTE_X2_SCTP_STATISTICS.SCTP_X2CHRSNT)/SUM(PM_LTE_X2_SCTP_STATISTICS.SCTP_X2CHRSNT+PM_LTE_X2_SCTP_STATISTICS.SCTP_X2CHSNT)),2);;;;PM_LTE_X2_SCTP_STATISTICS;;;
WIRELESS;MEX;ERICSSON;RAN_4G;PM;USERS;LCELL;USERS_AVG;USERS_AVG;Promedio usuarios conectados;Número promedio de usuarios RRC conectados (RRC_CONNECTED) en una celda LTE (4G);;;;float;;2;;;;;;;;no;ROUND(IFNULL(SUM(PM_EUTRANCELLFDD.PMRRCCONNLEVSUM)/SUM(PM_EUTRANCELLFDD.PMRRCCONNLEVSAMP),0),2);;;;PM_EUTRANCELLFDD;subnetwork,mecontext,eutrancellfdd;;
WIRELESS;MEX;HUAWEI;RAN_4G;PM;USERS;LCELL;USERS_AVG;USERS_AVG;Promedio usuarios conectados;Número promedio de usuarios RRC conectados (RRC_CONNECTED) en una celda LTE (4G);;;;float;;2;;;;;;;;no;ROUND(AVG(PM_TRAFFIC_USER_CELL.L_TRAFFIC_USER_AVG),2);;;;PM_TRAFFIC_USER_CELL;subnetwork,enodeb_function_name,enodeb_id,cell_name;;
WIRELESS;MEX;SAMSUNG;RAN_4G;PM;USERS;LCELL;RRCCONNUSER_AVG;RRCCONNUSER_AVG;Promedio conexiones RRC;Promedio de usuarios RRC conectados en una celda LTE (4G) durante el intervalo de medición;;;;float;;2;;;;;;;;no;ROUND(SUM(PM_RRC_CONNECTION_NUMBER.CONNNOTOT)/SUM(PM_RRC_CONNECTION_NUMBER.CONNNOCNT),2);;;;PM_RRC_CONNECTION_NUMBER;;;
WIRELESS;MEX;SAMSUNG;RAN_4G;PM;USERS;LCELL;ACTIVE_DL_USER_AVG;ACTIVE_DL_USER_AVG;Media Usuarios DL activos;Promedio de usuarios activos en DL por celda o sector durante el periodo de medición.;;;;float;;2;;;;;;;;no;ROUND((SUM(PM_ACTIVE_UE_NUMBER_T.UEACTIVEDLTOT_1 + PM_ACTIVE_UE_NUMBER_T.UEACTIVEDLTOT_2 + PM_ACTIVE_UE_NUMBER_T.UEACTIVEDLTOT_3 + PM_ACTIVE_UE_NUMBER_T.UEACTIVEDLTOT_4 + PM_ACTIVE_UE_NUMBER_T.UEACTIVEDLTOT_5 + PM_ACTIVE_UE_NUMBER_T.UEACTIVEDLTOT_6 + PM_ACTIVE_UE_NUMBER_T.UEACTIVEDLTOT_7 + PM_ACTIVE_UE_NUMBER_T.UEACTIVEDLTOT_8 + PM_ACTIVE_UE_NUMBER_T.UEACTIVEDLTOT_9) / SUM(PM_ACTIVE_UE_NUMBER_T.UEACTIVEDLCNT_1 + PM_ACTIVE_UE_NUMBER_T.UEACTIVEDLCNT_2 + PM_ACTIVE_UE_NUMBER_T.UEACTIVEDLCNT_3 + PM_ACTIVE_UE_NUMBER_T.UEACTIVEDLCNT_4 + PM_ACTIVE_UE_NUMBER_T.UEACTIVEDLCNT_5 + PM_ACTIVE_UE_NUMBER_T.UEACTIVEDLCNT_6 + PM_ACTIVE_UE_NUMBER_T.UEACTIVEDLCNT_7 + PM_ACTIVE_UE_NUMBER_T.UEACTIVEDLCNT_8 + PM_ACTIVE_UE_NUMBER_T.UEACTIVEDLCNT_9)),2);;;;PM_ACTIVE_UE_NUMBER_T;;;
WIRELESS;MEX;NOKIA;RAN_4G;PM;USERS;LCELL;ACTIVE_USER_AVG;ACTIVE_USER_AVG;Media Usuarios totales activos;Promedio de usuarios activos en DL y UL por clase de calidad (QCI), agregados.;;;;float;;2;;;;;;;;no;ROUND(IFNULL(SUM(PM_LTE_UE_QUANTITY.SUM_ACT_UE)/SUM(PM_LTE_UE_QUANTITY.DENOM_ACT_UE),0),2);;;;PM_LTE_UE_QUANTITY;;;
WIRELESS;MEX;ERICSSON;RAN_4G;PM;QoS;LCELL;RRC_SUCCESS;RRC_SUCCESS;Número de establecimientos RRC;Número total de establecimientos de conexión RRC exitosos en la celda 4G LTE.;;;;integer;;0;;;;;;;;no;SUM(IFNULL(PM_EUTRANCELLFDD.PMRRCCONNESTABSUCC,0));;;;PM_EUTRANCELLFDD;subnetwork,mecontext,eutrancellfdd;;
WIRELESS;MEX;HUAWEI;RAN_4G;PM;QoS;LCELL;RRC_SUCCESS;RRC_SUCCESS;Número de establecimientos RRC;Número total de establecimientos de conexión RRC exitosos en la celda 4G LTE.;;;;integer;;0;;;;;;;;no;SUM(IFNULL(PM_LTE_RRC_SETUP_CELL.L_RRC_CONNREQ_SUCC,0));;;;PM_LTE_RRC_SETUP_CELL;subnetwork,enodeb_function_name,enodeb_id,cell_name;;
WIRELESS;MEX;NOKIA;RAN_4G;PM;QoS;LCELL;RRC_SUCCESS;RRC_SUCCESS;Número de establecimientos RRC;RRC_SUCCESS = RRC_SUCCESS_ALL para NOKIA RAN 4G. Número total de establecimientos de conexión RRC exitosos en la celda 4G LTE.;;;;integer;;0;;;;;;;;no;SUM(IFNULL(PM_LTE_UE_STATE.SIGN_CONN_ESTAB_SUCC_MT,0)+IFNULL(PM_LTE_UE_STATE.SIGN_CONN_ESTAB_SUCC_MO_D,0)+IFNULL(PM_LTE_UE_STATE.SIGN_CONN_ESTAB_SUCC_DEL_TOL,0)+IFNULL(PM_LTE_UE_STATE.SIGN_CONN_ESTAB_SUCC_HIPRIO,0)+IFNULL(PM_LTE_UE_STATE.SIGN_CONN_ESTAB_COMP_EMG,0));;;;PM_LTE_UE_STATE;;;
WIRELESS;MEX;SAMSUNG;RAN_4G;PM;QoS;LCELL;RRC_SUCCESS;RRC_SUCCESS;Número de establecimientos RRC;Número total de establecimientos de conexión RRC exitosos en la celda 4G LTE.;;;;integer;;0;;;;;;;;no;SUM(IFNULL(PM_RRC_CONNECTION_ESTABLISHMENT_T.CONNESTABSUCC_DELAY_TOLERANT_ACCESS,0)+IFNULL(PM_RRC_CONNECTION_ESTABLISHMENT_T.CONNESTABSUCC_EMERGENCY,0)+IFNULL(PM_RRC_CONNECTION_ESTABLISHMENT_T.CONNESTABSUCC_HI_PRIO_ACCESS,0)+IFNULL(PM_RRC_CONNECTION_ESTABLISHMENT_T.CONNESTABSUCC_MO_DATA,0)+IFNULL(PM_RRC_CONNECTION_ESTABLISHMENT_T.CONNESTABSUCC_MO_SIGNAL,0)+IFNULL(PM_RRC_CONNECTION_ESTABLISHMENT_T.CONNESTABSUCC_MO_VOICE_CALL,0)+IFNULL(PM_RRC_CONNECTION_ESTABLISHMENT_T.CONNESTABSUCC_MT_ACCESS,0));;;;PM_RRC_CONNECTION_ESTABLISHMENT_T;;;
WIRELESS;MEX;HUAWEI;RAN_4G;PM;QoS;LCELL;RRC_ATTEMPTS;RRC_ATTEMPTS;Intentos RRC;Número de intentos de establecimiento de conexión RRC en la celda (sin importar si son exitosos o fallidos).;;;;integer;;0;;;;;;;;no;SUM(IFNULL(PM_LTE_RRC_SETUP_CELL.L_RRC_CONNREQ_ATT,0));;;;PM_LTE_RRC_SETUP_CELL;subnetwork,enodeb_function_name,enodeb_id,cell_name;;
WIRELESS;MEX;ERICSSON;RAN_4G;PM;QoS;LCELL;RRC_ATTEMPTS;RRC_ATTEMPTS;Intentos RRC;Número de intentos únicos de establecimiento RRC (se descuentan los reintentos para evitar doble conteo).;;;;integer;;0;;;;;;;;no;SUM(IFNULL(PM_EUTRANCELLFDD.PMRRCCONNESTABATT,0)-IFNULL(PM_EUTRANCELLFDD.PMRRCCONNESTABATTREATT,0));;;;PM_EUTRANCELLFDD;subnetwork,mecontext,eutrancellfdd;;
WIRELESS;MEX;SAMSUNG;RAN_4G;PM;QoS;LCELL;RRC_ATTEMPTS;RRC_ATTEMPTS;Intentos RRC;Total de intentos de establecimiento RRC, sumando todos los tipos de servicio (Delay tolerant, Emergency, High Priority, Mobile Originated Data, MO Signalling, MO Voice, Mobile Terminated);;;;integer;;0;;;;;;;;no;SUM(IFNULL(PM_RRC_CONNECTION_ESTABLISHMENT_T.CONNESTABATT_DELAY_TOLERANT_ACCESS,0)+IFNULL(PM_RRC_CONNECTION_ESTABLISHMENT_T.CONNESTABATT_EMERGENCY,0)+IFNULL(PM_RRC_CONNECTION_ESTABLISHMENT_T.CONNESTABATT_HI_PRIO_ACCESS,0)+IFNULL(PM_RRC_CONNECTION_ESTABLISHMENT_T.CONNESTABATT_MO_DATA,0)+IFNULL(PM_RRC_CONNECTION_ESTABLISHMENT_T.CONNESTABATT_MO_SIGNAL,0)+IFNULL(PM_RRC_CONNECTION_ESTABLISHMENT_T.CONNESTABATT_MO_VOICE_CALL,0)+IFNULL(PM_RRC_CONNECTION_ESTABLISHMENT_T.CONNESTABATT_MT_ACCESS,0));;;;PM_RRC_CONNECTION_ESTABLISHMENT_T;;;
WIRELESS;MEX;ERICSSON;RAN_4G;PM;QoS;LCELL;S1_ATTEMPTS;S1_ATTEMPTS;Intentos S1;S1_ATTEMPS = S1_ATTEMPTS en ERICSSON RAN 4G. Número de intentos de establecimiento de conexión en la interfaz S1-MME, que es la señalización entre el eNodeB y el MME en redes LTE (4G), independientemente del tipo de servicio o nivel de agregación.;;;;integer;;0;;;;;;;;no;SUM(PM_EUTRANCELLFDD.PMS1SIGCONNESTABATT);;;;PM_EUTRANCELLFDD;subnetwork,mecontext,eutrancellfdd;;
WIRELESS;MEX;HUAWEI;RAN_4G;PM;QoS;LCELL;S1_ATTEMPTS;S1_ATTEMPTS;Intentos S1;S1_ATTEMPS = S1_ATTEMPTS en Nokia HUAWEI 4G. Número de intentos de establecimiento de conexión en la interfaz S1-MME, que es la señalización entre el eNodeB y el MME en redes LTE (4G), independientemente del tipo de servicio o nivel de agregación.;;;;integer;;0;;;;;;;;no;SUM(PM_ERAB_EST_CELL.L_S1SIG_CONNEST_ATT);;;;PM_ERAB_EST_CELL;subnetwork,enodeb_function_name,enodeb_id,cell_name;;
WIRELESS;MEX;SAMSUNG;RAN_4G;PM;QoS;LCELL;S1_ATTEMPTS;S1_ATTEMPTS;Intentos S1;S1_ATTEMPS = S1_ATTEMPTS en Nokia SAMSUNG 4G. Número de intentos de establecimiento de conexión en la interfaz S1-MME, que es la señalización entre el eNodeB y el MME en redes LTE (4G), independientemente del tipo de servicio o nivel de agregación.;;;;integer;;0;;;;;;;;no;SUM(PM_UEASSOCIATED_LOGICAL_S1_CONNECTION_ESTABLISHMENT_T.S1CONNESTABATT_DELAY_TOLERANT_ACCESS + PM_UEASSOCIATED_LOGICAL_S1_CONNECTION_ESTABLISHMENT_T.S1CONNESTABATT_EMERGENCY + PM_UEASSOCIATED_LOGICAL_S1_CONNECTION_ESTABLISHMENT_T.S1CONNESTABATT_HI_PRIO_ACCESS + PM_UEASSOCIATED_LOGICAL_S1_CONNECTION_ESTABLISHMENT_T.S1CONNESTABATT_MO_DATA + PM_UEASSOCIATED_LOGICAL_S1_CONNECTION_ESTABLISHMENT_T.S1CONNESTABATT_MO_SIGNAL + PM_UEASSOCIATED_LOGICAL_S1_CONNECTION_ESTABLISHMENT_T.S1CONNESTABATT_MO_VOICE_CALL + PM_UEASSOCIATED_LOGICAL_S1_CONNECTION_ESTABLISHMENT_T.S1CONNESTABATT_MT_ACCESS);;;;PM_UEASSOCIATED_LOGICAL_S1_CONNECTION_ESTABLISHMENT_T;;;
WIRELESS;MEX;NOKIA;RAN_4G;PM;QoS;LCELL;S1_ATTEMPTS;S1_ATTEMPTS;Intentos S1;S1_ATTEMPS = S1_ATTEMPTS en Nokia RAN 4G. Número de intentos de establecimiento de conexión en la interfaz S1-MME, que es la señalización entre el eNodeB y el MME en redes LTE (4G), independientemente del tipo de servicio o nivel de agregación.;;;;integer;;0;;;;;;;;no;SUM(IFNULL(PM_LTE_UE_STATE.S1_SIGN_CONN_ESTAB_ATT_UE,0));;;;PM_LTE_UE_STATE;;;
WIRELESS;MEX;ERICSSON;RAN_4G;PM;QoS;LCELL;VOLTE_ERAB_SR_QCI5;VOLTE_ERAB_SR_QCI5;Éxito establecimiento VoLTE con QCI=5;probabilidad de que un intento de establecimiento de E-RAB de señalización VoLTE (QCI=5) termine exitosamente.;;;;percentage;;2;%;;0 to 100;;;;;yes;100*VOLTE_ERAB_SUCC_QCI5/VOLTE_ERAB_ATT_QCI5;;;;;;;
WIRELESS;MEX;HUAWEI;RAN_4G;PM;QoS;LCELL;VOLTE_ERAB_SR_QCI5;VOLTE_ERAB_SR_QCI5;Éxito establecimiento VoLTE con QCI=5;probabilidad de que un intento de establecimiento de E-RAB de señalización VoLTE (QCI=5) termine exitosamente.;;;;percentage;;2;%;;0 to 100;;;;;yes;100*VOLTE_ERAB_SUCC_QCI5/VOLTE_ERAB_ATT_QCI5;;;;;;;
WIRELESS;MEX;NOKIA;RAN_4G;PM;QoS;LCELL;VOLTE_ERAB_SR_QCI5;VOLTE_ERAB_SR_QCI5;Éxito establecimiento VoLTE con QCI=5;probabilidad de que un intento de establecimiento de E-RAB de señalización VoLTE (QCI=5) termine exitosamente.;;;;percentage;;2;%;;0 to 100;;;;;yes;100*VOLTE_ERAB_SUCC_QCI5/VOLTE_ERAB_ATT_QCI5;;;;;;;
WIRELESS;MEX;SAMSUNG;RAN_4G;PM;QoS;LCELL;VOLTE_ERAB_SR_QCI5;VOLTE_ERAB_SR_QCI5;Éxito establecimiento VoLTE con QCI=5;probabilidad de que un intento de establecimiento de E-RAB de señalización VoLTE (QCI=5) termine exitosamente.;;;;percentage;;2;%;;0 to 100;;;;;yes;100*VOLTE_ERAB_SUCC_QCI5/VOLTE_ERAB_ATT_QCI5;;;;;;;
WIRELESS;MEX;ERICSSON;RAN_4G;PM;QoS;LCELL;VOLTE_ERAB_SUCC_QCI5;VOLTE_ERAB_SUCC_QCI5;Conexiones VoLTE con QCI=5;Número de establecimientos exitosos de portadoras de datos para el servicio IMS Signaling (señalización del núcleo de voz y multimedia) identificado por QCI=5.;;;;integer;;0;;;;;;;;no;SUM(IFNULL(PM_EUTRANCELLFDD_V.PMERABESTABSUCCINITQCI_5,0)+IFNULL(PM_EUTRANCELLFDD_V.PMERABESTABSUCCADDEDQCI_5,0));;;;PM_EUTRANCELLFDD_V;subnetwork,mecontext,eutrancellfdd;;
WIRELESS;MEX;HUAWEI;RAN_4G;PM;QoS;LCELL;VOLTE_ERAB_SUCC_QCI5;VOLTE_ERAB_SUCC_QCI5;Conexiones VoLTE con QCI=5;Número de establecimientos exitosos de portadoras de datos para el servicio IMS Signaling (señalización del núcleo de voz y multimedia) identificado por QCI=5.;;;;integer;;0;;;;;;;;no;SUM(IFNULL(PM_ERAB_EST_CELL.L_ERAB_SUCCEST_QCI_5,0));;;;PM_ERAB_EST_CELL;subnetwork,enodeb_function_name,enodeb_id,cell_name;;
WIRELESS;MEX;NOKIA;RAN_4G;PM;QoS;LCELL;VOLTE_ERAB_SUCC_QCI5;VOLTE_ERAB_SUCC_QCI5;Conexiones VoLTE con QCI=5;Número de establecimientos exitosos de portadoras de datos para el servicio IMS Signaling (señalización del núcleo de voz y multimedia) identificado por QCI=5.;;;;integer;;0;;;;;;;;no;SUM(IFNULL(PM_LTE_EPS_BEARER.ERAB_INI_SETUP_SUCC_QCI5,0)+IFNULL(PM_LTE_EPS_BEARER.ERAB_ADD_SETUP_SUCC_QCI5,0));;;;PM_LTE_EPS_BEARER;;;
WIRELESS;MEX;SAMSUNG;RAN_4G;PM;QoS;LCELL;VOLTE_ERAB_SUCC_QCI5;VOLTE_ERAB_SUCC_QCI5;Conexiones VoLTE con QCI=5;Número de establecimientos exitosos de portadoras de datos para el servicio IMS Signaling (señalización del núcleo de voz y multimedia) identificado por QCI=5.;;;;integer;;0;;;;;;;;no;SUM(IFNULL(PM_ERAB_SETUP_T.ESTABINITSUCCNBR_5,0)+IFNULL(PM_ERAB_SETUP_ADD_T.ESTABADDSUCCNBR_5,0));;;;PM_ERAB_SETUP_T,PM_ERAB_SETUP_ADD_T;;;
WIRELESS;MEX;ERICSSON;RAN_4G;PM;QoS;LCELL;VOLTE_ERAB_ATT_QCI5;VOLTE_ERAB_ATT_QCI5;Intentos VoLTE con QCI=5;Cuenta los intentos de establecimiento de E-RAB con QCI=5 (portadora de señalización IMS). Ajusta restando los intentos durante handover en curso, para no duplicar.;;;;integer;;0;;;;;;;;no;SUM(IFNULL(PM_EUTRANCELLFDD_V.PMERABESTABATTINITQCI_5,0)+IFNULL(PM_EUTRANCELLFDD_V.PMERABESTABATTADDEDQCI_5,0))-(SUM(IFNULL(PM_EUTRANCELLFDD_V.PMERABESTABATTADDEDHOONGOINGQCI_5,0))*SUM(IFNULL(PM_EUTRANCELLFDD_V.PMHOEXEOUTSUCCQCI_5,0))/SUM(IFNULL(PM_EUTRANCELLFDD_V.PMHOEXEOUTATTQCI_5,0)));;;;PM_EUTRANCELLFDD_V;subnetwork,mecontext,eutrancellfdd;;
WIRELESS;MEX;HUAWEI;RAN_4G;PM;QoS;LCELL;VOLTE_ERAB_ATT_QCI5;VOLTE_ERAB_ATT_QCI5;Intentos VoLTE con QCI=5;Número de tentativas de establecimiento de E-RAB con QCI=5. No se observa ajuste por HO en la fórmula.;;;;integer;;0;;;;;;;;no;SUM(IFNULL(PM_ERAB_EST_CELL.L_ERAB_ATTEST_QCI_5,0));;;;PM_ERAB_EST_CELL;subnetwork,enodeb_function_name,enodeb_id,cell_name;;
WIRELESS;MEX;NOKIA;RAN_4G;PM;QoS;LCELL;VOLTE_ERAB_ATT_QCI5;VOLTE_ERAB_ATT_QCI5;Intentos VoLTE con QCI=5;Suma de tentativas iniciales y adicionales de establecimiento de E-RAB con QCI=5.;;;;integer;;0;;;;;;;;no;SUM(IFNULL(PM_LTE_EPS_BEARER.ERAB_INI_SETUP_ATT_QCI5,0)+IFNULL(PM_LTE_EPS_BEARER.ERAB_ADD_SETUP_ATT_QCI5,0));;;;PM_LTE_EPS_BEARER;;;
WIRELESS;MEX;SAMSUNG;RAN_4G;PM;QoS;LCELL;VOLTE_ERAB_ATT_QCI5;VOLTE_ERAB_ATT_QCI5;Intentos VoLTE con QCI=5;Suma de tentativas iniciales y adicionales de establecimiento de E-RAB con QCI=5.;;;;integer;;0;;;;;;;;no;SUM(IFNULL(PM_ERAB_SETUP_T.ESTABINITATTNBR_5,0)+IFNULL(PM_ERAB_SETUP_ADD_T.ESTABADDATTNBR_5,0));;;;PM_ERAB_SETUP_T,PM_ERAB_SETUP_ADD_T;;;
WIRELESS;MEX;ERICSSON;RAN_4G;PM;QoS;LCELL;VOLTE_ERAB_SR_QCI1;VOLTE_ERAB_SR_QCI1;Éxito establecimiento VoLTE con QCI=1;Porcentaje de Éxito de Establecimiento de Portadora de Voz VoLTE (QCI=1);;;;percentage;;2;%;;0 to 100;;;;;yes;100*VOLTE_ERAB_SUCC_QCI1/VOLTE_ERAB_ATT_QCI1;;;;;;;
WIRELESS;MEX;HUAWEI;RAN_4G;PM;QoS;LCELL;VOLTE_ERAB_SR_QCI1;VOLTE_ERAB_SR_QCI1;Éxito establecimiento VoLTE con QCI=1;Porcentaje de Éxito de Establecimiento de Portadora de Voz VoLTE (QCI=1);;;;percentage;;2;%;;0 to 100;;;;;yes;100*VOLTE_ERAB_SUCC_QCI1/VOLTE_ERAB_ATT_QCI1;;;;;;;
WIRELESS;MEX;NOKIA;RAN_4G;PM;QoS;LCELL;VOLTE_ERAB_SR_QCI1;VOLTE_ERAB_SR_QCI1;Éxito establecimiento VoLTE con QCI=1;Porcentaje de Éxito de Establecimiento de Portadora de Voz VoLTE (QCI=1);;;;percentage;;2;%;;0 to 100;;;;;yes;100*VOLTE_ERAB_SUCC_QCI1/VOLTE_ERAB_ATT_QCI1;;;;;;;
WIRELESS;MEX;SAMSUNG;RAN_4G;PM;QoS;LCELL;VOLTE_ERAB_SR_QCI1;VOLTE_ERAB_SR_QCI1;Éxito establecimiento VoLTE con QCI=1;Porcentaje de Éxito de Establecimiento de Portadora de Voz VoLTE (QCI=1);;;;percentage;;2;%;;0 to 100;;;;;yes;100*VOLTE_ERAB_SUCC_QCI1/VOLTE_ERAB_ATT_QCI1;;;;;;;
WIRELESS;MEX;ERICSSON;RAN_4G;PM;QoS;LCELL;VOLTE_ERAB_SUCC_QCI1;VOLTE_ERAB_SUCC_QCI1;Conexiones VoLTE con QCI=1;Suma de establecimientos exitosos iniciales (llamadas nuevas) y por adición (cuando se añade voz a una sesión de datos existente) de portadoras QCI=1.;;;;integer;;0;;;;;;;;no;SUM(IFNULL(PM_EUTRANCELLFDD_V.PMERABESTABSUCCINITQCI_1,0)+IFNULL(PM_EUTRANCELLFDD_V.PMERABESTABSUCCADDEDQCI_1,0));;;;PM_EUTRANCELLFDD_V;subnetwork,mecontext,eutrancellfdd;;
WIRELESS;MEX;HUAWEI;RAN_4G;PM;QoS;LCELL;VOLTE_ERAB_SUCC_QCI1;VOLTE_ERAB_SUCC_QCI1;Conexiones VoLTE con QCI=1;E-RAB QCI=1 establecidos exitosamente, sin separar iniciales y adicionales;;;;integer;;0;;;;;;;;no;SUM(IFNULL(PM_ERAB_EST_CELL.L_ERAB_SUCCEST_QCI_1,0));;;;PM_ERAB_EST_CELL;subnetwork,enodeb_function_name,enodeb_id,cell_name;;
WIRELESS;MEX;NOKIA;RAN_4G;PM;QoS;LCELL;VOLTE_ERAB_SUCC_QCI1;VOLTE_ERAB_SUCC_QCI1;Conexiones VoLTE con QCI=1;Número de E-RAB (EPS Bearer) con QCI=1 establecidos con éxito, tanto en el establecimiento inicial como en los adicionales.;;;;integer;;0;;;;;;;;no;SUM(IFNULL(PM_LTE_EPS_BEARER.ERAB_INI_SETUP_SUCC_QCI1,0)+IFNULL(PM_LTE_EPS_BEARER.ERAB_ADD_SETUP_SUCC_QCI1,0));;;;PM_LTE_EPS_BEARER;;;
WIRELESS;MEX;SAMSUNG;RAN_4G;PM;QoS;LCELL;VOLTE_ERAB_SUCC_QCI1;VOLTE_ERAB_SUCC_QCI1;Conexiones VoLTE con QCI=1;Número de E-RAB (EPS Bearer) con QCI=1 establecidos con éxito, tanto en el establecimiento inicial como en los adicionales.;;;;integer;;0;;;;;;;;no;SUM(IFNULL(PM_ERAB_SETUP_T.ESTABINITSUCCNBR_1,0)+IFNULL(PM_ERAB_SETUP_ADD_T.ESTABADDSUCCNBR_1,0));;;;PM_ERAB_SETUP_T,PM_ERAB_SETUP_ADD_T;;;
WIRELESS;MEX;ERICSSON;RAN_4G;PM;QoS;LCELL;VOLTE_ERAB_ATT_QCI1;VOLTE_ERAB_ATT_QCI1;Intentos VoLTE con QCI=1;Intentos de establecimiento de ERAB para tráfico VoLTE (QCI 1) en redes LTE. Ajusta restando los intentos relacionados con handover ongoing, para no contabilizar duplicados.;;;;integer;;0;;;;;;;;no;SUM(IFNULL(PM_EUTRANCELLFDD_V.PMERABESTABATTINITQCI_1,0)+IFNULL(PM_EUTRANCELLFDD_V.PMERABESTABATTADDEDQCI_1,0))-(SUM(IFNULL(PM_EUTRANCELLFDD_V.PMERABESTABATTADDEDHOONGOINGQCI_1,0))*SUM(IFNULL(PM_EUTRANCELLFDD_V.PMHOEXEOUTSUCCQCI_1,0))/SUM(IFNULL(PM_EUTRANCELLFDD_V.PMHOEXEOUTATTQCI_1,0)));;;;PM_EUTRANCELLFDD_V;subnetwork,mecontext,eutrancellfdd;;
WIRELESS;MEX;HUAWEI;RAN_4G;PM;QoS;LCELL;VOLTE_ERAB_ATT_QCI1;VOLTE_ERAB_ATT_QCI1;Intentos VoLTE con QCI=1;Intentos de establecimiento de ERAB para tráfico VoLTE (QCI 1) en redes LTE. Intentos ajustados por fallos de señalización y éxito de handover.;;;;integer;;0;;;;;;;;no;SUM(IFNULL(PM_ERAB_EST_CELL.L_ERAB_ATTEST_QCI_1,0))-SUM(PM_ERAB_ESTFAIL_CELL.L_ERAB_FAILEST_X2AP_VOIP)*(SUM(PM_HO_ERAN_IN_CELL.L_HHO_INTRAENB_EXECSUCCIN+PM_HO_ERAN_IN_CELL.L_HHO_INTERENB_EXECSUCCIN)/SUM(PM_HO_ERAN_IN_CELL.L_HHO_INTRAENB_EXECATTIN+PM_HO_ERAN_IN_CELL.L_HHO_INTERENB_EXECATTIN));;;;PM_ERAB_EST_CELL,PM_ERAB_ESTFAIL_CELL,PM_HO_ERAN_IN_CELL;subnetwork,enodeb_function_name,enodeb_id,cell_name;;
WIRELESS;MEX;NOKIA;RAN_4G;PM;QoS;LCELL;VOLTE_ERAB_ATT_QCI1;VOLTE_ERAB_ATT_QCI1;Intentos VoLTE con QCI=1;Intentos de establecimiento de ERAB para tráfico VoLTE (QCI 1) en redes LTE, sin ajustes por handover.;;;;integer;;0;;;;;;;;no;SUM(IFNULL(PM_LTE_EPS_BEARER.ERAB_INI_SETUP_ATT_QCI1,0)+IFNULL(PM_LTE_EPS_BEARER.ERAB_ADD_SETUP_ATT_QCI1,0));;;;PM_LTE_EPS_BEARER;;;
WIRELESS;MEX;SAMSUNG;RAN_4G;PM;QoS;LCELL;VOLTE_ERAB_ATT_QCI1;VOLTE_ERAB_ATT_QCI1;Intentos VoLTE con QCI=1;Intentos de establecimiento de ERAB para tráfico VoLTE (QCI 1) en redes LTE, sin ajustes por handover.;;;;integer;;0;;;;;;;;no;SUM(IFNULL(PM_ERAB_SETUP_T.ESTABINITATTNBR_1,0)+IFNULL(PM_ERAB_SETUP_ADD_T.ESTABADDATTNBR_1,0));;;;PM_ERAB_SETUP_T,PM_ERAB_SETUP_ADD_T;;;
WIRELESS;MEX;ERICSSON;RAN_4G;PM;MOBILITY;LCELL;SRVCC_EVENTS;SRVCC_EVENTS;Establecimientos SRVCC;Número de handovers SRVCC exitosos desde LTE a redes 2G/3G. Single Radio Voice Call Continuity (SRVCC) provides an interim solution for handing over VoLTE (Voice over LTE) calls, which use the IMS system, to be made to 2G/3G networks.;;;;integer;;0;;;;;;;;no;SUM(IFNULL(PM_UTRANCELLRELATION_T.PMHOEXESUCCSRVCC,0));;;;PM_UTRANCELLRELATION_T;subnetwork,mecontext,eutrancellfdd;;
WIRELESS;MEX;HUAWEI;RAN_4G;PM;MOBILITY;LCELL;SRVCC_EVENTS;SRVCC_EVENTS;Establecimientos SRVCC;Número de handovers SRVCC exitosos desde LTE a redes 2G/3G. ;;;;integer;;0;;;;;;;;no;SUM(IFNULL(PM_HO_IRAT_OUT_CELL.L_IRATHO_SRVCC_E2W_EXECSUCCOUT,0));;;;PM_HO_IRAT_OUT_CELL;subnetwork,enodeb_function_name,enodeb_id,cell_name;;
WIRELESS;MEX;NOKIA;RAN_4G;PM;MOBILITY;LCELL;SRVCC_EVENTS;SRVCC_EVENTS;Establecimientos SRVCC;Número de handovers SRVCC exitosos desde LTE a redes 2G/3G. Incluye variantes del SRVCC hacia UTRAN, diferenciando escenarios de calidad de voz (VQ) o overbooking (OVB);;;;integer;;0;;;;;;;;no;SUM(IFNULL(PM_LTE_INTER_SYS_HO.ISYS_HO_UTRAN_SRVCC_SUCC,0)+IFNULL(PM_LTE_INTER_SYS_HO.ISYS_HO_UTRAN_SRVCC_SUCC_VQ,0)+IFNULL(PM_LTE_INTER_SYS_HO.ISYS_HO_SRVCC_OVB_SUCC,0));;;;PM_LTE_INTER_SYS_HO;;;
WIRELESS;MEX;SAMSUNG;RAN_4G;PM;MOBILITY;LCELL;SRVCC_EVENTS;SRVCC_EVENTS;Establecimientos SRVCC;Número de handovers SRVCC exitosos desde LTE a redes 2G/3G, desglosados por razón de radio o Handover crítico en tiempo (time-critical HO).;;;;integer;;0;;;;;;;;no;SUM(IFNULL(PM_UTRAN_SRVCC_T.UTRANSRVCCOUTSUCC_RADIO_REASON,0)+IFNULL(PM_UTRAN_SRVCC_T.UTRANSRVCCOUTSUCC_TIME_CRITICAL_HO,0));;;;PM_UTRAN_SRVCC_T;;;
WIRELESS;MEX;ERICSSON;RAN_4G;PM;MOBILITY;LCELL;SRVCC_DENOM;SRVCC_DENOM;Total liberaciones SRVCC;Total de ERAB QCI1 (VoLTE) que se liberan en LTE, ya sea porque la llamada termina normalmente, por fallo, o porque se transfiere a 3G mediante SRVCC. Incluye explícitamente los handovers SRVCC exitosos.;;;;integer;;0;;;;;;;;no;SUM(IFNULL(PM_EUTRANCELLFDD_V.PMERABRELNORMALENBQCI_1,0)+IFNULL(PM_EUTRANCELLFDD_V.PMERABRELABNORMALENBQCI_1,0)+IFNULL(PM_EUTRANCELLFDD_V.PMERABRELMMEQCI_1,0)+IFNULL(PM_UTRANCELLRELATION_T.PMHOEXESUCCSRVCC,0));;;;PM_EUTRANCELLFDD_V,PM_UTRANCELLRELATION_T;subnetwork,mecontext,eutrancellfdd;;
WIRELESS;MEX;HUAWEI;RAN_4G;PM;MOBILITY;LCELL;SRVCC_DENOM;SRVCC_DENOM;Total liberaciones SRVCC;Total de ERAB QCI1 (VoLTE) que se liberan en LTE, ya sea porque la llamada termina normalmente, por fallo, o porque se transfiere a 3G mediante SRVCC. Diferencia los IRAT release.;;;;integer;;0;;;;;;;;no;SUM(IFNULL(PM_ERAB_REL_CELL.L_ERAB_NORMREL_QCI_1,0)+IFNULL(PM_ERAB_REL_CELL.L_ERAB_ABNORMREL_QCI_1,0)+IFNULL(PM_ERAB_REL_CELL.L_ERAB_NORMREL_IRATHOOUT_QCI_1,0));;;;PM_ERAB_REL_CELL;subnetwork,enodeb_function_name,enodeb_id,cell_name;;
WIRELESS;MEX;NOKIA;RAN_4G;PM;MOBILITY;LCELL;SRVCC_DENOM;SRVCC_DENOM;Total liberaciones SRVCC;Total de ERAB QCI1 (VoLTE) que se liberan en LTE, ya sea porque la llamada termina normalmente, por fallo, o porque se transfiere a 3G mediante SRVCC. Detalla exhaustivamente todas las causas de liberación.;;;;integer;;0;;;;;;;;no;SUM(IFNULL(PM_LTE_EPS_BEARER.ERAB_REL_ENB_QCI1,0)+IFNULL(PM_LTE_EPS_BEARER.ERAB_REL_HO_PART_QCI1,0)+IFNULL(PM_LTE_EPS_BEARER.EPC_EPS_BEAR_REL_REQ_N_QCI1,0)+IFNULL(PM_LTE_EPS_BEARER.EPC_EPS_BEAR_REL_REQ_D_QCI1,0)+IFNULL(PM_LTE_EPS_BEARER.EPC_EPS_BEAR_REL_REQ_R_QCI1,0)+IFNULL(PM_LTE_EPS_BEARER.EPC_EPS_BEAR_REL_REQ_O_QCI1,0)+IFNULL(PM_LTE_EPS_BEARER.ERAB_REL_EPC_PATH_SWITCH_QCI1,0)+IFNULL(PM_LTE_EPS_BEARER.ERAB_REL_TEMP_QCI1,0)+IFNULL(PM_LTE_EPS_BEARER.ERAB_REL_SUCC_HO_UTRAN_QCI1,0)+IFNULL(PM_LTE_EPS_BEARER.ERAB_REL_ENB_INI_S1_G_R_QCI1,0)+IFNULL(PM_LTE_EPS_BEARER.ERAB_REL_MME_INI_S1_G_R_QCI1,0)+IFNULL(PM_LTE_EPS_BEARER.ERAB_REL_ENB_INI_S1_P_R_QCI1,0)+IFNULL(PM_LTE_EPS_BEARER.ERAB_REL_MME_INI_S1_P_R_QCI1,0)+IFNULL(PM_LTE_EPS_BEARER.ERAB_REL_S1_OUTAGE_QCI1,0));;;;PM_LTE_EPS_BEARER;;;
WIRELESS;MEX;SAMSUNG;RAN_4G;PM;MOBILITY;LCELL;SRVCC_DENOM;SRVCC_DENOM;Total liberaciones SRVCC;Total de ERAB QCI1 (VoLTE) que se liberan en LTE, ya sea porque la llamada termina normalmente, por fallo, o porque se transfiere a 3G mediante SRVCC. Simplificado a ENB + MME.;;;;integer;;0;;;;;;;;no;SUM(IFNULL(PM_ERAB_RELEASE_BY_ENB_PER_CELL_PER_QCI_T.RELBYENBQCI_1,0)+IFNULL(PM_ERAB_RELEASE_BY_MME_PER_CELL_PER_QCI_T.RELBYMMEQCI_1,0));;;;PM_ERAB_RELEASE_BY_ENB_PER_CELL_PER_QCI_T,PM_ERAB_RELEASE_BY_MME_PER_CELL_PER_QCI_T;;;
WIRELESS;MEX;HUAWEI;RAN_4G;PM;QoS;LCELL;S1_FAILURES;S1_FAILURES;Fallos S1;Número total de fallos en el establecimiento de la conexión S1 entre la eNodeB (RAN) y el MME (CORE).;;;;integer;;0;;;;;;;;yes;S1_ATTEMPTS-S1_SUCCESS;;;;PM_ERAB_EST_CELL;subnetwork,enodeb_function_name,enodeb_id,cell_name;;
WIRELESS;MEX;ERICSSON;RAN_4G;PM;QoS;LCELL;S1_FAILURES;S1_FAILURES;Fallos S1;Número total de fallos en el establecimiento de la conexión S1 entre la eNodeB (RAN) y el MME (CORE).;;;;integer;;0;;;;;;;;yes;S1_ATTEMPTS-S1_SUCCESS;;;;PM_EUTRANCELLFDD;subnetwork,mecontext,eutrancellfdd;;
WIRELESS;MEX;SAMSUNG;RAN_4G;PM;QoS;LCELL;S1_FAILURES;S1_FAILURES;Fallos S1;Número total de fallos en el establecimiento de la conexión S1 entre la eNodeB (RAN) y el MME (CORE).;;;;integer;;0;;;;;;;;yes;S1_ATTEMPTS-S1_SUCCESS;;;;PM_UEASSOCIATED_LOGICAL_S1_CONNECTION_ESTABLISHMENT_T;;;
WIRELESS;MEX;NOKIA;RAN_4G;PM;QoS;LCELL;S1_FAILURES;S1_FAILURES;Fallos S1;Número total de fallos en el establecimiento de la conexión S1 entre la eNodeB (RAN) y el MME (CORE).;;;;integer;;0;;;;;;;;yes;S1_ATTEMPTS-S1_SUCCESS;;;;PM_LTE_UE_STATE;;;
WIRELESS;MEX;HUAWEI;RAN_4G;PM;QoS;LCELL;ERAB_QCI5_FAILURES;ERAB_QCI5_FAILURES;Fallos ERAB para QCI5;Fallos de establecimiento de E-RAB con QCI=5, que normalmente corresponde a IMS Signaling Bearer en redes LTE (4G).;;;;integer;;0;;;;;;;;yes;VOLTE_ERAB_ATT_QCI5-VOLTE_ERAB_SUCC_QCI5;;;;PM_ERAB_EST_CELL;subnetwork,enodeb_function_name,enodeb_id,cell_name;;
WIRELESS;MEX;ERICSSON;RAN_4G;PM;QoS;LCELL;ERAB_QCI5_FAILURES;ERAB_QCI5_FAILURES;Fallos ERAB para QCI5;Fallos de establecimiento de E-RAB con QCI=5, que normalmente corresponde a IMS Signaling Bearer en redes LTE (4G).;;;;integer;;0;;;;;;;;yes;VOLTE_ERAB_ATT_QCI5-VOLTE_ERAB_SUCC_QCI5;;;;PM_EUTRANCELLFDD_V;subnetwork,mecontext,eutrancellfdd;;
WIRELESS;MEX;SAMSUNG;RAN_4G;PM;QoS;LCELL;ERAB_QCI5_FAILURES;ERAB_QCI5_FAILURES;Fallos ERAB para QCI5;Fallos de establecimiento de E-RAB con QCI=5, que normalmente corresponde a IMS Signaling Bearer en redes LTE (4G).;;;;integer;;0;;;;;;;;yes;VOLTE_ERAB_ATT_QCI5-VOLTE_ERAB_SUCC_QCI5;;;;PM_ERAB_SETUP_T,PM_ERAB_SETUP_ADD_T;;;
WIRELESS;MEX;NOKIA;RAN_4G;PM;QoS;LCELL;ERAB_QCI5_FAILURES;ERAB_QCI5_FAILURES;Fallos ERAB para QCI5;Fallos de establecimiento de E-RAB con QCI=5, que normalmente corresponde a IMS Signaling Bearer en redes LTE (4G).;;;;integer;;0;;;;;;;;yes;VOLTE_ERAB_ATT_QCI5-VOLTE_ERAB_SUCC_QCI5;;;;PM_LTE_EPS_BEARER;;;
WIRELESS;MEX;ERICSSON;RAN_4G;PM;QoS;LCELL;ERAB_QCI1_FAILURES;ERAB_QCI1_FAILURES;Fallos ERAB para QCI1;Número de fallos en el establecimiento de ERAB para QCI=1 (VoLTE) en redes LTE (4G;;;;integer;;0;;;;;;;;yes;VOLTE_ERAB_ATT_QCI1-VOLTE_ERAB_SUCC_QCI1;;;;PM_EUTRANCELLFDD_V;subnetwork,mecontext,eutrancellfdd;;
WIRELESS;MEX;HUAWEI;RAN_4G;PM;QoS;LCELL;ERAB_QCI1_FAILURES;ERAB_QCI1_FAILURES;Fallos ERAB para QCI1;Número de fallos en el establecimiento de ERAB para QCI=1 (VoLTE) en redes LTE (4G;;;;integer;;0;;;;;;;;yes;VOLTE_ERAB_ATT_QCI1-VOLTE_ERAB_SUCC_QCI1;;;;PM_ERAB_EST_CELL,PM_ERAB_ESTFAIL_CELL;subnetwork,enodeb_function_name,enodeb_id,cell_name;;
WIRELESS;MEX;SAMSUNG;RAN_4G;PM;QoS;LCELL;ERAB_QCI1_FAILURES;ERAB_QCI1_FAILURES;Fallos ERAB para QCI1;Número de fallos en el establecimiento de ERAB para QCI=1 (VoLTE) en redes LTE (4G;;;;integer;;0;;;;;;;;yes;VOLTE_ERAB_ATT_QCI1-VOLTE_ERAB_SUCC_QCI1;;;;PM_ERAB_SETUP_T,PM_ERAB_SETUP_ADD_T;;;
WIRELESS;MEX;NOKIA;RAN_4G;PM;QoS;LCELL;ERAB_QCI1_FAILURES;ERAB_QCI1_FAILURES;Fallos ERAB para QCI1;Número de fallos en el establecimiento de ERAB para QCI=1 (VoLTE) en redes LTE (4G;;;;integer;;0;;;;;;;;yes;VOLTE_ERAB_ATT_QCI1-VOLTE_ERAB_SUCC_QCI1;;;;PM_LTE_EPS_BEARER;;;
WIRELESS;MEX;ERICSSON;RAN_4G;PM;QoS;LCELL;DROPS_QCI1;DROPS_QCI1;DROPS QCI1;Número de liberaciones anormales de portadoras ERAB con QCI=1, es decir, aquellas asociadas a servicios de voz sobre LTE (VoLTE) o tráfico de alta prioridad en la red.;;;;integer;;0;;;;;;;;no;SUM(IFNULL(PM_EUTRANCELLFDD_V.PMERABRELABNORMALENBACTQCI_1,0)+IFNULL(PM_EUTRANCELLFDD_V.PMERABRELABNORMALMMEACTQCI_1,0));;;;PM_EUTRANCELLFDD_V;subnetwork,mecontext,eutrancellfdd;;
WIRELESS;MEX;HUAWEI;RAN_4G;PM;QoS;LCELL;DROPS_QCI1;DROPS_QCI1;DROPS QCI1;Número de liberaciones anormales de portadoras ERAB con QCI=1, es decir, aquellas asociadas a servicios de voz sobre LTE (VoLTE) o tráfico de alta prioridad en la red.;;;;integer;;0;;;;;;;;no;SUM(IFNULL(PM_ERAB_REL_CELL.L_ERAB_ABNORMREL_QCI_1,0)+IFNULL(PM_ERAB_REL_CELL.L_ERAB_ABNORMREL_MME_VOIP,0));;;;PM_ERAB_REL_CELL;subnetwork,enodeb_function_name,enodeb_id,cell_name;;
WIRELESS;MEX;NOKIA;RAN_4G;PM;QoS;LCELL;DROPS_QCI1;DROPS_QCI1;DROPS QCI1;Número de liberaciones anormales de portadoras ERAB con QCI=1, es decir, aquellas asociadas a servicios de voz sobre LTE (VoLTE) o tráfico de alta prioridad en la red.;;;;integer;;0;;;;;;;;no;SUM(IFNULL(PM_LTE_ERAB_STATISTICS_PER_PMQAP_PROFILE_T.ERAB_REL_ABNORMAL_ACT_PROFILE_3,0)+IFNULL(PM_LTE_ERAB_STATISTICS_PER_PMQAP_PROFILE_T.ERAB_REL_ABNORMAL_ACT_PROFILE_4,0)+IFNULL(PM_LTE_ERAB_STATISTICS_PER_PMQAP_PROFILE_T.ERAB_REL_ABNORMAL_ACT_PROFILE_18,0)+IFNULL(PM_LTE_ERAB_STATISTICS_PER_PMQAP_PROFILE_T.ERAB_REL_ABNORMAL_ACT_MME_PR_3,0)+IFNULL(PM_LTE_ERAB_STATISTICS_PER_PMQAP_PROFILE_T.ERAB_REL_ABNORMAL_ACT_MME_PR_4,0)+IFNULL(PM_LTE_ERAB_STATISTICS_PER_PMQAP_PROFILE_T.ERAB_REL_ABNORMAL_ACT_MME_PR_18,0));;;;PM_LTE_ERAB_STATISTICS_PER_PMQAP_PROFILE_T;;;
WIRELESS;MEX;SAMSUNG;RAN_4G;PM;QoS;LCELL;DROPS_QCI1;DROPS_QCI1;DROPS QCI1;Número de liberaciones anormales de portadoras ERAB con QCI=1, es decir, aquellas asociadas a servicios de voz sobre LTE (VoLTE) o tráfico de alta prioridad en la red.;;;;integer;;0;;;;;;;;no;SUM(IFNULL(PM_ERAB_RELEASE_BY_MME_PER_CELL_PER_QCI_T.RELABNORMALBYMMEACTQCI_1,0)+IFNULL(PM_ERAB_RELEASE_BY_ENB_PER_CELL_PER_QCI_T.RELABNORMALBYENBACTQCI_1,0)+IFNULL(PM_ERAB_RELEASE_BY_ENB_PER_CELL_PER_QCI_T.RELNORMALBYENBQCI_PRE_1,0));;;;PM_ERAB_RELEASE_BY_MME_PER_CELL_PER_QCI_T,PM_ERAB_RELEASE_BY_ENB_PER_CELL_PER_QCI_T;;;
WIRELESS;MEX;ERICSSON;RAN_4G;PM;QoS;LCELL;DROPS_QCI5;DROPS_QCI5;DROPS QCI5;Número de liberaciones anormales (caídas) de portadoras ERAB con QCI=5, que típicamente se asocia a servicios de tipo IMS signaling o servicios de baja latencia como VoLTE SIP signaling.;;;;integer;;0;;;;;;;;no;SUM(IFNULL(PM_EUTRANCELLFDD_V.PMERABRELABNORMALENBACTQCI_5,0)+IFNULL(PM_EUTRANCELLFDD_V.PMERABRELABNORMALMMEACTQCI_5,0));;;;PM_EUTRANCELLFDD_V;subnetwork,mecontext,eutrancellfdd;;
WIRELESS;MEX;HUAWEI;RAN_4G;PM;QoS;LCELL;DROPS_QCI5;DROPS_QCI5;DROPS QCI5;Número de liberaciones anormales (caídas) de portadoras ERAB con QCI=5, que típicamente se asocia a servicios de tipo IMS signaling o servicios de baja latencia como VoLTE SIP signaling.;;;;integer;;0;;;;;;;;no;SUM(IFNULL(PM_ERAB_REL_CELL.L_ERAB_ABNORMREL_QCI_5,0)+IFNULL(PM_ERAB_REL_CELL.L_ERAB_ABNORMREL_MME_QCI_5,0));;;;PM_ERAB_REL_CELL;subnetwork,enodeb_function_name,enodeb_id,cell_name;;
WIRELESS;MEX;NOKIA;RAN_4G;PM;QoS;LCELL;DROPS_QCI5;DROPS_QCI5;DROPS QCI5;Número de liberaciones anormales (caídas) de portadoras ERAB con QCI=5, que típicamente se asocia a servicios de tipo IMS signaling o servicios de baja latencia como VoLTE SIP signaling.;;;;integer;;0;;;;;;;;no;SUM(IFNULL(PM_LTE_ERAB_STATISTICS_PER_PMQAP_PROFILE_T.ERAB_REL_ABNORMAL_ACT_PROFILE_7,0)+IFNULL(PM_LTE_ERAB_STATISTICS_PER_PMQAP_PROFILE_T.ERAB_REL_ABNORMAL_ACT_PROFILE_8,0)+IFNULL(PM_LTE_ERAB_STATISTICS_PER_PMQAP_PROFILE_T.ERAB_REL_ABNORMAL_ACT_PROFILE_19,0)+IFNULL(PM_LTE_ERAB_STATISTICS_PER_PMQAP_PROFILE_T.ERAB_REL_ABNORMAL_ACT_MME_PR_7,0)+IFNULL(PM_LTE_ERAB_STATISTICS_PER_PMQAP_PROFILE_T.ERAB_REL_ABNORMAL_ACT_MME_PR_8,0)+IFNULL(PM_LTE_ERAB_STATISTICS_PER_PMQAP_PROFILE_T.ERAB_REL_ABNORMAL_ACT_MME_PR_19,0));;;;PM_LTE_ERAB_STATISTICS_PER_PMQAP_PROFILE_T;;;
WIRELESS;MEX;SAMSUNG;RAN_4G;PM;QoS;LCELL;DROPS_QCI5;DROPS_QCI5;DROPS QCI5;Número de liberaciones anormales (caídas) de portadoras ERAB con QCI=5, que típicamente se asocia a servicios de tipo IMS signaling o servicios de baja latencia como VoLTE SIP signaling.;;;;integer;;0;;;;;;;;no;SUM(IFNULL(PM_ERAB_RELEASE_BY_MME_PER_CELL_PER_QCI_T.RELABNORMALBYMMEACTQCI_5,0)+IFNULL(PM_ERAB_RELEASE_BY_ENB_PER_CELL_PER_QCI_T.RELABNORMALBYENBACTQCI_5,0)+IFNULL(PM_ERAB_RELEASE_BY_ENB_PER_CELL_PER_QCI_T.RELNORMALBYENBQCI_PRE_5,0));;;;PM_ERAB_RELEASE_BY_MME_PER_CELL_PER_QCI_T,PM_ERAB_RELEASE_BY_ENB_PER_CELL_PER_QCI_T;;;
WIRELESS;MEX;ERICSSON;RAN_4G;PM;TRAFFIC;LCELL;USER_TRAFFIC_VOLTE;USER_TRAFFIC_VOLTE;Tráfico VoLTE;Volumen de tráfico de usuario VoLTE, es decir, el tiempo total que los usuarios han estado en sesiones activas de voz sobre LTE (QCI=1).;;;;float;;2;hours;;;;;;;no;ROUND(SUM(PM_EUTRANCELLFDD_V_X.PMSESSIONTIMEDRBQCI_1)/(60*60),2);;;;PM_EUTRANCELLFDD_V_X;subnetwork,mecontext,eutrancellfdd;;
WIRELESS;MEX;HUAWEI;RAN_4G;PM;TRAFFIC;LCELL;USER_TRAFFIC_VOLTE;USER_TRAFFIC_VOLTE;Tráfico VoLTE;Volumen de tráfico de usuario VoLTE, es decir, el tiempo total que los usuarios han estado en sesiones activas de voz sobre LTE (QCI=1).;;;;float;;2;hours;;;;;;;no;ROUND((SUM(PM_TRAFFIC_USER_CELL.L_TRAFFIC_USER_VOIP_AVG)*24),4);;;;PM_TRAFFIC_USER_CELL;subnetwork,enodeb_function_name,enodeb_id,cell_name;;
WIRELESS;MEX;SAMSUNG;RAN_4G;PM;TRAFFIC;LCELL;USER_TRAFFIC_VOLTE;USER_TRAFFIC_VOLTE;Tráfico VoLTE;Volumen de tráfico de usuario VoLTE, es decir, el tiempo total que los usuarios han estado en sesiones activas de voz sobre LTE (QCI=1).;;;;float;;2;hours;;;;;;;no;ROUND((SUM(IFNULL(PM_ERAB_SESSION_TIME_PER_QCI_T.SESSIONTIMEQCITOT_1,0))/1000)/3600,2);;;;PM_ERAB_SESSION_TIME_PER_QCI_T;;;
WIRELESS;MEX;NOKIA;RAN_4G;PM;TRAFFIC;LCELL;USER_TRAFFIC_VOLTE;USER_TRAFFIC_VOLTE;Tráfico VoLTE;Volumen de tráfico de usuario VoLTE, es decir, el tiempo total que los usuarios han estado en sesiones activas de voz sobre LTE (QCI=1).;;;;float;;2;hours;;;;;;;no;SUM(PM_LTE_EPS_BEARER.ERAB_IN_SESSION_TIME_QCI1)/3600;;;;PM_LTE_EPS_BEARER;;;
WIRELESS;MEX;NOKIA;RAN_5G;PM;QoS;NRNODE;ACC_RRC;ACC_RRC;;Tasa de éxito en el establecimiento de conexiones RRC;;;;percentage;;2;%;;0 to 100;;;;;yes;100*ACC_RRC_NUM_N/ACC_RRC_DEN_N;;;;;;;
WIRELESS;MEX;ERICSSON;RAN_5G;PM;ID;NRNODE;nr_agg;SUBNETWORK;;Node radio aggregato;;;;string;;;;;;;;;;;;;xxx.xxx.xxx.xxx;wdna_operator_vendor;PM_NRCELLDU_T;ManagedElement,GNBDUFunction;;
WIRELESS;MEX;ERICSSON;RAN_5G;PM;ID;NRNODE;nr_id;MECONTEXT;;Nombre del node radio;;;;string;;;;;;;;;;;;;xxx.xxx.xxx.xxx;wdna_operator_vendor;PM_NRCELLDU_T;ManagedElement,GNBDUFunction;;
WIRELESS;MEX;NOKIA;RAN_5G;PM;ID;NRNODE;nr_agg;NE_NAME;;Node radio aggregato;;;;string;;;;;;;;;;;;;;;PM_NMSDU_T;MRBTS,NRBTS;;
WIRELESS;MEX;NOKIA;RAN_5G;PM;ID;NRNODE;nr_id;NE_NAME;;Nombre del node radio;;;;string;;;;;;;;;;;;;;;;;;
WIRELESS;MEX;ERICSSON;RAN_5G;PM;QoS;NRNODE;ACC_RRC;ACC_RRC;;Tasa de éxito en el establecimiento de conexiones RRC;;;;percentage;;2;%;;0 to 100;;;;;yes;100*ACC_RRC_NUM_N/ACC_RRC_DEN_N;;;;;;;
WIRELESS;MEX;NOKIA;RAN_5G;PM;QoS;NRNODE;ACC_RRC_NUM_N;ACC_RRC_NUM_N;;Suma de todas las conexiones RRC exitosas;;;;integer;;0;;;;;;;;no;SUM(PM_LTE_UE_STATE_T.SIGN_CONN_ESTAB_SUCC_MT+PM_LTE_UE_STATE_T.SIGN_CONN_ESTAB_SUCC_MO_D+PM_LTE_UE_STATE_T.SIGN_CONN_ESTAB_SUCC_DEL_TOL+PM_LTE_UE_STATE_T.SIGN_CONN_ESTAB_SUCC_HIPRIO+PM_LTE_UE_STATE_T.SIGN_CONN_ESTAB_COMP_EMG);;;;PM_LTE_UE_STATE_T;MRBTS,NRBTS;;
WIRELESS;MEX;ERICSSON;RAN_5G;PM;QoS;NRNODE;ACC_RRC_NUM_N;ACC_RRC_NUM_N;;Suma de todas las conexiones RRC exitosas;;;;integer;;0;;;;;;;;no;SUM(IFNULL(PM_EUTRANCELLFDD_X_T.PMRRCCONNESTABSUCC,0));;xxx.xxx.xxx.xxx;wdna_operator_vendor;PM_EUTRANCELLFDD_X_T;ManagedElement,ENodeBFunction;;
WIRELESS;MEX;NOKIA;RAN_5G;PM;QoS;NRNODE;S1_SR;S1_SR;;Tasa de éxito de establecimiento de la señalización S1 (S1 Signaling Connection Establishment Success Rate). Refleja cuán eficiente es la red RAN al establecer la conexión de señalización entre el eNB/gNB y el MME/AMF.;;;;percentage;;2;%;;0 to 100;;;;;yes;100*S1_SR_NUM_N/S1_SR_DEN_N;;;;;;;
WIRELESS;MEX;ERICSSON;RAN_5G;PM;QoS;NRNODE;S1_SR;S1_SR;;Tasa de éxito de establecimiento de la señalización S1 (S1 Signaling Connection Establishment Success Rate). Refleja cuán eficiente es la red RAN al establecer la conexión de señalización entre el eNB/gNB y el MME/AMF.;;;;percentage;;2;%;;0 to 100;;;;;yes;100*S1_SR_NUM_N/S1_SR_DEN_N;;;;;;;
WIRELESS;MEX;NOKIA;RAN_5G;PM;QoS;NRNODE;S1_SR_NUM_N;S1_SR_NUM_N;;Número de intentos exitosos de establecimiento de conexión S1 (S1 Successful Attempts) en la RAN;;;;integer;;0;;;;;;;;no;SUM(PM_LTE_UE_STATE_T.S1_SIGN_CONN_ESTAB_SUCC_UE);;;;PM_LTE_UE_STATE_T;MRBTS,NRBTS;;
WIRELESS;MEX;ERICSSON;RAN_5G;PM;QoS;NRNODE;S1_SR_NUM_N;S1_SR_NUM_N;;Número de intentos exitosos de establecimiento de conexión S1 (S1 Successful Attempts) en la RAN;;;;integer;;0;;;;;;;;no;SUM(IFNULL(PM_EUTRANCELLFDD_X_T.PMS1SIGCONNESTABSUCC,0));;xxx.xxx.xxx.xxx;wdna_operator_vendor;PM_EUTRANCELLFDD_X_T;ManagedElement,ENodeBFunction;;
WIRELESS;MEX;NOKIA;RAN_5G;PM;QoS;NRNODE;ACC_RRC_DEN_N;ACC_RRC_DEN_N;;Número de intentos de conexión RRC (RRC Connection Attempts) en la celda o nodo de distintos tipos: ATT_MT: Mobile Terminated (entrantes), ATT_MO_D: Mobile Originated Data, ATT_DEL_TOL: Conexiones con tolerancia de retardo, ATT_HIPRIO: Conexiones de alta prioridad, ATT_EMG: Conexiones de emergencia y ATT_MO_VOICE: Conexiones de voz originadas por el usuario.;;;;integer;;0;;;;;;;;no;SUM(PM_LTE_UE_STATE_T.SIGN_CONN_ESTAB_ATT_MT+PM_LTE_UE_STATE_T.SIGN_CONN_ESTAB_ATT_MO_D+PM_LTE_UE_STATE_T.SIGN_CONN_ESTAB_ATT_DEL_TOL+PM_LTE_UE_STATE_T.SIGN_CONN_ESTAB_ATT_HIPRIO+PM_LTE_UE_STATE_T.SIGN_CONN_ESTAB_ATT_EMG+PM_LTE_UE_STATE_T.SIGN_CONN_ESTAB_ATT_MO_VOICE);;;;PM_LTE_UE_STATE_T;MRBTS,NRBTS;;
WIRELESS;MEX;NOKIA;RAN_5G;PM;QoS;NRNODE;S1_SR_DEN_N;S1_SR_DEN_N;;Número total de intentos de establecimiento de conexión de señalización S1 (S1 Setup Attempts) entre el eNodeB/gNodeB y el núcleo de red (MME/AMF). NOKIA mide los intentos desde la perspectiva del UE.;;;;integer;;0;;;;;;;;no;SUM(PM_LTE_UE_STATE_T.S1_SIGN_CONN_ESTAB_ATT_UE);;;;PM_LTE_UE_STATE_T;MRBTS,NRBTS;;
WIRELESS;MEX;ERICSSON;RAN_5G;PM;QoS;NRNODE;ACC_RRC_DEN_N;ACC_RRC_DEN_N;;Número total de intentos de conexión RRC en la celda o nodo.;;;;integer;;0;;;;;;;;no;SUM(IFNULL(PM_EUTRANCELLFDD_X_T.PMRRCCONNESTABATT,0));;xxx.xxx.xxx.xxx;wdna_operator_vendor;PM_EUTRANCELLFDD_X_T;ManagedElement,ENodeBFunction;;
WIRELESS;MEX;ERICSSON;RAN_5G;PM;QoS;NRNODE;S1_SR_DEN_N;S1_SR_DEN_N;;Número total de intentos de establecimiento de conexión de señalización S1 (S1 Setup Attempts) entre el eNodeB/gNodeB y el núcleo de red (MME/AMF). ERICSSON proporciona el total de intentos, sin especificar si son iniciados por el UE o por la red.;;;;integer;;0;;;;;;;;no;SUM(IFNULL(PM_EUTRANCELLFDD_X_T.PMS1SIGCONNESTABATT,0));;xxx.xxx.xxx.xxx;wdna_operator_vendor;PM_EUTRANCELLFDD_X_T;ManagedElement,ENodeBFunction;;
WIRELESS;MEX;ERICSSON;RAN_5G;PM;QoS;NRNODE;NSA_ACC_ERAB_SUCC_4GENDC_4GLEG_N;NSA_ACC_ERAB_SUCC_4GENDC_4GLEG_N;;Número de conexiones ERAB exitosas en el contexto de NSA 5G con EN-DC, pero desde la perspectiva del nodo LTE (4G leg);;;;integer;;0;;;;;;;;no;SUM(IF(ISNULL(PM_EUTRANCELLFDD_X_T.PMENDCSETUPSCGUEATT)=1,PM_EUTRANCELLFDD_X_T.PMENDCSETUPUESUCC,PM_EUTRANCELLFDD_X_T.PMENDCSETUPSCGUESUCC));;xxx.xxx.xxx.xxx;wdna_operator_vendor;PM_EUTRANCELLFDD_X_T;ManagedElement,ENodeBFunction;;
WIRELESS;MEX;NOKIA;RAN_5G;PM;QoS;NRNODE;NSA_ACC_ERAB_SUCC_4GENDC_4GLEG_N;NSA_ACC_ERAB_SUCC_4GENDC_4GLEG_N;;NSA_ACC_ERAB_SUCC_4GENDC_4GLEG_N=NSA_ACC_ERAB_SR_4GENDC_NUM_N. Número de conexiones ERAB exitosas en el contexto de NSA 5G con EN-DC, pero desde la perspectiva del nodo LTE (4G leg);;;;integer;;0;;;;;;;;no;SUM(IFNULL(PM_LTE_EPS_BEARER_T.ERAB_STP_SUCC_MCG_NR_PDCP,0)+IFNULL(PM_LTE_EPS_BEARER_T.ERAB_ADD_STP_SUCC_MCG_NR_PDCP,0));;;;PM_LTE_EPS_BEARER_T;MRBTS,NRBTS;;
WIRELESS;MEX;ERICSSON;RAN_5G;PM;QoS;NRNODE;NSA_ACC_ERAB_SR_4GENDC_ATT_N;NSA_ACC_ERAB_SR_4GENDC_ATT_N;;Tasa de éxito de establecimiento de E-RABs en EN-DC cuando LTE es la ancla, corregido por el efecto de intentos en handover (HO) ongoing (Handovers en progreso).;;;;percentage;;2;%;;0 to 100;;;;;no;ROUND(IFNULL(100*SUM(IFNULL(PM_PMFLEXEUTRANCELLFDD_X_T.PMFLEXERABESTABSUCCINIT_PLMN0TO1ENDC1TO99,0)+IFNULL(PM_PMFLEXEUTRANCELLFDD_X_T.PMFLEXERABESTABSUCCADDED_PLMN0TO1ENDC1TO99,0))/((SUM(IFNULL(PM_PMFLEXEUTRANCELLFDD_X_T.PMFLEXERABESTABATTINIT_PLMN0TO1ENDC1TO99,0)+IFNULL(PM_PMFLEXEUTRANCELLFDD_X_T.PMFLEXERABESTABATTADDED_PLMN0TO1ENDC1TO99,0)))-(SUM(IFNULL(PM_PMFLEXEUTRANCELLFDD_X_T.PMFLEXERABESTABATTADDEDHOONGOING_PLMN0TO1ENDC1TO99,0))*(SUM(IFNULL(PM_PMFLEXEUTRANCELLFDD_X_T.PMFLEXCELLHOEXESUCCLTEINTRAF_PLMN0TO1ENDC1TO99,0)+IFNULL(PM_PMFLEXEUTRANCELLFDD_X_T.PMFLEXCELLHOEXESUCCLTEINTERF_PLMN0TO1ENDC1TO99,0)))/(SUM(IFNULL(PM_PMFLEXEUTRANCELLFDD_X_T.PMFLEXCELLHOEXEATTLTEINTRAF_PLMN0TO1ENDC1TO99,0)+IFNULL(PM_PMFLEXEUTRANCELLFDD_X_T.PMFLEXCELLHOEXEATTLTEINTERF_PLMN0TO1ENDC1TO99,0))))),0),2);;xxx.xxx.xxx.xxx;wdna_operator_vendor;PM_PMFLEXEUTRANCELLFDD_X_T;ManagedElement,ENodeBFunction;;
WIRELESS;MEX;ERICSSON;RAN_5G;PM;QoS;NRNODE;NSA_ACC_ERAB_SUCC_5GENDC_5GLEG_N;NSA_ACC_ERAB_SUCC_5GENDC_5GLEG_N;;NSA_ACC_ERAB_SUCC_5GENDC_5GLEG_N=NSA_ACC_ERAB_SUCC_5GENDC_5GLEG. Número de accesos exitosos EN-DC 5G NSA. Total de UEs que lograron añadir satisfactoriamente el gNB secundario (NR) en NSA/EN-DC.;;;;integer;;0;;;;;;;;no;SUM(IF(PM_NRCELLCU_T.PMENDCSETUPSCGUEATT>0,PM_NRCELLCU_T.PMENDCSETUPSCGUESUCC,PM_NRCELLCU_T.PMENDCSETUPUESUCC));;xxx.xxx.xxx.xxx;wdna_operator_vendor;PM_NRCELLCU_T;ManagedElement,GNBCUCPFunction;;
WIRELESS;MEX;NOKIA;RAN_5G;PM;QoS;NRNODE;NSA_ACC_ERAB_SUCC_5GENDC_5GLEG_N;NSA_ACC_ERAB_SUCC_5GENDC_5GLEG_N;;Número de accesos exitosos EN-DC 5G NSA. Número ponderado de adiciones y modificaciones exitosas de SgNB, teniendo en cuenta confirmaciones posteriores de reconfiguración;;;;integer;;0;;;;;;;;no;SUM(IFNULL(PM_NX2CC_T.X2_SGNB_ADD_REQ_ACK_SENT,0))*(SUM(IFNULL(PM_NX2CC_T.X2_SGNB_RECONF_ACK_RECEIVED,0))/SUM(IFNULL(PM_NX2CC_T.X2_SGNB_RECONF_RECEIVED,0)+IFNULL(PM_NX2CC_T.X2_SGNB_RECONF_T,0)))+SUM(IFNULL(PM_NX2CC_T.X2_SGNB_MOD_REQ_ACK_SNT,0));;;;PM_NX2CC_T;MRBTS,NRBTS;;
WIRELESS;MEX;ERICSSON;RAN_5G;PM;QoS;NRNODE;NSA_ACC_ERAB_ATT_5GENDC_5GLEG_N;NSA_ACC_ERAB_ATT_5GENDC_5GLEG_N;;Número de intentos de establecimiento de conexiones ERAB (E-UTRAN Radio Access Bearer) en el contexto de NSA (Non-Standalone) 5G, específicamente en el procedimiento EN-DC (E-UTRAN New Radio Dual Connectivity), donde el terminal se conecta simultáneamente a LTE y NR. Es un denominador para calcular la tasa de éxito de establecimiento de ERAB en 5G NSA.;;;;integer;;0;;;;;;;;no;SUM(IF(PM_NRCELLCU_T.PMENDCSETUPSCGUEATT>0,PM_NRCELLCU_T.PMENDCSETUPSCGUEATT,PM_NRCELLCU_T.PMENDCSETUPUEATT));;xxx.xxx.xxx.xxx;wdna_operator_vendor;PM_NRCELLCU_T;ManagedElement,GNBCUCPFunction;;
WIRELESS;MEX;NOKIA;RAN_5G;PM;QoS;NRNODE;NSA_ACC_ERAB_ATT_5GENDC_5GLEG_N;NSA_ACC_ERAB_ATT_5GENDC_5GLEG_N;;Número de intentos de establecimiento de conexiones ERAB (E-UTRAN Radio Access Bearer) en el contexto de NSA (Non-Standalone) 5G, específicamente en el procedimiento EN-DC (E-UTRAN New Radio Dual Connectivity), donde el terminal se conecta simultáneamente a LTE y NR. Es un denominador para calcular la tasa de éxito de establecimiento de ERAB en 5G NSA.;;;;integer;;0;;;;;;;;no;SUM(IFNULL(PM_NX2CC_T.X2_SGNB_ADD_REQ_ACK_SENT,0)+IFNULL(PM_NX2CC_T.X2_SGNB_ADD_REQ_REJ_SENT,0))+SUM(IFNULL(PM_NX2CC_T.X2_SGNB_MOD_REQ_RECEIVED,0));;;;PM_NX2CC_T;MRBTS,NRBTS;;
WIRELESS;MEX;ERICSSON;RAN_5G;PM;QoS;NRNODE;NSA_RET_ERAB_DROP_4GENDC;NSA_RET_ERAB_DROP_4GENDC;;NSA_RET_ERAB_DROP_4GENDC=NSA_RET_ERAB_DROP_4GENDC_N. Total de caídas anormales de E-RAB en sesiones 4G EN-DC desde el lado LTE, independientemente de la causa exacta;;;;integer;;0;;;;;;;;no;SUM(IFNULL(PM_PMFLEXEUTRANCELLFDD_T.PMFLEXERABRELABNORMALENBACT_ENDC1TO99,0)+IFNULL(PM_PMFLEXEUTRANCELLFDD_T.PMFLEXERABRELABNORMALMMEACT_ENDC1TO99,0));;xxx.xxx.xxx.xxx;wdna_operator_vendor;PM_PMFLEXEUTRANCELLFDD_T;ManagedElement,ENodeBFunction;;
WIRELESS;MEX;NOKIA;RAN_5G;PM;QoS;N4G CELL;NSA_RET_ERAB_DROP_4GENDC;NSA_RET_ERAB_DROP_4GENDC;;Total de E-RABs LTE que se liberan de manera anormal durante sesiones EN-DC;;;;integer;;0;;;;;;;;no;SUM(IFNULL(PM_LTE_ERAB_STATISTICS_PER_PMQAP_PROFILE_T.ERAB_REL_ABNORMAL_ACT_PROFILE_1,0)+IFNULL(PM_LTE_ERAB_STATISTICS_PER_PMQAP_PROFILE_T.ERAB_REL_ABNORMAL_ACT_PROFILE_2,0)+IFNULL(PM_LTE_ERAB_STATISTICS_PER_PMQAP_PROFILE_T.ERAB_REL_ABNORMAL_ACT_PROFILE_17,0));;;;PM_LTE_ERAB_STATISTICS_PER_PMQAP_PROFILE_T;MRBTS,LNBTS,LNCEL,MCC,MNC;;
WIRELESS;MEX;ERICSSON;RAN_5G;PM;QoS;NRNODE;NSA_RET_ERAB_ATT_4GENDC_N;NSA_RET_ERAB_ATT_4GENDC_N;;Total de intentos de liberación de E-RAB en 4G EN-DC. Clasifica liberaciones por origen (eNB, MME, handover UTRAN).;;;;integer;;0;;;;;;;;no;SUM(IFNULL(PM_PMFLEXEUTRANCELLFDD_T.PMFLEXERABRELNORMALENB_ENDC1TO99,0)+IFNULL(PM_PMFLEXEUTRANCELLFDD_T.PMFLEXERABRELABNORMALENB_ENDC1TO99,0)+IFNULL(PM_PMFLEXEUTRANCELLFDD_T.PMFLEXERABRELMME_ENDC1TO99,0)+IFNULL(PM_PMFLEXEUTRANCELLFDD_T.PMFLEXCELLHOEXESUCCUTRAN_ENDC1TO99,0));;xxx.xxx.xxx.xxx;wdna_operator_vendor;PM_PMFLEXEUTRANCELLFDD_T;ManagedElement,ENodeBFunction;;
WIRELESS;MEX;NOKIA;RAN_5G;PM;QoS;NRNODE;NSA_RET_ERAB_ATT_4GENDC_N;NSA_RET_ERAB_ATT_4GENDC_N;;Total de intentos de liberación de E-RAB en 4G EN-DC. Clasifica liberaciones por perfil de bearer/QCI y si son normales o anormales.;;;;integer;;0;;;;;;;;no;SUM(IFNULL(PM_LTE_ERAB_STATISTICS_PER_PMQAP_PROFILE_BTS_T.ERAB_REL_NORMAL_PROFILE_1,0)+IFNULL(PM_LTE_ERAB_STATISTICS_PER_PMQAP_PROFILE_BTS_T.ERAB_REL_NORMAL_PROFILE_2,0)+IFNULL(PM_LTE_ERAB_STATISTICS_PER_PMQAP_PROFILE_BTS_T.ERAB_REL_NORMAL_PROFILE_17,0)+IFNULL(PM_LTE_ERAB_STATISTICS_PER_PMQAP_PROFILE_BTS_T.ERAB_REL_ALL_ABNORMAL_PROFILE_1,0)+IFNULL(PM_LTE_ERAB_STATISTICS_PER_PMQAP_PROFILE_BTS_T.ERAB_REL_ALL_ABNORMAL_PROFILE_2,0)+IFNULL(PM_LTE_ERAB_STATISTICS_PER_PMQAP_PROFILE_BTS_T.ERAB_REL_ALL_ABNORMAL_PROFILE_17,0));;;;PM_LTE_ERAB_STATISTICS_PER_PMQAP_PROFILE_BTS_T;MRBTS,NRBTS;;
WIRELESS;MEX;ERICSSON;RAN_5G;PM;QoS;NRNODE;NSA_RET_ERAB_DROP_5GENDC_4G5GLEG;NSA_RET_ERAB_DROP_5GENDC_4G5GLEG;;Porcentaje de sesiones ERAB que no han caído, es decir, que han sido retenidas exitosamente durante la conectividad dual LTE+NR. Es un indicador de estabilidad y calidad de la sesión de datos en redes NSA 5G;;;;percentage;;2;%;;0 to 100;;;;;yes;100*(1-NSA_RET_ERAB_DROP_5GENDC_4G5GLEG_NUM_N/NSA_RET_ERAB_DROP_5GENDC_4G5GLEG_DEN_N);;xxx.xxx.xxx.xxx;wdna_operator_vendor;;ManagedElement,ENodeBFunction;;
WIRELESS;MEX;NOKIA;RAN_5G;PM;QoS;NRNODE;NSA_RET_ERAB_DROP_5GENDC_4G5GLEG;NSA_RET_ERAB_DROP_5GENDC_4G5GLEG;;Porcentaje de sesiones ERAB que no han caído, es decir, que han sido retenidas exitosamente durante la conectividad dual LTE+NR. Es un indicador de estabilidad y calidad de la sesión de datos en redes NSA 5G;;;;percentage;;2;%;;0 to 100;;;;;yes;100*(1-NSA_RET_ERAB_DROP_5GENDC_4G5GLEG_NUM_N/NSA_RET_ERAB_DROP_5GENDC_4G5GLEG_DEN_N);;;;;;;
WIRELESS;MEX;ERICSSON;RAN_5G;PM;QoS;NRNODE;NSA_RET_ERAB_DROP_5GENDC_4G5GLEG_NUM_N;NSA_RET_ERAB_DROP_5GENDC_4G5GLEG_NUM_N;;Número de caídas de portadoras ERAB en el contexto de NSA 5G EN-DC, considerando tanto el nodo LTE (4G leg) como el nodo NR (5G leg). Es un indicador de retención, que mide cuántas sesiones de datos se interrumpen de forma anormal durante la conectividad dual.;;;;integer;;0;;;;;;;;no;SUM(IFNULL(PM_NRCELLCU_T.PMENDCRELUEABNORMALMENB,0)+IFNULL(PM_NRCELLCU_T.PMENDCRELUEABNORMALSGNB,0));;xxx.xxx.xxx.xxx;wdna_operator_vendor;PM_NRCELLCU_T;ManagedElement,GNBCUCPFunction;;
WIRELESS;MEX;NOKIA;RAN_5G;PM;QoS;NRNODE;NSA_RET_ERAB_DROP_5GENDC_4G5GLEG_NUM_N;NSA_RET_ERAB_DROP_5GENDC_4G5GLEG_NUM_N;;Número de caídas de portadoras ERAB en el contexto de NSA 5G EN-DC, considerando tanto el nodo LTE (4G leg) como el nodo NR (5G leg). Es un indicador de retención, que mide cuántas sesiones de datos se interrumpen de forma anormal durante la conectividad dual.;;;;integer;;0;;;;;;;;no;SUM(IFNULL(PM_NX2CC_T.X2_SGNB_REL_REQUIRED_SENT,0)-IFNULL(PM_NNSAUE_T.RLF_INITIATED_UE_RACH_FAIL,0)-IFNULL(PM_NNSAUE_T.RLF_INITIATED_UE_SCG_CHGE_FAIL,0))-SUM(IFNULL(PM_NX2CC_T.SGNB_RELEASE_REQ_UE_INACT,0)+IFNULL(PM_NX2CC_T.X2_SGNB_REL_REQUIRED_SENT_A2,0));;;;PM_NX2CC_T,PM_NNSAUE_T;MRBTS,NRBTS;;
WIRELESS;MEX;ERICSSON;RAN_5G;PM;QoS;NRNODE;NSA_RET_ERAB_DROP_5GENDC_4G5GLEG_DEN_N;NSA_RET_ERAB_DROP_5GENDC_4G5GLEG_DEN_N;;Suma todas las liberaciones (normales + anormales) para obtener el total de sesiones ERAB finalizadas.;;;;integer;;0;;;;;;;;no;SUM(IFNULL(PM_NRCELLCU_T.PMENDCRELUENORMAL,0)+IFNULL(PM_NRCELLCU_T.PMENDCRELUEABNORMALMENB,0)+IFNULL(PM_NRCELLCU_T.PMENDCRELUEABNORMALSGNB,0));;xxx.xxx.xxx.xxx;wdna_operator_vendor;PM_NRCELLCU_T;ManagedElement,GNBCUCPFunction;;
WIRELESS;MEX;NOKIA;RAN_5G;PM;QoS;NRNODE;NSA_RET_ERAB_DROP_5GENDC_4G5GLEG_DEN_N;NSA_RET_ERAB_DROP_5GENDC_4G5GLEG_DEN_N;;Total de liberaciones ajustando por fallos de enlace que no representan una liberación completa de la sesión ERAB, excluyendo las causadas por fallos RLF específicos para no sobrecontabilizarlas como liberaciones completas de sesión;;;;integer;;0;;;;;;;;no;SUM(IFNULL(PM_NX2CC_T.X2_SGNB_REL_REQUIRED_SENT,0)-IFNULL(PM_NNSAUE_T.RLF_INITIATED_UE_RACH_FAIL,0)-IFNULL(PM_NNSAUE_T.RLF_INITIATED_UE_SCG_CHGE_FAIL,0));;;;PM_NX2CC_T,PM_NNSAUE_T;MRBTS,NRBTS;;
WIRELESS;MEX;ERICSSON;RAN_5G;PM;TRAFFIC;NRNODE;NSA_THPT_PDCP_DL_AVG_KBPS_4GENDC;NSA_THPT_PDCP_DL_AVG_KBPS_4GENDC;;Throughput medio de PDCP en downlink (DL), medido en la parte LTE (MCG) cuando el UE opera en EN-DC (Dual Connectivity LTE+NR);;;;float;;2;KBPS;;;;;;;yes;NSA_THPT_PDCP_DL_AVG_KBPS_4GENDC_NUM/NSA_THPT_PDCP_DL_AVG_KBPS_4GENDC_DENOM;;;;;ManagedElement,ENodeBFunction;;
WIRELESS;MEX;NOKIA;RAN_5G;PM;TRAFFIC;NCELL;NSA_THPT_PDCP_DL_AVG_KBPS_4GENDC;NSA_THPT_PDCP_DL_AVG_KBPS_4GENDC;;Throughput medio de PDCP en downlink (DL), medido en la parte LTE (MCG) cuando el UE opera en EN-DC (Dual Connectivity LTE+NR);;;;float;;2;KBPS;;;;;;;yes;NSA_THPT_PDCP_DL_AVG_KBPS_4GENDC_NUM/NSA_THPT_PDCP_DL_AVG_KBPS_4GENDC_DENOM;;;;;;;
WIRELESS;MEX;NOKIA;RAN_5G;PM;TRAFFIC;NCELL;NSA_THPT_PDCP_DL_AVG_KBPS_4GENDC_NUM;NSA_THPT_PDCP_DL_AVG_KBPS_4GENDC_NUM;;KPI en redes 5G NSA (Non-Standalone) que mide el volumen de datos PDCP Downlink (DL) en la parte LTE del EN-DC (E-UTRAN New Radio Dual Connectivity). Suma del volumen PDCP DL en LTE para EN-DC, desglosado por QoS Flow ID (01 a 20).;;;;integer;;0;KB;;;;;;;no;SUM(IFNULL(PM_PDCPC.DL_PDCP_VOL_UE_TPUT_LTE_QOS01,0)+IFNULL(PM_PDCPC.DL_PDCP_VOL_UE_TPUT_LTE_QOS02,0)+IFNULL(PM_PDCPC.DL_PDCP_VOL_UE_TPUT_LTE_QOS03,0)+IFNULL(PM_PDCPC.DL_PDCP_VOL_UE_TPUT_LTE_QOS04,0)+IFNULL(PM_PDCPC.DL_PDCP_VOL_UE_TPUT_LTE_QOS05,0)+IFNULL(PM_PDCPC.DL_PDCP_VOL_UE_TPUT_LTE_QOS06,0)+IFNULL(PM_PDCPC.DL_PDCP_VOL_UE_TPUT_LTE_QOS07,0)+IFNULL(PM_PDCPC.DL_PDCP_VOL_UE_TPUT_LTE_QOS08,0)+IFNULL(PM_PDCPC.DL_PDCP_VOL_UE_TPUT_LTE_QOS09,0)+IFNULL(PM_PDCPC.DL_PDCP_VOL_UE_TPUT_LTE_QOS10,0)+IFNULL(PM_PDCPC.DL_PDCP_VOL_UE_TPUT_LTE_QOS11,0)+IFNULL(PM_PDCPC.DL_PDCP_VOL_UE_TPUT_LTE_QOS12,0)+IFNULL(PM_PDCPC.DL_PDCP_VOL_UE_TPUT_LTE_QOS13,0)+IFNULL(PM_PDCPC.DL_PDCP_VOL_UE_TPUT_LTE_QOS14,0)+IFNULL(PM_PDCPC.DL_PDCP_VOL_UE_TPUT_LTE_QOS15,0)+IFNULL(PM_PDCPC.DL_PDCP_VOL_UE_TPUT_LTE_QOS16,0)+IFNULL(PM_PDCPC.DL_PDCP_VOL_UE_TPUT_LTE_QOS17,0)+IFNULL(PM_PDCPC.DL_PDCP_VOL_UE_TPUT_LTE_QOS18,0)+IFNULL(PM_PDCPC.DL_PDCP_VOL_UE_TPUT_LTE_QOS19,0)+IFNULL(PM_PDCPC.DL_PDCP_VOL_UE_TPUT_LTE_QOS20,0));;;;PM_PDCPC;MRBTS,NRBTS,NRCELL;;
WIRELESS;MEX;NOKIA;RAN_5G;PM;TRAFFIC;NCELL;NSA_THPT_PDCP_DL_AVG_KBPS_4GENDC_DENOM;NSA_THPT_PDCP_DL_AVG_KBPS_4GENDC_DENOM;;Tiempo total de transmisión activa PDCP en downlink (DL), sobre la portadora LTE (MCG) durante operación EN-DC.;;;;integer;;0;seconds;;;;;;;no;SUM(IFNULL(PM_PDCPC.DL_PDCP_TIME_UE_TPUT,0))/1000;;;;PM_PDCPC;MRBTS,NRBTS,NRCELL;;
WIRELESS;MEX;ERICSSON;RAN_5G;PM;TRAFFIC;NRNODE;NSA_THPT_MAC_DL_AVG_MBPS_5GENDC_5GLEG;NSA_THPT_MAC_DL_AVG_MBPS_5GENDC_5GLEG;;Throughput promedio MAC DL en Mbps para la leg 5G de sesiones NSA EN-DC;;;;float;;2;MBPS;;;;;;;yes;NSA_THPT_MAC_DL_AVG_MBPS_5GENDC_5GLEG_NUM/NSA_THPT_MAC_DL_AVG_MBPS_5GENDC_5GLEG_DENOM;;;;;ManagedElement,ENodeBFunction;;
WIRELESS;MEX;NOKIA;RAN_5G;PM;TRAFFIC;NCELL;NSA_THPT_MAC_DL_AVG_MBPS_5GENDC_5GLEG;NSA_THPT_MAC_DL_AVG_MBPS_5GENDC_5GLEG;;Throughput promedio MAC DL en Mbps para la leg 5G de sesiones NSA EN-DC;;;;float;;2;MBPS;;;;;;;yes;NSA_THPT_MAC_DL_AVG_MBPS_5GENDC_5GLEG_NUM/NSA_THPT_MAC_DL_AVG_MBPS_5GENDC_5GLEG_DENOM;;;;;;;
WIRELESS;MEX;ERICSSON;RAN_5G;PM;TRAFFIC;NRNODE;NSA_THPT_PDCP_DL_AVG_KBPS_4GENDC_NUM;NSA_THPT_PDCP_DL_AVG_KBPS_4GENDC_NUM;;NSA_THPT_PDCP_DL_AVG_KBPS_4GENDC_NUM = NSA_THPT_PDCP_DL_AVG_KBPS_4GENDC_NUM_N. KPI en redes 5G NSA (Non-Standalone) que mide el volumen de datos PDCP Downlink (DL) en la parte LTE del EN-DC (E-UTRAN New Radio Dual Connectivity). Suma del volumen PDCP DL en LTE para usuarios EN-DC, restando el volumen del último TTI para evitar doble conteo.;;;;integer;;0;KB;;;;;;;no;SUM(IFNULL(PM_PMFLEXEUTRANCELLFDD_T.PMFLEXPDCPVOLDLDRB_ENDC1TO99,0)-IFNULL(PM_PMFLEXEUTRANCELLFDD_T.PMFLEXPDCPVOLDLDRBLASTTTI_ENDC1TO99,0));;xxx.xxx.xxx.xxx;wdna_operator_vendor;PM_PMFLEXEUTRANCELLFDD_T;ManagedElement,ENodeBFunction;;
WIRELESS;MEX;ERICSSON;RAN_5G;PM;TRAFFIC;NRNODE;NSA_THPT_PDCP_DL_AVG_KBPS_4GENDC_DENOM;NSA_THPT_PDCP_DL_AVG_KBPS_4GENDC_DENOM;;NSA_THPT_PDCP_DL_AVG_KBPS_4GENDC_DENOM=NSA_THPT_PDCP_DL_AVG_KBPS_4GENDC_DENOM_N. Tiempo total de transmisión activa PDCP en downlink (DL), sobre la portadora LTE (MCG) durante operación EN-DC.;;;;integer;;0;seconds;;;;;;;no;SUM(IFNULL(PM_PMFLEXEUTRANCELLFDD_T.PMFLEXUETHPTIMEDL_ENDC1TO99,0));;xxx.xxx.xxx.xxx;wdna_operator_vendor;PM_PMFLEXEUTRANCELLFDD_T;ManagedElement,ENodeBFunction;;
WIRELESS;MEX;ERICSSON;RAN_5G;PM;TRAFFIC;NRNODE;NSA_THPT_MAC_DL_AVG_MBPS_5GENDC_5GLEG_NUM_N;NSA_THPT_MAC_DL_AVG_MBPS_5GENDC_5GLEG_NUM_N;;Total de datos transmitidos en MAC DL en la leg 5G (NR) de sesiones NSA EN-DC.;;;;float;;2;MB;;;;;;;yes;IFNULL((NSA_THPT_MAC_DL_AVG_KBPS_5GENDC_5GLEG_NUM)/1000,0);;xxx.xxx.xxx.xxx;wdna_operator_vendor;PM_NRCELLDU_V_T;ManagedElement,GNBDUFunction;;
WIRELESS;MEX;NOKIA;RAN_5G;PM;TRAFFIC;NCELL;NSA_THPT_MAC_DL_AVG_MBPS_5GENDC_5GLEG_NUM;NSA_THPT_MAC_DL_AVG_MBPS_5GENDC_5GLEG_NUM;;Total de datos transmitidos en MAC DL en la leg 5G (NR) de sesiones NSA EN-DC.;;;;float;;2;MB;;;;;;;no;SUM(IFNULL(PM_NMSDU.DL_MAC_SDU_VOL_DTCH,0))*(8/1000000);;;;PM_NMSDU;MRBTS,NRBTS,NRCELL;;
WIRELESS;MEX;ERICSSON;RAN_5G;PM;TRAFFIC;NRNODE;NSA_THPT_MAC_DL_AVG_MBPS_5GENDC_5GLEG_DENOM_N;NSA_THPT_MAC_DL_AVG_MBPS_5GENDC_5GLEG_DENOM_N;;Tiempo efectivo de transmisión DL en la leg 5G.;;;;float;;2;seconds;;;;;;;yes;IFNULL((NSA_THPT_MAC_DL_AVG_KBPS_5GENDC_5GLEG_DENOM),0);;xxx.xxx.xxx.xxx;wdna_operator_vendor;PM_NRCELLDU_V_T;ManagedElement,GNBDUFunction;;
WIRELESS;MEX;NOKIA;RAN_5G;PM;TRAFFIC;NCELL;NSA_THPT_MAC_DL_AVG_MBPS_5GENDC_5GLEG_DENOM;NSA_THPT_MAC_DL_AVG_MBPS_5GENDC_5GLEG_DENOM;;Tiempo efectivo de transmisión DL en la leg 5G.;;;;float;;2;seconds;;;;;;;no;SUM(IFNULL(PM_NCELA.ACC_UE_DL_DRB_DATA,0)-IFNULL(PM_NCELA.ACC_UE_DL_SLEEP_DATA,0))*(SUM(IFNULL(PM_NCELA.DATA_SLOT_PDSCH_TIME,0))/SUM(IFNULL(PM_NCELA.DATA_SLOT_PDSCH,0)))/1000000;;;;PM_NCELA;MRBTS,NRBTS,NRCELL;;
WIRELESS;MEX;ERICSSON;RAN_5G;PM;TRAFFIC;NRNODE;NSA_TRAFFIC_PDCP_GB_5GENDC_4GLEGN;NSA_TRAFFIC_PDCP_GB_5GENDC_4GLEGN;;Volumen neto de tráfico PDCP total (DL + UL) en la parte LTE dentro de un escenario 5G NSA (EN-DC), con corrección de duplicados.;;;;float;;2;GB;;;;;;;no;ROUND((SUM(IFNULL(PM_RPUSERPLANELINK_V_T_EXTERNAL.PMPDCPVOLTRANSDLQOS_1,0)+IFNULL(PM_RPUSERPLANELINK_V_T_EXTERNAL.PMPDCPVOLTRANSDLQOS_2,0)+IFNULL(PM_RPUSERPLANELINK_V_T_EXTERNAL.PMPDCPVOLTRANSDLQOS_3,0)+IFNULL(PM_RPUSERPLANELINK_V_T_EXTERNAL.PMPDCPVOLTRANSDLQOS_4,0)+IFNULL(PM_RPUSERPLANELINK_V_T_EXTERNAL.PMPDCPVOLTRANSDLQOS_5,0)+IFNULL(PM_RPUSERPLANELINK_V_T_EXTERNAL.PMPDCPVOLTRANSDLQOS_6,0)+IFNULL(PM_RPUSERPLANELINK_V_T_EXTERNAL.PMPDCPVOLTRANSDLQOS_7,0)+IFNULL(PM_RPUSERPLANELINK_V_T_EXTERNAL.PMPDCPVOLTRANSDLQOS_8,0)+IFNULL(PM_RPUSERPLANELINK_V_T_EXTERNAL.PMPDCPVOLTRANSDLQOS_9,0)-GREATEST(IFNULL(PM_RPUSERPLANELINK_V_T_EXTERNAL.PMPDCPVOLTRANSDLRETRANS5QI_1,0),IFNULL(PM_RPUSERPLANELINK_V_T_EXTERNAL.PMPDCPVOLTRANSDLRETRANSQOS_1,0))-GREATEST(IFNULL(PM_RPUSERPLANELINK_V_T_EXTERNAL.PMPDCPVOLTRANSDLRETRANS5QI_2,0),IFNULL(PM_RPUSERPLANELINK_V_T_EXTERNAL.PMPDCPVOLTRANSDLRETRANSQOS_2,0))-GREATEST(IFNULL(PM_RPUSERPLANELINK_V_T_EXTERNAL.PMPDCPVOLTRANSDLRETRANS5QI_3,0),IFNULL(PM_RPUSERPLANELINK_V_T_EXTERNAL.PMPDCPVOLTRANSDLRETRANSQOS_3,0))-GREATEST(IFNULL(PM_RPUSERPLANELINK_V_T_EXTERNAL.PMPDCPVOLTRANSDLRETRANS5QI_4,0),IFNULL(PM_RPUSERPLANELINK_V_T_EXTERNAL.PMPDCPVOLTRANSDLRETRANSQOS_4,0))-GREATEST(IFNULL(PM_RPUSERPLANELINK_V_T_EXTERNAL.PMPDCPVOLTRANSDLRETRANS5QI_5,0),IFNULL(PM_RPUSERPLANELINK_V_T_EXTERNAL.PMPDCPVOLTRANSDLRETRANSQOS_5,0))-GREATEST(IFNULL(PM_RPUSERPLANELINK_V_T_EXTERNAL.PMPDCPVOLTRANSDLRETRANS5QI_6,0),IFNULL(PM_RPUSERPLANELINK_V_T_EXTERNAL.PMPDCPVOLTRANSDLRETRANSQOS_6,0))-GREATEST(IFNULL(PM_RPUSERPLANELINK_V_T_EXTERNAL.PMPDCPVOLTRANSDLRETRANS5QI_7,0),IFNULL(PM_RPUSERPLANELINK_V_T_EXTERNAL.PMPDCPVOLTRANSDLRETRANSQOS_7,0))-GREATEST(IFNULL(PM_RPUSERPLANELINK_V_T_EXTERNAL.PMPDCPVOLTRANSDLRETRANS5QI_8,0),IFNULL(PM_RPUSERPLANELINK_V_T_EXTERNAL.PMPDCPVOLTRANSDLRETRANSQOS_8,0))-GREATEST(IFNULL(PM_RPUSERPLANELINK_V_T_EXTERNAL.PMPDCPVOLTRANSDLRETRANS5QI_9,0),IFNULL(PM_RPUSERPLANELINK_V_T_EXTERNAL.PMPDCPVOLTRANSDLRETRANSQOS_9,0))+IFNULL(PM_RPUSERPLANELINK_V_T_EXTERNAL.PMPDCPVOLRECULQOS_1,0)+IFNULL(PM_RPUSERPLANELINK_V_T_EXTERNAL.PMPDCPVOLRECULQOS_2,0)+IFNULL(PM_RPUSERPLANELINK_V_T_EXTERNAL.PMPDCPVOLRECULQOS_3,0)+IFNULL(PM_RPUSERPLANELINK_V_T_EXTERNAL.PMPDCPVOLRECULQOS_4,0)+IFNULL(PM_RPUSERPLANELINK_V_T_EXTERNAL.PMPDCPVOLRECULQOS_5,0)+IFNULL(PM_RPUSERPLANELINK_V_T_EXTERNAL.PMPDCPVOLRECULQOS_6,0)+IFNULL(PM_RPUSERPLANELINK_V_T_EXTERNAL.PMPDCPVOLRECULQOS_7,0)+IFNULL(PM_RPUSERPLANELINK_V_T_EXTERNAL.PMPDCPVOLRECULQOS_8,0)+IFNULL(PM_RPUSERPLANELINK_V_T_EXTERNAL.PMPDCPVOLRECULQOS_9,0))*1000/(8*1024*1024*1024)),2);;xxx.xxx.xxx.xxx;wdna_operator_vendor;PM_RPUSERPLANELINK_V_T_EXTERNAL;ManagedElement,ENodeBFunction;;
WIRELESS;MEX;NOKIA;RAN_5G;PM;TRAFFIC;NRNODE;NSA_TRAFFIC_PDCP_GB_5GENDC_4GLEGN;NSA_TRAFFIC_PDCP_GB_5GENDC_4GLEGN;;Volumen bruto de tráfico PDCP total (DL + UL) en la parte LTE dentro de un escenario 5G NSA (EN-DC), pero sin ajustar explícitamente las retransmisiones;;;;float;;2;GB;;;;;;;no;ROUND(IFNULL((SUM(IFNULL(PM_NX2UB.DL_PDCP_VOL_SNT_X2_QOS_GRP_01,0)+IFNULL(PM_NX2UB.DL_PDCP_VOL_SNT_X2_QOS_GRP_02,0)+IFNULL(PM_NX2UB.DL_PDCP_VOL_SNT_X2_QOS_GRP_03,0)+IFNULL(PM_NX2UB.DL_PDCP_VOL_SNT_X2_QOS_GRP_04,0)+IFNULL(PM_NX2UB.DL_PDCP_VOL_SNT_X2_QOS_GRP_05,0)+IFNULL(PM_NX2UB.DL_PDCP_VOL_SNT_X2_QOS_GRP_06,0)+IFNULL(PM_NX2UB.DL_PDCP_VOL_SNT_X2_QOS_GRP_07,0)+IFNULL(PM_NX2UB.DL_PDCP_VOL_SNT_X2_QOS_GRP_08,0)+IFNULL(PM_NX2UB.DL_PDCP_VOL_SNT_X2_QOS_GRP_09,0)+IFNULL(PM_NX2UB.DL_PDCP_VOL_SNT_X2_QOS_GRP_10,0)+IFNULL(PM_NX2UB.DL_PDCP_VOL_SNT_X2_QOS_GRP_11,0)+IFNULL(PM_NX2UB.DL_PDCP_VOL_SNT_X2_QOS_GRP_12,0)+IFNULL(PM_NX2UB.DL_PDCP_VOL_SNT_X2_QOS_GRP_13,0)+IFNULL(PM_NX2UB.DL_PDCP_VOL_SNT_X2_QOS_GRP_14,0)+IFNULL(PM_NX2UB.DL_PDCP_VOL_SNT_X2_QOS_GRP_15,0)+IFNULL(PM_NX2UB.DL_PDCP_VOL_SNT_X2_QOS_GRP_16,0)+IFNULL(PM_NX2UB.DL_PDCP_VOL_SNT_X2_QOS_GRP_17,0)+IFNULL(PM_NX2UB.DL_PDCP_VOL_SNT_X2_QOS_GRP_18,0)+IFNULL(PM_NX2UB.DL_PDCP_VOL_SNT_X2_QOS_GRP_19,0)+IFNULL(PM_NX2UB.DL_PDCP_VOL_SNT_X2_QOS_GRP_20,0))*1000/(1024*1024*1024))+(SUM(IFNULL(PM_NX2UB.UL_PDCP_VOL_RCV_X2_QOS_GRP_01,0)+IFNULL(PM_NX2UB.UL_PDCP_VOL_RCV_X2_QOS_GRP_02,0)+IFNULL(PM_NX2UB.UL_PDCP_VOL_RCV_X2_QOS_GRP_03,0)+IFNULL(PM_NX2UB.UL_PDCP_VOL_RCV_X2_QOS_GRP_04,0)+IFNULL(PM_NX2UB.UL_PDCP_VOL_RCV_X2_QOS_GRP_05,0)+IFNULL(PM_NX2UB.UL_PDCP_VOL_RCV_X2_QOS_GRP_06,0)+IFNULL(PM_NX2UB.UL_PDCP_VOL_RCV_X2_QOS_GRP_07,0)+IFNULL(PM_NX2UB.UL_PDCP_VOL_RCV_X2_QOS_GRP_08,0)+IFNULL(PM_NX2UB.UL_PDCP_VOL_RCV_X2_QOS_GRP_09,0)+IFNULL(PM_NX2UB.UL_PDCP_VOL_RCV_X2_QOS_GRP_10,0)+IFNULL(PM_NX2UB.UL_PDCP_VOL_RCV_X2_QOS_GRP_11,0)+IFNULL(PM_NX2UB.UL_PDCP_VOL_RCV_X2_QOS_GRP_12,0)+IFNULL(PM_NX2UB.UL_PDCP_VOL_RCV_X2_QOS_GRP_13,0)+IFNULL(PM_NX2UB.UL_PDCP_VOL_RCV_X2_QOS_GRP_14,0)+IFNULL(PM_NX2UB.UL_PDCP_VOL_RCV_X2_QOS_GRP_15,0)+IFNULL(PM_NX2UB.UL_PDCP_VOL_RCV_X2_QOS_GRP_16,0)+IFNULL(PM_NX2UB.UL_PDCP_VOL_RCV_X2_QOS_GRP_17,0)+IFNULL(PM_NX2UB.UL_PDCP_VOL_RCV_X2_QOS_GRP_18,0)+IFNULL(PM_NX2UB.UL_PDCP_VOL_RCV_X2_QOS_GRP_19,0)+IFNULL(PM_NX2UB.UL_PDCP_VOL_RCV_X2_QOS_GRP_20,0))*1000/(1024*1024*1024)),0),2);;;;PM_NX2UB;MRBTS,NRBTS;;
WIRELESS;MEX;ERICSSON;RAN_5G;PM;TRAFFIC;NRNODE;NSA_TRAFFIC_PDCP_GB_5GENDC_5GLEG;NSA_TRAFFIC_PDCP_GB_5GENDC_5GLEG;;Tráfico PDCP total (DL + UL) en la parte 5G NR dentro de un escenario NSA (EN-DC). Suma el volumen PDCP Downlink por QoS (1 a 9), restando retransmisiones para evitar doble conteo.;;;;float;;2;GB;;;;;;;no;ROUND((SUM(IFNULL(PM_RPUSERPLANELINK_V_T_INTERNAL.PMPDCPVOLTRANSDLQOS_1,0)+IFNULL(PM_RPUSERPLANELINK_V_T_INTERNAL.PMPDCPVOLTRANSDLQOS_2,0)+IFNULL(PM_RPUSERPLANELINK_V_T_INTERNAL.PMPDCPVOLTRANSDLQOS_3,0)+IFNULL(PM_RPUSERPLANELINK_V_T_INTERNAL.PMPDCPVOLTRANSDLQOS_4,0)+IFNULL(PM_RPUSERPLANELINK_V_T_INTERNAL.PMPDCPVOLTRANSDLQOS_5,0)+IFNULL(PM_RPUSERPLANELINK_V_T_INTERNAL.PMPDCPVOLTRANSDLQOS_6,0)+IFNULL(PM_RPUSERPLANELINK_V_T_INTERNAL.PMPDCPVOLTRANSDLQOS_7,0)+IFNULL(PM_RPUSERPLANELINK_V_T_INTERNAL.PMPDCPVOLTRANSDLQOS_8,0)+IFNULL(PM_RPUSERPLANELINK_V_T_INTERNAL.PMPDCPVOLTRANSDLQOS_9,0)-GREATEST(IFNULL(PM_RPUSERPLANELINK_V_T_INTERNAL.PMPDCPVOLTRANSDLRETRANS5QI_1,0),IFNULL(PM_RPUSERPLANELINK_V_T_INTERNAL.PMPDCPVOLTRANSDLRETRANSQOS_1,0))-GREATEST(IFNULL(PM_RPUSERPLANELINK_V_T_INTERNAL.PMPDCPVOLTRANSDLRETRANS5QI_2,0),IFNULL(PM_RPUSERPLANELINK_V_T_INTERNAL.PMPDCPVOLTRANSDLRETRANSQOS_2,0))-GREATEST(IFNULL(PM_RPUSERPLANELINK_V_T_INTERNAL.PMPDCPVOLTRANSDLRETRANS5QI_3,0),IFNULL(PM_RPUSERPLANELINK_V_T_INTERNAL.PMPDCPVOLTRANSDLRETRANSQOS_3,0))-GREATEST(IFNULL(PM_RPUSERPLANELINK_V_T_INTERNAL.PMPDCPVOLTRANSDLRETRANS5QI_4,0),IFNULL(PM_RPUSERPLANELINK_V_T_INTERNAL.PMPDCPVOLTRANSDLRETRANSQOS_4,0))-GREATEST(IFNULL(PM_RPUSERPLANELINK_V_T_INTERNAL.PMPDCPVOLTRANSDLRETRANS5QI_5,0),IFNULL(PM_RPUSERPLANELINK_V_T_INTERNAL.PMPDCPVOLTRANSDLRETRANSQOS_5,0))-GREATEST(IFNULL(PM_RPUSERPLANELINK_V_T_INTERNAL.PMPDCPVOLTRANSDLRETRANS5QI_6,0),IFNULL(PM_RPUSERPLANELINK_V_T_INTERNAL.PMPDCPVOLTRANSDLRETRANSQOS_6,0))-GREATEST(IFNULL(PM_RPUSERPLANELINK_V_T_INTERNAL.PMPDCPVOLTRANSDLRETRANS5QI_7,0),IFNULL(PM_RPUSERPLANELINK_V_T_INTERNAL.PMPDCPVOLTRANSDLRETRANSQOS_7,0))-GREATEST(IFNULL(PM_RPUSERPLANELINK_V_T_INTERNAL.PMPDCPVOLTRANSDLRETRANS5QI_8,0),IFNULL(PM_RPUSERPLANELINK_V_T_INTERNAL.PMPDCPVOLTRANSDLRETRANSQOS_8,0))-GREATEST(IFNULL(PM_RPUSERPLANELINK_V_T_INTERNAL.PMPDCPVOLTRANSDLRETRANS5QI_9,0),IFNULL(PM_RPUSERPLANELINK_V_T_INTERNAL.PMPDCPVOLTRANSDLRETRANSQOS_9,0))+IFNULL(PM_RPUSERPLANELINK_V_T_INTERNAL.PMPDCPVOLRECULQOS_1,0)+IFNULL(PM_RPUSERPLANELINK_V_T_INTERNAL.PMPDCPVOLRECULQOS_2,0)+IFNULL(PM_RPUSERPLANELINK_V_T_INTERNAL.PMPDCPVOLRECULQOS_3,0)+IFNULL(PM_RPUSERPLANELINK_V_T_INTERNAL.PMPDCPVOLRECULQOS_4,0)+IFNULL(PM_RPUSERPLANELINK_V_T_INTERNAL.PMPDCPVOLRECULQOS_5,0)+IFNULL(PM_RPUSERPLANELINK_V_T_INTERNAL.PMPDCPVOLRECULQOS_6,0)+IFNULL(PM_RPUSERPLANELINK_V_T_INTERNAL.PMPDCPVOLRECULQOS_7,0)+IFNULL(PM_RPUSERPLANELINK_V_T_INTERNAL.PMPDCPVOLRECULQOS_8,0)+IFNULL(PM_RPUSERPLANELINK_V_T_INTERNAL.PMPDCPVOLRECULQOS_9,0))*1000/(8*1024*1024*1024)),2);;xxx.xxx.xxx.xxx;wdna_operator_vendor;PM_RPUSERPLANELINK_V_T_INTERNAL;ManagedElement,GNBCUUPFunction;;
WIRELESS;MEX;NOKIA;RAN_5G;PM;TRAFFIC;NRNODE;NSA_TRAFFIC_PDCP_GB_5GENDC_5GLEG;NSA_TRAFFIC_PDCP_GB_5GENDC_5GLEG;;Tráfico PDCP total (DL + UL) en la parte 5G NR dentro de un escenario NSA (EN-DC). Suma el volumen PDCP Downlink enviado y Uplink recibido por QoS (1 a 20).;;;;float;;2;GB;;;;;;;no;ROUND(IFNULL((SUM(IFNULL(PM_NF1UB.DL_VOL_SNT_F1_QOS_GRP_01,0)+IFNULL(PM_NF1UB.DL_VOL_SNT_F1_QOS_GRP_02,0)+IFNULL(PM_NF1UB.DL_VOL_SNT_F1_QOS_GRP_03,0)+IFNULL(PM_NF1UB.DL_VOL_SNT_F1_QOS_GRP_04,0)+IFNULL(PM_NF1UB.DL_VOL_SNT_F1_QOS_GRP_05,0)+IFNULL(PM_NF1UB.DL_VOL_SNT_F1_QOS_GRP_06,0)+IFNULL(PM_NF1UB.DL_VOL_SNT_F1_QOS_GRP_07,0)+IFNULL(PM_NF1UB.DL_VOL_SNT_F1_QOS_GRP_08,0)+IFNULL(PM_NF1UB.DL_VOL_SNT_F1_QOS_GRP_09,0)+IFNULL(PM_NF1UB.DL_VOL_SNT_F1_QOS_GRP_10,0)+IFNULL(PM_NF1UB.DL_VOL_SNT_F1_QOS_GRP_11,0)+IFNULL(PM_NF1UB.DL_VOL_SNT_F1_QOS_GRP_12,0)+IFNULL(PM_NF1UB.DL_VOL_SNT_F1_QOS_GRP_13,0)+IFNULL(PM_NF1UB.DL_VOL_SNT_F1_QOS_GRP_14,0)+IFNULL(PM_NF1UB.DL_VOL_SNT_F1_QOS_GRP_15,0)+IFNULL(PM_NF1UB.DL_VOL_SNT_F1_QOS_GRP_16,0)+IFNULL(PM_NF1UB.DL_VOL_SNT_F1_QOS_GRP_17,0)+IFNULL(PM_NF1UB.DL_VOL_SNT_F1_QOS_GRP_18,0)+IFNULL(PM_NF1UB.DL_VOL_SNT_F1_QOS_GRP_19,0)+IFNULL(PM_NF1UB.DL_VOL_SNT_F1_QOS_GRP_20,0))*1000/(1024*1024*1024))+(SUM(IFNULL(PM_NF1UB.UL_VOL_RCV_F1_QOS_GRP_01,0)+IFNULL(PM_NF1UB.UL_VOL_RCV_F1_QOS_GRP_02,0)+IFNULL(PM_NF1UB.UL_VOL_RCV_F1_QOS_GRP_03,0)+IFNULL(PM_NF1UB.UL_VOL_RCV_F1_QOS_GRP_04,0)+IFNULL(PM_NF1UB.UL_VOL_RCV_F1_QOS_GRP_05,0)+IFNULL(PM_NF1UB.UL_VOL_RCV_F1_QOS_GRP_06,0)+IFNULL(PM_NF1UB.UL_VOL_RCV_F1_QOS_GRP_07,0)+IFNULL(PM_NF1UB.UL_VOL_RCV_F1_QOS_GRP_08,0)+IFNULL(PM_NF1UB.UL_VOL_RCV_F1_QOS_GRP_09,0)+IFNULL(PM_NF1UB.UL_VOL_RCV_F1_QOS_GRP_10,0)+IFNULL(PM_NF1UB.UL_VOL_RCV_F1_QOS_GRP_11,0)+IFNULL(PM_NF1UB.UL_VOL_RCV_F1_QOS_GRP_12,0)+IFNULL(PM_NF1UB.UL_VOL_RCV_F1_QOS_GRP_13,0)+IFNULL(PM_NF1UB.UL_VOL_RCV_F1_QOS_GRP_14,0)+IFNULL(PM_NF1UB.UL_VOL_RCV_F1_QOS_GRP_15,0)+IFNULL(PM_NF1UB.UL_VOL_RCV_F1_QOS_GRP_16,0)+IFNULL(PM_NF1UB.UL_VOL_RCV_F1_QOS_GRP_17,0)+IFNULL(PM_NF1UB.UL_VOL_RCV_F1_QOS_GRP_18,0)+IFNULL(PM_NF1UB.UL_VOL_RCV_F1_QOS_GRP_19,0)+IFNULL(PM_NF1UB.UL_VOL_RCV_F1_QOS_GRP_20,0))*1000/(1024*1024*1024)),0),2);;;;PM_NF1UB;MRBTS,NRBTS;;
WIRELESS;MEX;ERICSSON;RAN_5G;PM;TRAFFIC;NRNODE;NSA_TRAFFIC_MAC_GB_5GENDC_5GLEG_N;NSA_TRAFFIC_MAC_GB_5GENDC_5GLEG_N;;Volumen de datos en capa MAC (usuario) en la porción 5G (NR) del EN-DC: suma DL + UL;;;;float;;2;GB;;;;;;;no;ROUND(SUM(IFNULL(PM_NRCELLDU_T.PMMACVOLDL,0)+IFNULL(PM_NRCELLDU_T.PMMACVOLUL,0))/(1024*1024*1024),2);;xxx.xxx.xxx.xxx;wdna_operator_vendor;PM_NRCELLDU_T;ManagedElement,GNBDUFunction;;
WIRELESS;MEX;NOKIA;RAN_5G;PM;TRAFFIC;NRNODE;NSA_TRAFFIC_MAC_GB_5GENDC_5GLEG_N;NSA_TRAFFIC_MAC_GB_5GENDC_5GLEG_N;;Volumen de datos en capa MAC (usuario) en la porción 5G (NR) del EN-DC: suma DL + UL;;;;float;;2;GB;;;;;;;no;ROUND(SUM(IFNULL(PM_NMSDU_T.DL_MAC_SDU_VOL_DTCH,0)+IFNULL(PM_NMSDU_T.UL_MAC_SDU_VOL_DTCH,0))/(1024*1024*1024),2);;;;PM_NMSDU_T;MRBTS,NRBTS;;
WIRELESS;MEX;ERICSSON;RAN_5G;PM;AVAILABILITY;NCELL;MIN_UNAVAILTIME;MIN_UNAVAILTIME;?;Tiempo total de indisponibilidad de la celda (manual + automático).;;;;integer;;0;second;;;;;;;no;MIN(PM_NRCELLDU.PMCELLDOWNTIMEMAN+PM_NRCELLDU.PMCELLDOWNTIMEAUTO);;xxx.xxx.xxx.xxx;wdna_operator_vendor;PM_NRCELLDU;ManagedElement,GNBDUFunction,NRCellDU;;
WIRELESS;MEX;NOKIA;RAN_5G;PM;AVAILABILITY;NCELL;MIN_UNAVAILTIME;MIN_UNAVAILTIME;;Tiempo total que la celda estuvo no disponible;;;;integer;;0;second;;;;;;;no;MIN(PM_NCAV.DENOM_CELL_AVAIL-PM_NCAV.SAMPLES_CELL_AVAIL);;;;PM_NCAV;MRBTS,NRBTS,NRCELL;;
WIRELESS;MEX;HUAWEI;CORE;PM;QoS;MSC;DROPS_CALL_RATE;DROPS_CALL_RATE;;Tasa de llamadas caídas en la red UMTS (3G).;;;;percentage;;2;%;;0 to 100;;;;;;ROUND(IFNULL((SUM(PM_MSCSERVER_UMTS_CALL_DROPS.CALLER_CALL_DROP_TMS)+SUM(PM_MSCSERVER_UMTS_CALL_DROPS.CALLEE_CALL_DROP_TMS)+SUM(PM_MSCSERVER_UMTS_CALL_DROPS.CALL_DROP_HO_FAIL_TMS))/(SUM(PM_MSCSERVER_UMTS_CALL_DROPS.CALLER_CALL_COMPLETION_TMS)+SUM(PM_MSCSERVER_UMTS_CALL_DROPS.CALLEE_CALL_COMPLETION_TMS))*100,0),2);;;;PM_MSCSERVER_UMTS_CALL_DROPS;;;
WIRELESS;MEX;HUAWEI;CORE;PM;AVAILABILITY;MSC CPU USAGE;BHCA;BHCA;;BHCA (Busy Hour Call Attempts) es uno de los indicadores más importantes en la planificación de capacidad del CORE. BHCA número total de intentos de llamada durante la hora cargada (Busy Hour). Se calcula sumando todos los intentos de llamada procesados por el MSC en el período de medición. El BHCA está directamente ligado al estrés de la CPU. Es la medida principal de la carga de trabajo del MSC Server. Los equipos tienen un valor máximo de BHCA para el cual están dimensionados. Superar este valor de forma sostenida puede causar congestión y fallos en la red. ;;;;integer;;0;;;;;;;;;SUM(PM_MSCSERVER_CPU_USAGE.BHCA);;;;PM_MSCSERVER_CPU_USAGE;;;
WIRELESS;MEX;HUAWEI;CORE;PM;MOBILITY;MSC;CS_FALLBACK_TRAFFIC_ERL;CS_FALLBACK_TRAFFIC_ERL;;Tráfico en Erlangs generado por llamadas que usan CS Fallback (cuando un terminal LTE cae a 3G/2G para realizar una llamada de voz).;;;;float;;2;erlangs;;;;;;;;ROUND(SUM(PM_MSCSERVER_LICENSE_RESOURCE_TRAFFIC.CS_FALLBACK_TRAFF),2);;;;PM_MSCSERVER_LICENSE_RESOURCE_TRAFFIC;;;
WIRELESS;MEX;HUAWEI;CORE;PM;QoS;MSC MAP STANDARD OPERATION;CALLS_BARRED;CALLS_BARRED;;Número total de intentos de llamada bloqueados por el MSC según las reglas de call barring (restricciones de abonado, roaming, destino, fraude, etc.), medido mediante operaciones MAP. Volumen de intentos de llamada que fueron denegados de forma correcta y controlada por la red, ;;;;integer;;0;;;;;;;;;SUM(PM_MSCSERVER_MAP_STANDARD_OPERATIONS.CALLS_BARRED);;;;PM_MSCSERVER_MAP_STANDARD_OPERATIONS;;;
WIRELESS;MEX;HUAWEI;CORE;PM;USERS;MSC;SUBSCRIBERS_IN_VLR_ACTIVE;SUBSCRIBERS_IN_VLR_ACTIVE;;Número total de suscriptores activos registrados en el VLR (Visitor Location Register).;;;;integer;;0;;;;;;;;;SUM(PM_MSCSERVER_NUMBER_OF_VLR_SUBSCRIBERS.TOTAL_NUM_SUBSS_VLR);;;;PM_MSCSERVER_NUMBER_OF_VLR_SUBSCRIBERS;;;
WIRELESS;MEX;HUAWEI;CORE;PM;QoS;SGSN;ATTACH_SUCCESS_RATE;ATTACH_SUCCESS_RATE;;Porcentaje de procedimientos de Attach (conexión a la red). en IU-PS que terminan con resultado válido (aceptados o correctamente rechazados);;;;percentage;;2;%;;0 to 100;;;;;;ROUND(IFNULL(((SUM(PM_SGSN_USN_IU_MODE_ATTACH.IU_MOD_GPRS_ATTACH_SUCCESS_TMS)+SUM(PM_SGSN_USN_IU_MODE_ATTACH.IU_MOD_GPRS_ATTACH_REJECT_TMS_ILLEGAL_MS)+SUM(PM_SGSN_USN_IU_MODE_ATTACH.IU_MOD_ATTACH_REJECT_LA_NO_ALLOWED)+SUM(PM_SGSN_USN_IU_MODE_ATTACH.IU_MOD_ATTACH_REJECT_TMS_ILLEGAL_ME)+SUM(PM_SGSN_USN_IU_MODE_ATTACH.IU_MOD_ATTACH_REJECT_GPRS_SERVICE_NO_ALLOWED)+SUM(PM_SGSN_USN_IU_MODE_ATTACH.IU_MOD_GPRS_ATTACH_REJECT_GPRS_NO_ALLOWED_PLMN)+SUM(PM_SGSN_USN_IU_MODE_ATTACH.IU_MOD_GPRS_ATTACH_REJECT_NO_SUITABLE_CELL_LA))/SUM(PM_SGSN_USN_IU_MODE_ATTACH.IU_MOD_GPRS_ATTACH_RQ_TMS))*100,0),2);;;;PM_SGSN_USN_IU_MODE_ATTACH;;;
WIRELESS;MEX;HUAWEI;CORE;PM;QoS;SGSN;AUTHENTICATION_SUCCESS_RATE;AUTHENTICATION_SUCCESS_RATE;;Probabilidad de que un procedimiento de autenticación en IU-PS se complete con éxito. Calcula el porcentaje de éxito en los procedimientos de autenticación para suscriptores con tarjetas SIM (2G) y USIM (3G).;;;;percentage;;2;%;;0 to 100;;;;;;ROUND(IFNULL((SUM(PM_SGSN_USN_IU_MODE_SECURITY.IU_MOD_SIM_AUTH_SUCCESS_TMS)+SUM(PM_SGSN_USN_IU_MODE_SECURITY.IU_MOD_USIM_AUTH_SUCCESS_TMS))/(SUM(PM_SGSN_USN_IU_MODE_SECURITY.IU_MOD_SIM_AUTH_RQ_TMS)+SUM(PM_SGSN_USN_IU_MODE_SECURITY.IU_MOD_USIM_AUTH_RQ_TMS))*100,0),2);;;;PM_SGSN_USN_IU_MODE_SECURITY;;;
WIRELESS;MEX;HUAWEI;CORE;PM;QoS;SGSN;IU_MODE_PACKET_PAGING_SUCCESS_RATE;IU_MODE_PACKET_PAGING_SUCCESS_RATE;;Porcentaje de éxito en paging de datos en UTRAN (IU-PS). Refleja la eficiencia para localizar al abonado inactivo cuando llega tráfico entrante (ej. SMS over SGs, IP session push, CSFB trigger).;;;;percentage;;2;%;;0 to 100;;;;;;ROUND(IFNULL(((SUM(PM_SGSN_USN_IU_MODE_PAGING.IU_MOD_PACKET_PAGING_RQ_TMS)-SUM(PM_SGSN_USN_IU_MODE_PAGING.IU_MOD_PACKET_PAGING_NONE_RESPONSE_TMS))/SUM(PM_SGSN_USN_IU_MODE_PAGING.IU_MOD_PACKET_PAGING_RQ_TMS))*100,0),2);;;;PM_SGSN_USN_IU_MODE_PAGING;;;
WIRELESS;MEX;HUAWEI;CORE;PM;USERS;SGSN;SAU_LTE;SAU_LTE;;Usuarios y licencias. Suma del pico máximo de usuarios simultáneamente conectados (attachados) a la red 4G LTE en cada intervalo de medición. No es un único pico, sino la suma de varios picos. Número máximo de usuarios LTE adjuntos al SGSN (modo S1) en el periodo.;;;;integer;;0;;;;;;;;;SUM(PM_SGSN_USN_S1_MODE_USER_RESOURCE.MAX_ATTACHED_USERS);;;;PM_SGSN_USN_S1_MODE_USER_RESOURCE;;;
WIRELESS;MEX;HUAWEI;CORE;PM;TRAFFIC;SGSN;BEARERS_LTE;BEARERS_LTE;;Suma del número máximo de portadores (bearers) en modo S1 registrados en el nodo USN/SGSN durante el período. En LTE, un bearer es un canal lógico que transporta datos entre el UE y la red.;;;;integer;;0;;;;;;;;;SUM(PM_SGSN_USN_S1_MODE_BEARER_RESOURCE.MAX_BEARER_NUM_S1_MOD);;;;PM_SGSN_USN_S1_MODE_BEARER_RESOURCE;;;
WIRELESS;MEX;HUAWEI;CORE;PM;QoS;SGSN;AUTHENTICATION_SUCCESS_RATE_S1;AUTHENTICATION_SUCCESS_RATE_S1;;Attach y Authentication. Tasa de éxito de autenticación SIM/USIM en S1 Mode (LTE). Porcentaje de éxito en autenticación de suscriptores 4G. KPI crítica de seguridad e integridad de la red;;;;percentage;;2;%;;0 to 100;;;;;;ROUND(IFNULL((SUM(PM_SGSN_USN_S1_MODE_SECURITY.AUTH_SUCCESS_TMS)/SUM(PM_SGSN_USN_S1_MODE_SECURITY.AUTH_RQ_TMS))*100,0),2);;;;PM_SGSN_USN_S1_MODE_SECURITY;;;
WIRELESS;MEX;HUAWEI;CORE;PM;QoS;SGSN;S1_MODE_COMBINED_ATTACH_SUCCESS_RATE;S1_MODE_COMBINED_ATTACH_SUCCESS_RATE;;Attach y Authentication. Tasa de éxito de Attach combinados (EPS y no-EPS);;;;percentage;;2;%;;0 to 100;;;;;;ROUND(IFNULL(((SUM(PM_SGSN_USN_S1_MODE_ATTACH.S1_MOD_COMBINED_ATTACH_SUCCESS_TMS_FOR_EPS_AND_NON_EPS_SERVICES)+SUM(PM_SGSN_USN_S1_MODE_ATTACH.S1_MOD_COMBINED_ATTACH_SUCCESS_TMS_FOR_EPS_SERVICES_AND_SMS_ONLY))/(SUM(PM_SGSN_USN_S1_MODE_ATTACH.S1_MOD_COMBINED_ATTACH_RQ_TMS)-SUM(PM_SGSN_USN_S1_MODE_ATTACH.S1_MOD_COMBINED_ATTACH_FAIL_TMS_14_EPS_SRV_NO_ALLOWED_THIS_PLMN)-SUM(PM_SGSN_USN_S1_MODE_ATTACH.S1_MOD_COMB_ATTCH_FAIL_TMS_15_NO_SUITABLE_CELLS_TRACKING_AREA)))*100,0),2);;;;PM_SGSN_USN_S1_MODE_ATTACH;;;
WIRELESS;MEX;HUAWEI;CORE;PM;QoS;SGSN;PACKET_PAGING_SUCCESS_RATE;PACKET_PAGING_SUCCESS_RATE;;Paging y Service Requests. Éxito de paging de paquetes en S1 Mode. Porcentaje de éxito del Paging en 4G. Mide la capacidad de la red para localizar usuarios inactivos para entregar datos entrantes. Afecta directamente la experiencia del usuario (notificaciones push).;;;;percentage;;2;%;;0 to 100;;;;;;ROUND(IFNULL((SUM(PM_SGSN_USN_S1_MODE_PAGING.PAGING_SUCCESS_TMS)/SUM(PM_SGSN_USN_S1_MODE_PAGING.PAGING_RQ_TMS))*100,0),2);;;;PM_SGSN_USN_S1_MODE_PAGING;;;
WIRELESS;MEX;HUAWEI;CORE;PM;QoS;SGSN;SERVICE_REQUEST_SUCCESS_RATE;SERVICE_REQUEST_SUCCESS_RATE;;Paging y Service Requests. Éxito de Service Requests. Tasa de éxito de Solicitudes de Servicio. Es el procedimiento por el cual un usuario inactivo solicita reactivar su sesión para enviar datos. Una tasa baja indica problemas de acceso radio.;;;;percentage;;2;%;;0 to 100;;;;;;ROUND(IFNULL((SUM(PM_SGSN_USN_S1_MODE_SERVICE_REQUEST.SERVICE_RQ_SUCCESS_TMS)/SUM(PM_SGSN_USN_S1_MODE_SERVICE_REQUEST.SERVICE_RQ_TMS))*100,0),2);;;;PM_SGSN_USN_S1_MODE_SERVICE_REQUEST;;;
WIRELESS;MEX;HUAWEI;CORE;PM;MOBILITY;SGSN;INTRA_MME_X2_HANDOVER_SUCCESS_RATE_SGW_NOT_CHANGE;INTRA_MME_X2_HANDOVER_SUCCESS_RATE_SGW_NOT_CHANGE;;Handover intra-MME. Handover intra-MME vía X2, SGW sin cambio;;;;percentage;;2;%;;0 to 100;;;;;;ROUND(IFNULL((SUM(PM_SGSN_USN_S1_MODE_INTRA_MME_HANDOVER.INTRA_X2_BASED_HO_SUCCESS_TMS_SGW_NO_CHANGE)/SUM(PM_SGSN_USN_S1_MODE_INTRA_MME_HANDOVER.INTRA_X2_BASED_HO_RQ_TMS_SGW_NO_CHANGE))*100,0),2);;;;PM_SGSN_USN_S1_MODE_INTRA_MME_HANDOVER;;;
WIRELESS;MEX;HUAWEI;CORE;PM;MOBILITY;SGSN;INTRA_MME_X2_HANDOVER_SUCCESS_RATE_SGW_CHANGE;INTRA_MME_X2_HANDOVER_SUCCESS_RATE_SGW_CHANGE;;Handover intra-MME. Handover intra-MME vía X2, SGW cambia;;;;percentage;;2;%;;0 to 100;;;;;;ROUND(IFNULL((SUM(PM_SGSN_USN_S1_MODE_INTRA_MME_HANDOVER.INTRA_X2_BASED_HO_SUCCESS_TMS_SGW_CHANGE)/SUM(PM_SGSN_USN_S1_MODE_INTRA_MME_HANDOVER.INTRA_X2_BASED_HO_RQ_TMS_SGW_CHANGE))*100,0),2);;;;PM_SGSN_USN_S1_MODE_INTRA_MME_HANDOVER;;;
WIRELESS;MEX;HUAWEI;CORE;PM;MOBILITY;SGSN;INTRA_MME_S1_HANDOVER_SUCCESS_RATE_SGW_CHANGE;INTRA_MME_S1_HANDOVER_SUCCESS_RATE_SGW_CHANGE;;Handover intra-MME. Handover intra-MME vía S1, SGW cambia;;;;percentage;;2;%;;0 to 100;;;;;;ROUND(IFNULL((SUM(PM_SGSN_USN_S1_MODE_INTRA_MME_HANDOVER.INTRA_S1_BASED_HO_SUCCESS_TMS_SGW_CHANGE)/SUM(PM_SGSN_USN_S1_MODE_INTRA_MME_HANDOVER.INTRA_S1_BASED_HO_RQ_TMS_SGW_CHANGE))*100,0),2);;;;PM_SGSN_USN_S1_MODE_INTRA_MME_HANDOVER;;;
WIRELESS;MEX;HUAWEI;CORE;PM;MOBILITY;SGSN;INTRA_MME_S1_HANDOVER_SUCCESS_RATE_SGW_NOT_CHANGE;INTRA_MME_S1_HANDOVER_SUCCESS_RATE_SGW_NOT_CHANGE;;Handover intra-MME. Handover intra-MME vía S1, SGW sin cambio;;;;percentage;;2;%;;0 to 100;;;;;;ROUND(IFNULL((SUM(PM_SGSN_USN_S1_MODE_INTRA_MME_HANDOVER.INTRA_S1_BASED_HO_SUCCESS_TMS_SGW_NO_CHANGE)/SUM(PM_SGSN_USN_S1_MODE_INTRA_MME_HANDOVER.INTRA_S1_BASED_HO_RQ_TMS_SGW_NO_CHANGE))*100,0),2);;;;PM_SGSN_USN_S1_MODE_INTRA_MME_HANDOVER;;;
WIRELESS;MEX;HUAWEI;CORE;PM;TRAFFIC;SGSN;S1_MODE_EXTENDED_SERVICE_REQUEST_TIMES;S1_MODE_EXTENDED_SERVICE_REQUEST_TIMES;;Paging y Service Requests. Número de Extended Service Requests;;;;integer;;0;;;;;;;;;SUM(PM_SGSN_USN_S1_MODE_SERVICE_REQUEST.S1_MOD_EXTENDED_SERVICE_RQ_TMS);;;;PM_SGSN_USN_S1_MODE_SERVICE_REQUEST;;;
WIRELESS;MEX;HUAWEI;CORE;PM;QoS;SGSN;SGSAP_PAGING_REQUEST_SUCCESS_RATE;SGSAP_PAGING_REQUEST_SUCCESS_RATE;;Porcentaje de éxito en la localización de un usuario 4G cuando la red de circuitos (CS) necesita encontrarlo para entregarle una llamada de voz entrante (CSFB) o un SMS. Eficacia de las peticiones de paging sobre SGs (cuando el móvil recibe la notificación y puede responder). Tasa de éxito de los mensajes SGsAP (SGs Application Protocol) Paging Request enviados desde el MME hacia el SGSN/MSC;;;;percentage;;2;%;;0 to 100;;;;;;ROUND((1-(SUM(PM_SGSN_USN_SGS_INTERFACE.TMS_MME_SENT_SGSAP_PAGING_REJECT_MESSAGES)+SUM(PM_SGSN_USN_SGS_INTERFACE.TMS_MME_SENT_SGSAP_UE_UNREACHABLE_MESSAGES))/(SUM(PM_SGSN_USN_SGS_INTERFACE.TMS_MME_RECEIVED_SGSAP_PAGING_RQ_MESSAGES_FOR_SMS_INDICATOR)+SUM(PM_SGSN_USN_SGS_INTERFACE.TMS_MME_RECEIVED_SGSAP_PAGING_RQ_MESSAGES_FOR_CS_CALL_INDICATOR)))*100,2);;;;PM_SGSN_USN_SGS_INTERFACE;;;
WIRELESS;MEX;HUAWEI;CORE;PM;QoS;SGSN;SGSAP_PAGING_REJECT_RATE;SGSAP_PAGING_REJECT_RATE;;Tasa de rechazo de Paging Requests SGsAP. Un valor alto indica problemas para localizar al UE o fallos de encaminamiento.;;;;percentage;;2;%;;0 to 100;;;;;;ROUND(IFNULL(SUM(PM_SGSN_USN_SGS_INTERFACE.TMS_MME_SENT_SGSAP_PAGING_REJECT_MESSAGES)/(SUM(PM_SGSN_USN_SGS_INTERFACE.TMS_MME_RECEIVED_SGSAP_PAGING_RQ_MESSAGES_FOR_SMS_INDICATOR)+SUM(PM_SGSN_USN_SGS_INTERFACE.TMS_MME_RECEIVED_SGSAP_PAGING_RQ_MESSAGES_FOR_CS_CALL_INDICATOR))*100,0),2);;;;PM_SGSN_USN_SGS_INTERFACE;;;
WIRELESS;MEX;HUAWEI;CORE;PM;QoS;SGSN;SGSAP_LOCATION_UPDATE_SUCCESS_RATE;SGSAP_LOCATION_UPDATE_SUCCESS_RATE;;Tasa de éxito de las Location Update en SGs. Capacidad de registrar al UE correctamente en el dominio CS.;;;;percentage;;2;%;;0 to 100;;;;;;ROUND(IFNULL((SUM(PM_SGSN_USN_SGS_INTERFACE.TMS_MME_RECEIVED_SGSAP_LOC_UPDATE_ACCEPT_MESSAGES)/SUM(PM_SGSN_USN_SGS_INTERFACE.TMS_MME_SENT_SGSAP_LOC_UPDATE_RQ_MESSAGES))*100,0),2);;;;PM_SGSN_USN_SGS_INTERFACE;;;
WIRELESS;MEX;HUAWEI;CORE;PM;QoS;SGSN;INTRA_MME_COMBINED_TAU_SUCCESS_RATE;INTRA_MME_COMBINED_TAU_SUCCESS_RATE;;Tracking Area Update (TAU). Tasa de éxito de TAU intra-MME;;;;percentage;;2;%;;0 to 100;;;;;;ROUND(IFNULL(((SUM(PM_SGSN_USN_S1_MODE_INTRA_MME_TRACKING_AREA_UPDATE.S1_MOD_INTR_COMB_TAU_SUCC_TMS_EPS_AND_NON_EPS_SRV_S_GW_NO_CHANGE)+SUM(PM_SGSN_USN_S1_MODE_INTRA_MME_TRACKING_AREA_UPDATE.S1_MOD_INTRA_COMB_TAU_SUCC_TMS_EPS_AND_NON_EPS_SRV_S_GW_CHANGE))/(SUM(PM_SGSN_USN_S1_MODE_INTRA_MME_TRACKING_AREA_UPDATE.S1_MOD_INTRA_COMBINED_TAU_RQ_TMS_S_GW_NO_CHANGE)+SUM(PM_SGSN_USN_S1_MODE_INTRA_MME_TRACKING_AREA_UPDATE.S1_MOD_INTRA_COMBINED_TAU_RQ_TMS_S_GW_CHANGE)))*100,0),2);;;;PM_SGSN_USN_S1_MODE_INTRA_MME_TRACKING_AREA_UPDATE;;;
WIRELESS;MEX;HUAWEI;CORE;PM;QoS;SGSN;INTER_MME_COMBINED_TAU_SUCCESS_RATE;INTER_MME_COMBINED_TAU_SUCCESS_RATE;;Tracking Area Update (TAU). Tasa de éxito de TAU inter-MME;;;;percentage;;2;%;;0 to 100;;;;;;ROUND(IFNULL(((SUM(PM_SGSN_USN_S1_MODE_INTER_MME_TRACKING_AREA_UPDATE.S1_MOD_INT_MME_COMB_TAU_SUCC_TMS_EPSD_NON_EPS_SRV_S_GW_NO_CHANGE)+SUM(PM_SGSN_USN_S1_MODE_INTER_MME_TRACKING_AREA_UPDATE.S1_MOD_INTER_MME_COMB_TAU_SUCC_TMS_EPSD_NON_EPS_SRV_S_GW_CHANGE))/(SUM(PM_SGSN_USN_S1_MODE_INTER_MME_TRACKING_AREA_UPDATE.S1_MOD_INTER_MME_COMBINED_TAU_RQ_TMS_S_GW_NO_CHANGE)+SUM(PM_SGSN_USN_S1_MODE_INTER_MME_TRACKING_AREA_UPDATE.S1_MOD_INTER_MME_COMBINED_TAU_RQ_TMS_S_GW_CHANGE)))*100,0),2);;;;PM_SGSN_USN_S1_MODE_INTER_MME_TRACKING_AREA_UPDATE;;;
WIRELESS;MEX;HUAWEI;CORE;PM;QoS;SGSN;S1_MODE_EXTENDED_SERVICE_REQUEST_SUCCESS_RATE;S1_MODE_EXTENDED_SERVICE_REQUEST_SUCCESS_RATE;;Paging y Service Requests. Éxito de Extended Service Requests. ;;;;percentage;;2;%;;0 to 100;;;;;;ROUND(SUM(PM_SGSN_USN_S1_MODE_SERVICE_REQUEST.S1_MOD_EXTENDED_SERVICE_SUCCESS_TMS)/SUM(PM_SGSN_USN_S1_MODE_SERVICE_REQUEST.S1_MOD_EXTENDED_SERVICE_RQ_TMS)*100,2);;;;PM_SGSN_USN_S1_MODE_SERVICE_REQUEST;;;
WIRELESS;MEX;HUAWEI;CORE;PM;USERS;MSC;VLR_SUBSCRIBERS;VLR_SUBSCRIBERS;;Porcentaje de uso de la licencia de suscriptores VLR. Uso: Evaluar si el número de usuarios registrados se acerca al límite licenciado. Crítico para evitar bloqueos o rechazos de registro;;;;percentage;;2;%;;0 to 100;;;;;;ROUND(IFNULL(SUM(PM_MSCSERVER_NUMBER_OF_VLR_SUBSCRIBERS.PEAK_NUM_VLR_SUBSS)/SUM(PM_MSCSERVER_LICENSE.VLR_SUBSCRIBERS_LICENSE)*100,0),2);;;;PM_MSCSERVER_LICENSE,PM_MSCSERVER_NUMBER_OF_VLR_SUBSCRIBERS;;;
WIRELESS;MEX;HUAWEI;CORE;PM;USERS;SGSN;4G_SUBSCRIBERS_LICENSE_USAGE;4G_SUBSCRIBERS_LICENSE_USAGE;;Usuarios y licencias. Porcentaje de utilización de la licencia de capacidad para suscriptores 4G. Compara el pico de uso real con el límite máximo permitido por la licencia de software. Valores >85% indican necesidad de expansión.;;;;percentage;;2;%;;0 to 100;;;;;;ROUND(IFNULL(SUM(PM_SGSN_USN_S1_MODE_USER_RESOURCE.MAX_ATTACHED_USERS)/SUM(PM_SGSN_LICENSE.MAXIMUM_NUM_4G_SUBSCRIBERS_PER_SUB)*100,0),2);;;;PM_SGSN_USN_S1_MODE_USER_RESOURCE,PM_SGSN_LICENSE;;;
WIRELESS;MEX;HUAWEI;CORE;PM;TRAFFIC;SGSN;4G_BEARERS_LICENSE_USAGE;4G_BEARERS_LICENSE_USAGE;;Usuarios y licencias. Porcentaje de utilización de la licencia de portadoras (bearers) 4G.;;;;percentage;;2;%;;0 to 100;;;;;;ROUND(IFNULL(SUM(PM_SGSN_USN_S1_MODE_USER_RESOURCE.S1_MOD_MAX_BEARER_NUM)/SUM(PM_SGSN_LICENSE.MAXIMUN_NUM_4G_BEARER_NUMBER_PER_BEARER)*100,0),2);;;;PM_SGSN_USN_S1_MODE_USER_RESOURCE,PM_SGSN_LICENSE;;;
WIRELESS;MEX;HUAWEI;CORE;PM;USERS;SGSN;SW_SAU_3G;SW_SAU_3G;;Capacidad licenciada máxima de usuarios 3G que el SGSN puede gestionar en paralelo. Esta fórmula no miden tráfico ni rendimiento, sino límites contractuales y técnicos. ;;;;integer;;0;;;;;;;;;SUM(PM_SGSN_LICENSE.MAXIMUM_NUM_3G_SUBSCRIBERS_PER_SUB);;;;PM_SGSN_LICENSE;;;
WIRELESS;MEX;HUAWEI;CORE;PM;USERS;SGSN;SW_SAU_LTE;SW_SAU_LTE;;Capacidad licenciada máxima de usuarios LTE soportada en el dominio del SGSN. Esta fórmula no miden tráfico ni rendimiento, sino límites contractuales y técnicos. ;;;;integer;;0;;;;;;;;;SUM(PM_SGSN_LICENSE.MAXIMUM_NUM_4G_SUBSCRIBERS_PER_SUB);;;;PM_SGSN_LICENSE;;;
WIRELESS;MEX;HUAWEI;CORE;PM;MOBILITY;SGSN;4G_TO_3G_INTER_RAT_BY_RAU_SUCCESS_RATE_OUTGOING;4G_TO_3G_INTER_RAT_BY_RAU_SUCCESS_RATE_OUTGOING;;Tasa de éxito de los Routing Area Updates (RAU) al salir de LTE hacia 3G/2G (outgoing inter-RAT mobility en el dominio de PS).;;;;percentage;;2;%;;0 to 100;;;;;;ROUND(IFNULL(SUM(PM_SGSN_USN_INTERCONNECTION_OF_LTE_WITH_UTRAN_AND_GERAN.INTER_RAT_INTER_CN_OUTGOING_LTE_BY_RAU_SUCCESS_TMS)/SUM(PM_SGSN_USN_INTERCONNECTION_OF_LTE_WITH_UTRAN_AND_GERAN.INTER_RAT_INTER_CN_OUTGOING_LTE_BY_RAU_RQ_TMS)*100,0),2);;;;PM_SGSN_USN_INTERCONNECTION_OF_LTE_WITH_UTRAN_AND_GERAN;;;
WIRELESS;MEX;HUAWEI;CORE;PM;AVAILABILITY;MGW BOARD;MAX_OCCUPIED_RATE_CPU;MAX_OCCUPIED_RATE_CPU;;Máximo porcentaje de ocupación de CPU registrado en el MGW durante el periodo de medición;;;;percentage;;2;%;;0 to 100;;;;;;MAX(PM_MGW_CPU_OCCUPATION_RATE_STATISTICS.MAX_OCCUPIED_RT_CPU);;;;PM_MGW_CPU_OCCUPATION_RATE_STATISTICS;;;
WIRELESS;MEX;HUAWEI;CORE;PM;TRAFFIC;GMSC DESTCODE;CALL_ATTEMPT_TIMES;CALL_ATTEMPT_TIMES;;Número total de intentos de llamada realizados;;;;integer;;0;;;;;;;;;SUM(PM_MSCSERVER_DESTINATION_CODE_TRAFFIC.DESTCODE_CALL_ATTEMPT_TMS);;;;PM_MSCSERVER_DESTINATION_CODE_TRAFFIC;;;
WIRELESS;MEX;HUAWEI;CORE;PM;TRAFFIC;GMSC DESTCODE;INTERWORKING_TIMES;INTERWORKING_TIMES;;Contabiliza los casos en los que se produce interworking entre redes o tecnologías distintas;;;;integer;;0;;;;;;;;;SUM(PM_MSCSERVER_DESTINATION_CODE_TRAFFIC.DESTCODE_INTERWORKING_TMS);;;;PM_MSCSERVER_DESTINATION_CODE_TRAFFIC;;;
WIRELESS;MEX;HUAWEI;CORE;PM;AVAILABILITY;GMSC DESTCODE;PEER_OFFICE_CONGESTION_TIMES;PEER_OFFICE_CONGESTION_TIMES;;Registra las ocasiones en que la central de destino (peer office) estaba congestionada.;;;;integer;;0;;;;;;;;;SUM(PM_MSCSERVER_DESTINATION_CODE_TRAFFIC.DESTCODE_PEER_OFFICE_CONG_TMS);;;;PM_MSCSERVER_DESTINATION_CODE_TRAFFIC;;;
WIRELESS;MEX;HUAWEI;CORE;PM;QoS;GMSC DESTCODE;PAGING_NO_RESPONSE_TIMES;PAGING_NO_RESPONSE_TIMES;;Cuenta los casos en los que se lanzó un PAGING (búsqueda del abonado llamado) y no hubo respuesta.;;;;integer;;0;;;;;;;;;SUM(PM_MSCSERVER_DESTINATION_CODE_TRAFFIC.DESTCODE_PAGING_NO_RESPONSE_TMS);;;;PM_MSCSERVER_DESTINATION_CODE_TRAFFIC;;;
WIRELESS;MEX;CISCO;CORE;PM;TRAFFIC;ASR;LTE_DL_UL_USER_TRAFFIC_GB;LTE_DL_UL_USER_TRAFFIC_GB;;Volumen total de tráfico de usuario LTE (DL + UL) cursado a través del Core en el periodo de medición (ROP). Mide la carga total de datos que maneja la red para LTE. Es crucial para la planificación de capacidad (saber cuándo ampliar la red) y el análisis de negocio (entender el crecimiento del consumo de datos).;;;;float;;2;GB;;;;;;;;IF(SUM(IFNULL(PM_SYSTEMSCH78.SESS_TXBYTES_LTE_DIFF,0)+IFNULL(PM_SYSTEMSCH78.SESS_RXBYTES_LTE_DIFF,0))/1073741824>1,ROUND(SUM(IFNULL(PM_SYSTEMSCH78.SESS_TXBYTES_LTE_DIFF,0)+IFNULL(PM_SYSTEMSCH78.SESS_RXBYTES_LTE_DIFF,0))/1073741824,2),IF(SUM(IFNULL(PM_SYSTEMSCH78.SESS_TXBYTES_LTE_DIFF,0)+IFNULL(PM_SYSTEMSCH78.SESS_RXBYTES_LTE_DIFF,0))/1073741824<0.0001,ROUND(SUM(IFNULL(PM_SYSTEMSCH78.SESS_TXBYTES_LTE_DIFF,0)+IFNULL(PM_SYSTEMSCH78.SESS_RXBYTES_LTE_DIFF,0))/1073741824,6),ROUND(SUM(IFNULL(PM_SYSTEMSCH78.SESS_TXBYTES_LTE_DIFF,0)+IFNULL(PM_SYSTEMSCH78.SESS_RXBYTES_LTE_DIFF,0))/1073741824,4)));;;;PM_SYSTEMSCH78;;;
WIRELESS;MEX;CISCO;CORE;PM;QoS;ASR;PDP_CONTEXT_ACTIVATION_SUCCESS_RATE;PDP_CONTEXT_ACTIVATION_SUCCESS_RATE;;"Tasa de éxito en la activación de contextos PDP (relevante para GPRS/UMTS, plano de control). Indica con qué eficiencia los usuarios de 2G/3G pueden conectarse a la red de datos. Una tasa baja significa que los usuarios tienen problemas para ""conseguir IP"" (acceder a Internet), lo que genera insatisfacción. Es un KPI muy antiguo pero vital para redes legacy (red heredada, se refiere al 2G/3G).";;;;percentage;;2;%;;0 to 100;;;;;;ROUND(SUM(IFNULL(PM_GTPCSCH2.CPC_ACCEPT_DIFF,0))/SUM(IFNULL(PM_GTPCSCH2.CPC_TOTAL_DIFF,0))*100,2);;;;PM_GTPCSCH2;;;
WIRELESS;MEX;ORACLE;CORE;PM;AVAILABILITY;LINK;LINK_AVAILABLE_RATE;LINK_AVAILABLE_RATE;;Porcentaje de tiempo que un enlace (link) de comunicación estuvo disponible y operativo durante el período de medición. Es un KPI fundamental de disponibilidad y salud de la conectividad.;;;;percentage;;2;%;;0 to 100;;;;;;ROUND(AVG(PM_COMP_LINK.LNKAVAIL)/1800*100,1);;;;PM_COMP_LINK;;;
WIRELESS;MEX;CISCO;CORE;PM;TRAFFIC;ASR MAX;UMTS_ALL_ASRs_DEVICES_TOTAL_THROUGHPUT_(Gbs)_;UMTS_ALL_ASRs_DEVICES_TOTAL_THROUGHPUT_(Gbs)_;;Throughput agregado de todos los ASR (Aggregation Services Routers) que manejan tráfico UMTS. Uso: capacidad de red consumida en el CORE para sesiones UMTS (3G).;;;;float;;2;Gbps;;;;;;;;ROUND(SUM(PM_VIEW_SYSTEMSCH78.UMTS_ALL_ASRS_DEVICES_TOTAL_THROUGHPUT_GBS),4);;;;PM_VIEW_SYSTEMSCH78;;;
WIRELESS;MEX;CISCO;CORE;PM;QoS;ASR;S_PGW_CREATE_BEARER_CTXT_SUCC_RATIO;S_PGW_CREATE_BEARER_CTXT_SUCC_RATIO;;Tasa de éxito en la creación de bearer por defecto en PGW (clave para establecer la sesión de datos). KPI clave de calidad en la interfaz entre el EPC y el PGW, directamente relacionado con el establecimiento de sesiones de usuario.;;;;percentage;;2;%;;0 to 100;;;;;;ROUND((SUM(IFNULL(PM_SAEGWSCH52.PGW_SESSSTAT_BEARSET_DEF_DIFF,0))/(SUM(IFNULL(PM_SAEGWSCH53.PGW_SESSSTAT_BEARREJ_DEF_DIFF,0))+SUM(IFNULL(PM_SAEGWSCH52.PGW_SESSSTAT_BEARSET_DEF_DIFF,0))))*100,2);;;;PM_SAEGWSCH53,PM_SAEGWSCH52;;;
WIRELESS;MEX;CISCO;CORE;PM;QoS;ASR;S11_S4_INCOMING_CREATE_DEF_BEARER_SUCC_RATE;S11_S4_INCOMING_CREATE_DEF_BEARER_SUCC_RATE;;Tasa de éxito en la creación de bearer por defecto en SGW (interfaz S11/S4, plano de control). KPI fundamental para evaluar la estabilidad y eficiencia del procedimiento de attach y creación de sesiones de usuario.;;;;percentage;;2;%;;0 to 100;;;;;;ROUND((SUM(IFNULL(PM_SAEGWSCH6.SGW_SESSSTAT_PDNSETUPTYPE_IPV4_DIFF,0))-SUM(IFNULL(PM_SAEGWSCH7.SGW_SESSSTAT_PDNREJ_IPV4_DIFF,0)))/SUM(IFNULL(PM_SAEGWSCH6.SGW_SESSSTAT_PDNSETUPTYPE_IPV4_DIFF,0))*100,2);;;;PM_SAEGWSCH7,PM_SAEGWSCH6;;;
WIRELESS;MEX;ORACLE;CORE;PM;AVAILABILITY;DRA;CPU_AVG_MAX;CPU_AVG_MAX;;Mide el promedio máximo de uso de CPU, indicador de carga y disponibilidad.;;;;float;;2;;;;;;;;;ROUND(MAX(PM_DA_MP_PERFORMANCE.MPCPUAVG_MAX),3);;;;PM_DA_MP_PERFORMANCE;;;
WIRELESS;MEX;ORACLE;CORE;PM;AVAILABILITY;DRA;CPU_PEAK_MAX;CPU_PEAK_MAX;;Mide el pico máximo de uso de CPU, útil para evaluar riesgos de saturación.;;;;float;;2;;;;;;;;;ROUND(MAX(PM_DA_MP_PERFORMANCE.MPCPUPEAK),3);;;;PM_DA_MP_PERFORMANCE;;;
WIRELESS;MEX;ORACLE;CORE;PM;AVAILABILITY;DRA;TIMES_MP_CONGESTED_AVG;TIMES_MP_CONGESTED_AVG;;Mide el promedio de veces que el módulo de procesamiento (MP) estuvo congestionado. Indica la disponibilidad operativa del sistema.;;;;float;;2;;;;;;;;;ROUND(AVG(PM_DA_MP_EXCEPTION.MPEVRXEXCEPTION_AVG),3);;;;PM_DA_MP_EXCEPTION;;;
WIRELESS;MEX;ORACLE;CORE;PM;AVAILABILITY;DRA;TIMES_MP_CONGESTED_MAX;TIMES_MP_CONGESTED_MAX;;Mide el máximo número de veces que el MP estuvo congestionado. Refleja el peor caso de indisponibilidad por sobrecarga.;;;;integer;;0;;;;;;;;;ROUND(MAX(PM_DA_MP_EXCEPTION.MPEVRXEXCEPTION),3);;;;PM_DA_MP_EXCEPTION;;;
WIRELESS;MEX;ORACLE;CORE;PM;TRAFFIC;DRA;TOPOLOGY_TX_PATH_MP;TOPOLOGY_TX_PATH_MP;;"Número total de mensajes Diameter que fueron procesados y enrutados aplicando la funcionalidad de ""Topology Hiding"". Es una métrica de volumen de tráfico de un servicio de seguridad y optimización específico.";;;;integer;;0;;;;;;;;;ROUND(SUM(PM_TOPOLOGY_HIDING_PERFORMANCE.TXPATHTOPOLOGYMP),0);;;;PM_TOPOLOGY_HIDING_PERFORMANCE;;;
WIRELESS;MEX;ORACLE;CORE;PM;TRAFFIC;DRA INDEX;TX_ANSWER_LOCAL_NODE;TX_ANSWER_LOCAL_NODE;;Número total de respuestas Diameter generadas localmente por el propio nodo DRA (cuando no necesita enrutar hacia otro destino, sino que responde directamente). El DRA es un elemento crítico en las redes 4G y 5G que actúa como un intermediario inteligente para el tráfico de señalización Diameter. En el núcleo de red móvil (CORE), el tráfico Diameter no se refiere a tráfico de usuario (voz/datos), sino a tráfico de señalización.;;;;integer;;0;;;;;;;;;SUM(PM_DIAMETER_INGRESS_TRANSACTION_PERFORMANCE.TXANSWERLOCALNODE);;;;PM_DIAMETER_INGRESS_TRANSACTION_PERFORMANCE;;;
WIRELESS;MEX;ORACLE;CORE;PM;QoS;DRA INDEX;TX_ANSWER_FAILURE;TX_ANSWER_FAILURE;;Cantidad de respuestas Diameter que resultaron en fallo (códigos de error 3xxx/5xxx/6xxx en Diameter).;;;;integer;;0;;;;;;;;;SUM(PM_DIAMETER_INGRESS_TRANSACTION_PERFORMANCE.TXANSWERFAILURE);;;;PM_DIAMETER_INGRESS_TRANSACTION_PERFORMANCE;;;
WIRELESS;MEX;ORACLE;CORE;PM;TRAFFIC;DRA INDEX;TX_ANSWER_OTHER;TX_ANSWER_OTHER;;Respuestas Diameter de tipo “otros” → ni éxito local, ni fallo, ni estándar (puede incluir mensajes no categorizados, rechazos administrativos, timeouts convertidos a mensajes Diameter, etc.). El DRA actuó como un mero proxy o relay para esta respuesta.;;;;integer;;0;;;;;;;;;SUM(PM_DIAMETER_INGRESS_TRANSACTION_PERFORMANCE.TXANSWEROTHER);;;;PM_DIAMETER_INGRESS_TRANSACTION_PERFORMANCE;;;
WIRELESS;MEX;ORACLE;CORE;PM;AVAILABILITY;DRA INDEX;EVENTS_TX_EXCEPTION;EVENTS_TX_EXCEPTION;;Número de excepciones o errores de transmisión en conexiones TCP/SCTP asociadas a Diameter. Uso: Detección de problemas en el plano de transporte (fallos de socket, resets de conexión, timeouts).;;;;integer;;0;;;;;;;;;SUM(PM_CONNECTION_EXCEPTION.EVTXEXCEPTION);;;;PM_CONNECTION_EXCEPTION;;;
WIRELESS;MEX;ORACLE;CORE;PM;QoS;DRA INDEX;TX_BUFFER_AVERAGE;TX_BUFFER_AVERAGE;;Valor máximo observado del tamaño promedio del buffer de transmisión (Tx) TCP/SCTP durante el periodo de medición (memoria donde se almacenan temporalmente los paquetes esperando a ser enviados por la interfaz de red).;;;;float;;2;;;;;;;;;ROUND(MAX(PM_CONNECTION_TRANSPORT.TXBUFAVG),2);;;;PM_CONNECTION_TRANSPORT;;;
WIRELESS;MEX;ORACLE;CORE;PM;QoS;DRA INDEX;TX_BUFFER_PEAK;TX_BUFFER_PEAK;;Valor máximo del pico de ocupación del buffer de transmisión (Tx). Uso: Indica posibles cuellos de botella o saturación en la cola de transmisión.;;;;float;;2;;;;;;;;;ROUND(MAX(PM_CONNECTION_TRANSPORT.TXBUFPEAK),2);;;;PM_CONNECTION_TRANSPORT;;;
WIRELESS;MEX;ORACLE;CORE;PM;TRAFFIC;DRA INDEX;TX_SCTP_CHUNK;TX_SCTP_CHUNK;;"	Cantidad de chunks SCTP transmitidos en conexiones de transporte. Un chunk es un bloque de información dentro de un paquete SCTP.";;;;integer;;0;;;;;;;;;SUM(PM_CONNECTION_TRANSPORT.TXSCTPCHUNK);;;;PM_CONNECTION_TRANSPORT;;;
WIRELESS;MEX;ORACLE;CORE;PM;QoS;DRA INDEX;TX_TCP_RETRANSMISSIONS;TX_TCP_RETRANSMISSIONS;;Número total de segmentos TCP retransmitidos (SCTP en algunos casos, pero el contador se basa en capa TCP/IP).;;;;integer;;0;;;;;;;;;SUM(PM_CONNECTION_TRANSPORT.TXTCPRTXSEG);;;;PM_CONNECTION_TRANSPORT;;;
WIRELESS;MEX;HPCR;CORE;PM;QoS;CHSS;TOTAL_SUCCESS_RATE;TOTAL_SUCCESS_RATE;;Tasa de éxito de operaciones en el HSS (Home Subscriber Server) vía interfaz Diameter. ;;;;percentage;;2;%;;0 to 100;;;;;;ROUND(SUM(PM_HS.AIR_SUCCESS+PM_HS.CLR_SUCCESS+PM_HS.ULR_SUCCESS+PM_HS.NOR_SUCCESS+PM_HS.PUR_SUCCESS+PM_HS.IDR_SUCCESS)/SUM(PM_HS.AIR_INVK+PM_HS.CLR_INVK+PM_HS.ULR_INVK+PM_HS.NOR_INVK+PM_HS.PUR_INVK+PM_HS.IDR_INVK)*100,2);;;;PM_HS;;;
WIRELESS;MEX;HUAWEI;CORE;PM;AVAILABILITY;MSC CPU USAGE;CPU_USAGE_RATE;CPU_USAGE_RATE;;Tasa de uso de CPU del MSC en el pico de carga (tráfico de llamadas concurrentes).;;;;percentage;;2;%;;0 to 100;;;;;;ROUND(MAX(PM_MSCSERVER_CPU_USAGE.PEAK_SEIZURE_RT),2);;;;PM_MSCSERVER_CPU_USAGE;;;
WIRELESS;MEX;HUAWEI;CORE;PM;QoS;MSC OFFICE DIR;TOTAL_CALL_SETUP_TIME_(s);TOTAL_CALL_SETUP_TIME_(s);;Tiempo total acumulado (en segundos) que ha tomado establecer todas las llamadas de voz CS (entrantes y salientes) procesadas por el MSC en un periodo determinado.;;;;float;;2;seconds;;;;;;;;ROUND(SUM(PM_MSCSERVER_INCOMING_TRAFFIC_IN_TRUNK_OFFICE_DIRECTIONS.CALL_SETUP_TIME+PM_MSCSERVER_OUTGOING_TRAFFIC_IN_TRUNK_OFFICE_DIRECTIONS.CALL_SETUP_TIME),2);;;;PM_MSCSERVER_INCOMING_TRAFFIC_IN_TRUNK_OFFICE_DIRECTIONS,PM_MSCSERVER_OUTGOING_TRAFFIC_IN_TRUNK_OFFICE_DIRECTIONS;;;
WIRELESS;MEX;HUAWEI;CORE;PM;TRAFFIC;CG MODULE GROUP;MAX_BEARER_4G;MAX_BEARER_4G;;Representa la capacidad máxima licenciada de bearers 4G gestionables en el Charging Gateway (CG) en el CORE de Huawei. Es decir, cuántos bearers simultáneos de LTE/EPC puede manejar el sistema en base a la licencia adquirida/instalada.;;;;integer;;0;;;;;;;;;SUM(PM_CG_LICENSE.MAX_BEARER_PER_BEARER_4G)*1000;;;;PM_CG_LICENSE;;;
WIRELESS;MEX;HUAWEI;RAN_3G;PM;QoS;URNC;AGPS_ATTEMPS;AGPS_ATTEMPS;Intentos aGPS;Number of the positioning attempt of the different location method (AGPS=Assisted Global Positioning System) for RNC;;;;integer;;0;;;;;;;;no;SUM(PM_LCS_RNC.VS_LCS_AGPS_ATT);;;;PM_LCS_RNC;;;
WIRELESS;MEX;HUAWEI;RAN_3G;PM;QoS;URNC;AGPS_SUCCESS;AGPS_SUCCESS;Exitos aGPS;Number of the successful positioning of the different location method (AGPS=Assisted Global Positioning System) for RNC;;;;integer;;0;;;;;;;;no;SUM(PM_LCS_RNC.VS_LCS_AGPS_SUCC);;;;PM_LCS_RNC;;;
WIRELESS;MEX;ORACLE;CORE;PM;AVAILABILITY;DRA INDEX;RX_CONNECTION_CONGESTION;RX_CONNECTION_CONGESTION;;conexiones rechazadas por congestión en la interfaz Rx;;;;integer;;0;;;;;;;;;IFNULL(SUM(PM_CONNECTION_CONGESTION.RXREJECTEDCONNCONGESTION),0);;;;PM_CONNECTION_CONGESTION;;;
WIRELESS;MEX;CISCO;CORE;PM;AVAILABILITY;ASR IPPOOL;IP_POOL_USAGE_RATE;IP_POOL_USAGE_RATE;;Indica el porcentaje de direcciones IP utilizadas respecto al total disponible. Refleja la disponibilidad de recursos de red para nuevos usuarios o sesiones.;;;;percentage;;2;%;;0 to 100;;;;;;ROUND(SUM(PM_IPPOOL_GROUPSCH1.USED)/(SUM(PM_IPPOOL_GROUPSCH1.FREE+PM_IPPOOL_GROUPSCH1.USED))*100,2);;;;PM_IPPOOL_GROUPSCH1;;;
WIRELESS;MEX;ERICSSON;CORE;PM;QoS;SGSN MME;MME_AUTHENTICATION_SUCCESS_RATE;MME_AUTHENTICATION_SUCCESS_RATE;;Porcentaje de autenticaciones de usuarios LTE en el MME que fueron exitosas sobre el total de intentos de autenticación con el HSS.;;;;percentage;;2;%;;0 to 100;;;;;;ROUND(SUM(PM_SGSNMME.VS_SEC_AUTHINFOHSSSUCC)/SUM(PM_SGSNMME.VS_SEC_AUTHINFOHSSATT)*100,2);;;;PM_SGSNMME;;;
WIRELESS;MEX;ERICSSON;CORE;PM;QoS;SGSN MME;S1_MODE_INTRA-MME_COMBINE_ TAU_SUCCESS_RATE;S1_MODE_INTRA-MME_COMBINE_ TAU_SUCCESS_RATE;;Porcentaje de TAU intra-MME exitosos sobre el total de intentos. Este KPI mide la capacidad del MME para gestionar actualizaciones de área de rastreo (TAU) cuando el usuario se mueve dentro de la misma MME.;;;;percentage;;2;%;;0 to 100;;;;;;ROUND((SUM(PM_MMEFUNCTION.VS_MM_TAUINTRASUCC_E)/SUM(PM_MMEFUNCTION.VS_MM_TAUINTRAATT_E))*100,2);;;;PM_MMEFUNCTION;;;
WIRELESS;MEX;ERICSSON;CORE;PM;QoS;SGSN MME;S1_MODE_INTER-MME_COMBINED_TAU_SUCCESS_RATE;S1_MODE_INTER-MME_COMBINED_TAU_SUCCESS_RATE;;Tasa de éxito de los procedimientos combinados de TAU (Tracking Area Update) inter-MME en modo S1. Combinado significa que el TAU se realiza junto con otro procedimiento (por ejemplo, Attach o Service Request).;;;;percentage;;2;%;;0 to 100;;;;;;ROUND((SUM(PM_MMEFUNCTION.VS_MM_TAUINTERSUCC_E)/SUM(PM_MMEFUNCTION.VS_MM_TAUINTERATT_E))*100,2);;;;PM_MMEFUNCTION;;;
WIRELESS;MEX;ERICSSON;CORE;PM;QoS;SGSN MME;S1_MODE_PACKET_PAGING_SUCCES_ RATE;S1_MODE_PACKET_PAGING_SUCCES_ RATE;;Tasa de éxito del procedimiento de Packet Paging en LTE a través de la interfaz S1. Packet Paging es el proceso mediante el cual la red localiza a un UE en estado idle para entregarle datos entrantes.;;;;percentage;;2;%;;0 to 100;;;;;;ROUND((SUM(PM_MMEFUNCTION.VS_MM_SUCCPSPAGING_E)/SUM(PM_MMEFUNCTION.VS_MM_ATTPSPAGING_E))*100,2);;;;PM_MMEFUNCTION;;;
WIRELESS;MEX;ERICSSON;CORE;PM;QoS;SGSN MME;S1_MODE_SERVICE_REQUEST_SUCCESS_RATE;S1_MODE_SERVICE_REQUEST_SUCCESS_RATE;;Porcentaje de Service Requests LTE exitosos sobre el total de intentos en interfaz S1.;;;;percentage;;2;%;;0 to 100;;;;;;ROUND(((SUM(PM_MMEFUNCTION.VS_MM_ATTSERVICEREQUEST_E-PM_MMEFUNCTION.VS_MM_UNSUCCSERVICEREQ_E))/SUM(PM_MMEFUNCTION.VS_MM_ATTSERVICEREQUEST_E))*100/2);;;;PM_MMEFUNCTION;;;
WIRELESS;MEX;ERICSSON;CORE;PM;MOBILITY;SGSN MME;S1_MODE_INTRA_MME_X2_HANDOVER_SUCCESS_RATE;S1_MODE_INTRA_MME_X2_HANDOVER_SUCCESS_RATE;;Tasa de éxito de handovers X2 intra-MME en LTE, es decir, traspasos entre eNodeBs que permanecen bajo el mismo MME utilizando la interfaz X2. Indica la eficiencia del procedimiento de handover X2 intra-MME. Un valor bajo puede señalar problemas en la interfaz X2, congestión o errores de configuración.;;;;percentage;;2;%;;0 to 100;;;;;;ROUND(((SUM(PM_MMEFUNCTION.VS_HO_X2SUCC_E+PM_MMEFUNCTION.VS_HO_X2FAILRR_E+PM_MMEFUNCTION.VS_HO_X2FAILRS_E))/SUM(PM_MMEFUNCTION.VS_HO_X2ATT_E))*100,2);;;;PM_MMEFUNCTION;;;
WIRELESS;MEX;ERICSSON;CORE;PM;MOBILITY;SGSN MME;S1_MODE_INTRA-MME_SI_HANDOVER_SUCCESS_RATE;S1_MODE_INTRA-MME_SI_HANDOVER_SUCCESS_RATE;;Tasa de éxito de handovers intra-MME en modo S1 con Single Interaction (SI), es decir, traspasos entre celdas LTE que permanecen dentro del mismo MME. Indica la eficiencia del procedimiento de handover intra-MME en LTE. Un valor bajo puede indicar problemas de señalización S1, congestión o errores en la configuración de handover.;;;;percentage;;2;%;;0 to 100;;;;;;ROUND(((SUM(PM_MMEFUNCTION.VS_HHO_SUCCINTRAMME+PM_MMEFUNCTION.VS_HO_INTRAMMEFAILRR_E+PM_MMEFUNCTION.VS_HO_INTRAMMEFAILRS_E))/SUM(PM_MMEFUNCTION.VS_HHO_ATTINTRAMME))*100,2);;;;PM_MMEFUNCTION;;;
WIRELESS;MEX;ERICSSON;CORE;PM;QoS;SGSN MME;SGsAP_LOCATION_UPDATE_SUCCESS_RATE;SGsAP_LOCATION_UPDATE_SUCCESS_RATE;;Tasa de éxito de los procedimientos de Location Update realizados a través de la interfaz SGs (SGsAP) entre el MME y el MSC/VLR para servicios CSFB (Circuit Switched Fallback) en redes LTE. SGs es la interfaz que permite la interoperabilidad entre LTE (EPC) y la red CS (2G/3G) para llamadas de voz.;;;;percentage;;2;%;;0 to 100;;;;;;ROUND((SUM(PM_MMEFUNCTION.VS_MM_LOCATIONUPDATESUCC_E)/SUM(PM_MMEFUNCTION.VS_MM_LOCATIONUPDATEATT_E))*100,2);;;;PM_MMEFUNCTION;;;
WIRELESS;MEX;ERICSSON;CORE;PM;QoS;SGSN MME;IU_MODE_PACKET_PAGING_SUCCESS_RATE;IU_MODE_PACKET_PAGING_SUCCESS_RATE;;Tasa de éxito del procedimiento de Packet Paging en redes 3G (UMTS) a través de la interfaz Iu. Indica la eficiencia del procedimiento de paginación en redes 3G. Un valor bajo puede reflejar problemas de señalización Iu, congestión en el SGSN o fallos en la comunicación con el RNC.;;;;percentage;;2;%;;0 to 100;;;;;;ROUND((1-SUM(PM_SGSNFUNCTION.UNSUCCPACKETSWITCHINGPAGINGUMTS)/SUM(PM_SGSNFUNCTION.ATTPACKETSWITCHINGPAGINGUMTS))*100,2);;;;PM_SGSNFUNCTION;;;
WIRELESS;MEX;ERICSSON;CORE;PM;QoS;SGSN MME;SGSN_AUTHENTICATION_SUCCESS_RATE;SGSN_AUTHENTICATION_SUCCESS_RATE;;Tasa de éxito de los procedimientos de autenticación realizados por el SGSN con el HLR en redes 2G/3G (Core).;;;;percentage;;2;%;;0 to 100;;;;;;ROUND((SUM(PM_SGSNFUNCTION.SEC_SUCCREQAUTHSETSSENTTOHLRBYSGSN)/SUM(PM_SGSNFUNCTION.SEC_ATTREQAUTHSETSSENTTOHLRBYSGSN))*100,2);;;;PM_SGSNFUNCTION;;;
WIRELESS;MEX;ERICSSON;CORE;PM;QoS;SGSN MME;3G_ACTIVATION_SUCCESS_RATE_NON_NETWORK_CAUSE;3G_ACTIVATION_SUCCESS_RATE_NON_NETWORK_CAUSE;;Porcentaje de activaciones de contexto PDP (Packet Data Protocol)  (3G) que se completan exitosamente excluyendo fallos atribuibles a la red. Incluye únicamente los fallos por causas externas (usuario, terminal, SIM, comportamiento UE).;;;;percentage;;2;%;;0 to 100;;;;;;ROUND((SUM(PM_SGSNFUNCTION.SM_ATTACTPDPCONTEXT_U+PM_SGSNFUNCTION.SM_ATTACTSECONDPDPCONTEXT_U-PM_SGSNFUNCTION.SM_SUCCACTPDPCONTEXT_U-PM_SGSNFUNCTION.SM_SUCCACTSECONDPDPCONTEXT_U-PM_SGSNFUNCTION.SM_UNSUCCACTPDPCONTEXTCC27_28_U-PM_SGSNFUNCTION.SM_UNSUCCACTPDPCONTEXTCC29_U-PM_SGSNFUNCTION.SM_UNSUCCACTPDPCONTEXTCC32_33_U-PM_SGSNFUNCTION.SM_UNSUCCACTPDPCONTEXTCC8_U-PM_SGSNFUNCTION.SM_UNSUCCACTPDPCONTEXTCC65_U-PM_SGSNFUNCTION.SM_ATTACTPDPCONTEXTUSCDISCARDED_U-PM_SGSNFUNCTION.VS_SM_ACTPDPCONTEXTUSCREJECTED_U-PM_SGSNFUNCTION.SM_ACTPDPCONTEXTREDIRECTREJECTEDBYIMEITAC_U-PM_SGSNFUNCTION.VS_SM_ACTPDPCONTEXTUSCDETACHED_U)/SUM(PM_SGSNFUNCTION.SM_ATTACTPDPCONTEXT_U-PM_SGSNFUNCTION.SM_ATTACTSECONDPDPCONTEXT_U-PM_SGSNFUNCTION.SM_ATTACTPDPCONTEXTUSCDISCARDED_U-PM_SGSNFUNCTION.VS_SM_ACTPDPCONTEXTUSCREJECTED_U-PM_SGSNFUNCTION.VS_SM_ACTPDPCONTEXTUSCDETACHED_U))*100,2);;;;PM_SGSNFUNCTION;;;
WIRELESS;MEX;ERICSSON;CORE;PM;QoS;SGSN MME;3G_ATTACH_SUCCESS_RATE_NON_NETWORK_CAUSE;3G_ATTACH_SUCCESS_RATE_NON_NETWORK_CAUSE;;Porcentaje de procedimientos de attach en 3G/PS Core completados exitosamente, excluyendo fallos atribuibles a la red. Incluye únicamente los fallos originados por el usuario, terminal, SIM o condiciones externas.;;;;percentage;;2;%;;0 to 100;;;;;;ROUND((SUM(PM_SGSNFUNCTION.UNSUCCGPRSATTACHUMTS-PM_SGSNFUNCTION.MM_UNSUCCATTACHCC7_U-PM_SGSNFUNCTION.MM_UNSUCCATTACHCC8_U-PM_SGSNFUNCTION.MM_UNSUCCATTACHCC11_U-PM_SGSNFUNCTION.MM_UNSUCCATTACHCC13_U-PM_SGSNFUNCTION.MM_UNSUCCATTACHCC14_U-PM_SGSNFUNCTION.MM_UNSUCCATTACHCC15_U-PM_SGSNFUNCTION.MM_UNSUCCATTACHCSPSCOORD_U))/SUM(PM_SGSNFUNCTION.ATTGPRSATTACHUMTS)*100,2);;;;PM_SGSNFUNCTION;;;
WIRELESS;MEX;ERICSSON;CORE;PM;TRAFFIC;SGSN MME;BEARERS_LTE;BEARERS_LTE;;"Valor máximo de portadores (bearers) en modo S1 registrados en el nodo USN/SGSN durante el período. Un ""bearer"" (portadora) es un túnel de transporte que lleva el tráfico de usuario con una Calidad de Servicio (QoS) específica. Es el recurso fundamental para la conectividad de datos.";;;;integer;;0;;;;;;;;;MAX(PM_MMEFUNCTION.VS_SM_NBRACTBEARER_E);;;;PM_MMEFUNCTION;;;
WIRELESS;MEX;F5CR;CORE;PM;AVAILABILITY;LOAD BALANCER;CPU_EPDG_UTILIZATION_0;CPU_EPDG_UTILIZATION_0;;Utilización máxima de CPU en cada núcleo lógico (0, 1, 2 y 3) del servidor BIG-IP de F5 que implementa el ePDG (Evolved Packet Data Gateway), en este caso concreto CPU 0. El ePDG es clave para conexiones Wi-Fi Calling (VoWiFi) y túneles IPsec de usuarios hacia la red EPC/5GC. El ePDG es un componente clave en las redes 4G (LTE) y 5G que proporciona acceso seguro a servicios de núcleo (EPC/5GC) para dispositivos que se conectan a través de redes Wi-Fi no confiables (por ejemplo, el Wi-Fi de un café, un aeropuerto o un centro comercial). Mirando la utilización 0, 1, 2 y 3 podemos detectar bottlenecks si un núcleo está saturado mientras otros están libres.;;;;float;;2;;;;;;;;;MAX(PM_BIGIP.load_cpu_0);;;;PM_BIGIP;;;
WIRELESS;MEX;F5CR;CORE;PM;AVAILABILITY;LOAD BALANCER;CPU_EPDG_UTILIZATION_1;CPU_EPDG_UTILIZATION_1;;Utilización máxima de CPU en cada núcleo lógico (0, 1, 2 y 3) del servidor BIG-IP de F5 que implementa el ePDG (Evolved Packet Data Gateway), en este caso concreto CPU 1. ;;;;float;;2;;;;;;;;;MAX(PM_BIGIP.load_cpu_1);;;;PM_BIGIP;;;
WIRELESS;MEX;F5CR;CORE;PM;AVAILABILITY;LOAD BALANCER;CPU_EPDG_UTILIZATION_2;CPU_EPDG_UTILIZATION_2;;Utilización máxima de CPU en cada núcleo lógico (0, 1, 2 y 3) del servidor BIG-IP de F5 que implementa el ePDG (Evolved Packet Data Gateway), en este caso concreto CPU 2. ;;;;float;;2;;;;;;;;;MAX(PM_BIGIP.load_cpu_2);;;;PM_BIGIP;;;
WIRELESS;MEX;F5CR;CORE;PM;AVAILABILITY;LOAD BALANCER;CPU_EPDG_UTILIZATION_3;CPU_EPDG_UTILIZATION_3;;Utilización máxima de CPU en cada núcleo lógico (0, 1, 2 y 3) del servidor BIG-IP de F5 que implementa el ePDG (Evolved Packet Data Gateway), en este caso concreto CPU 3. ;;;;float;;2;;;;;;;;;MAX(PM_BIGIP.load_cpu_3);;;;PM_BIGIP;;;
WIRELESS;MEX;HUAWEI;CORE;PM;USERS;SGSN;DATA_SUBSCRIBERS_UMTS;DATA_SUBSCRIBERS_UMTS;;Número máximo simultáneo de abonados adjuntos al SGSN vía interfaz IU-PS (UMTS).;;;;integer;;0;MB;;;;;;;;MAX(PM_SGSN_USN_IU_MODE_RADIO_RESOURCE.IU_MOD_MAX_ATTACHED_USERS);;;;PM_SGSN_USN_IU_MODE_RADIO_RESOURCE;;;
WIRELESS;MEX;HUAWEI;CORE;PM;USERS;SGSN;DATA_SUBSCRIBERS_LTE;DATA_SUBSCRIBERS_LTE;;Usuarios y licencias. Máximo de usuarios LTE activos;;;;integer;;0;MB;;;;;;;;MAX(PM_SGSN_USN_S1_MODE_USER_RESOURCE.MAX_ATTACHED_USERS);;;;PM_SGSN_USN_S1_MODE_USER_RESOURCE;;;
WIRELESS;MEX;HUAWEI;CORE;PM;USERS;SGSN;DATA_SUBSCRIBERS;DATA_SUBSCRIBERS;;Usuarios y licencias. Total usuarios PS en SGSN (LTE + 3G IU Mode);;;;integer;;0;MB;;;;;;;;MAX(PM_SGSN_USN_S1_MODE_USER_RESOURCE.MAX_ATTACHED_USERS+PM_SGSN_USN_IU_MODE_RADIO_RESOURCE.IU_MOD_MAX_ATTACHED_USERS);;;;PM_SGSN_USN_S1_MODE_USER_RESOURCE,PM_SGSN_USN_IU_MODE_RADIO_RESOURCE;;;
WIRELESS;MEX;HUAWEI;CORE;PM;MOBILITY;SGSN;4G_INTER_TAU_FAILURE(CONGESTION);4G_INTER_TAU_FAILURE(CONGESTION);;4G Inter-RAT / Inter-MME (fallos y congestión). Mide fallos por congestión en TAU inter-MME / S1 HO;;;;percentage;;2;%;;0 to 100;;;;;;((SUM(PM_SGSN_USN_S1_MODE_INTER_MME_HANDOVER.INTER_S1_BASED_HO_SUCCESS_TMS_SGW_NO_CHANGE)+SUM(PM_SGSN_USN_S1_MODE_INTER_MME_HANDOVER.INTER_S1_BASED_HO_SUCCESS_TMS_SGW_CHANGE))/(SUM(PM_SGSN_USN_S1_MODE_INTER_MME_HANDOVER.INTER_S1_BASED_HO_RQ_TMS_SGW_NO_CHANGE)+SUM(PM_SGSN_USN_S1_MODE_INTER_MME_HANDOVER.INTER_S1_BASED_HO_RQ_TMS_SGW_CHANGE)));;;;PM_SGSN_USN_S1_MODE_INTER_MME_HANDOVER;;;
WIRELESS;MEX;NOKIA;CORE;PM;QoS;CSCF;SCSCF_CALL_FAILURE_RATE;SCSCF_CALL_FAILURE_RATE;;Percentage of failed session setup among early session setup calls;;;;percentage;;2;%;;0 to 100;;;;;;ROUND(100*SUM(PM_SCSCF.EARLYSESSSETUPATTCTR-PM_SCSCF.SIPSESSSETUPSUCCCNTR)/SUM(PM_SCSCF.EARLYSESSSETUPATTCTR),2);;;;PM_SCSCF;;;
WIRELESS;MEX;NOKIA;CORE;PM;QoS;CSCF;SCSCF_INITIAL_REGISTRATION_SUCC_RATE;SCSCF_INITIAL_REGISTRATION_SUCC_RATE;;Initial Registration procedure success ratio on the measured S-CSCF;;;;percentage;;2;%;;0 to 100;;;;;;ROUND(100*SUM(PM_SCSCF.INITREGSUCCSUMCTR)/SUM(PM_SCSCF.INITREGFAILSUMCTR+PM_SCSCF.INITREGSUCCSUMCTR),2);;;;PM_SCSCF;;;
WIRELESS;MEX;NOKIA;CORE;PM;TRAFFIC;NTAS PODNAME;MAX_TX_RATE;MAX_TX_RATE;;Tasa máxima de transmisión de datos (Tx) observada en el nodo durante el periodo de medición. Permite detectar picos de carga de tráfico saliente (TX) en interfaces de red del CORE.;;;;integer;;0;;;;;;;;;SUM(PM_NETUT.NETWORK_TX_RATE_MAX);;;;PM_NETUT;;;
WIRELESS;MEX;NOKIA;CORE;PM;QoS;NTAS PODNAME;TX_ERRORS;TX_ERRORS;;Número total de errores en la transmisión de paquetes desde el nodo. Indica posibles problemas en el enlace de salida, congestión, fallos físicos o errores de configuración de red.;;;;integer;;0;;;;;;;;;SUM(PM_NETUT.NETWORK_TX_ERRORS);;;;PM_NETUT;;;
WIRELESS;MEX;NOKIA;CORE;PM;QoS;NTAS PODNAME;MAX_TX_ERROR_RATE;MAX_TX_ERROR_RATE;;Valor máximo del ratio de errores de transmisión durante el periodo. Permite identificar momentos críticos de degradación en la calidad del enlace de salida.;;;;integer;;0;;;;;;;;;SUM(PM_NETUT.NETWORK_TX_ERRORS_RATE_MAX);;;;PM_NETUT;;;
WIRELESS;MEX;NOKIA;CORE;PM;TRAFFIC;NTAS PODNAME;MAX_RX_RATE;MAX_RX_RATE;;Tasa máxima de recepción de datos (Rx) observada en el nodo durante el periodo. Detecta picos de carga de tráfico entrante en interfaces de red del CORE.;;;;integer;;0;;;;;;;;;SUM(PM_NETUT.NETWORK_RX_RATE_MAX);;;;PM_NETUT;;;
WIRELESS;MEX;NOKIA;CORE;PM;QoS;NTAS PODNAME;MAX_RX_ERROR_RATE;MAX_RX_ERROR_RATE;;Valor máximo del ratio de errores de recepción durante el periodo de medición. Permite identificar problemas críticos de enlace o congestión en la recepción de datos.;;;;integer;;0;;;;;;;;;MAX(PM_NETUT.NETWORK_RX_ERRORS_RATE_MAX);;;;PM_NETUT;;;
WIRELESS;MEX;NOKIA;CORE;PM;USERS;NTAS COMPONENT;REG_VOLTE;REG_VOLTE;;"Número total de intentos de registro de usuarios VoLTE. Contador de solicitudes de registro SIP (Session Initiation Protocol) recibidas por el TAS. KPI de actividad de señalización; indica la demanda de registro de VoLTE en el CORE.";;;;integer;;0;;;;;;;;no;SUM(PM_STASSIP.VS_REGISTRATIONVOLTE);;;;PM_STASSIP;;;
WIRELESS;MEX;NOKIA;CORE;PM;USERS;NTAS COMPONENT;REG_OK_VOLTE;REG_OK_VOLTE;;Número total de registros VoLTE exitosos.;;;;integer;;0;;;;;;;;no;SUM(PM_STASSIP.VS_REGISTRATIONOKVOLTE);;;;PM_STASSIP;;;
WIRELESS;MEX;NOKIA;CORE;PM;QoS;NTAS COMPONENT;REG_FAIL_VOLTE;REG_FAIL_VOLTE;;Número total de registros VoLTE fallidos.;;;;integer;;0;;;;;;;;no;SUM(PM_STASSIP.VS_REGISTRATIONFAILUREVOLTE);;;;PM_STASSIP;;;
WIRELESS;MEX;NOKIA;CORE;PM;USERS;NTAS COMPONENT;DEREG_VOLTE;DEREG_VOLTE;;Número total de intentos de desregistro de usuarios VoLTE. Indica actividad de cierre de sesión o desconexión de VoLTE. Ocurre cuando el usuario apaga el teléfono, sale de cobertura, o se cambia a una red 2G/3G que no soporta VoLTE. El servicio se da de baja.;;;;integer;;0;;;;;;;;no;SUM(PM_STASSIP.VS_DEREGISTRATIONVOLTE);;;;PM_STASSIP;;;
WIRELESS;MEX;NOKIA;CORE;PM;USERS;NTAS COMPONENT;DEREG_OK_VOLTE;DEREG_OK_VOLTE;;Número total de desregistros exitosos de VoLTE.;;;;integer;;0;;;;;;;;no;SUM(PM_STASSIP.VS_DEREGISTRATIONOKVOLTE);;;;PM_STASSIP;;;
WIRELESS;MEX;NOKIA;CORE;PM;TRAFFIC;ISBC COMP;REG_ATTEMPTS;REG_ATTEMPTS;;Número de intentos de registro SIP inicializados en el P-CSCF (Proxy-Call Session Control Function). Se refiere a los intentos de los UEs de registrarse en IMS (IP Multimedia Subsystem) para servicios como VoLTE o VoWiFi.;;;;integer;;0;;;;;;;;;SUM(PM_M44.PCSCFINITSIPREGREC);;;;PM_M44;;;
WIRELESS;MEX;NOKIA;CORE;PM;TRAFFIC;ISBC COMP;ORIG_ATTEMPTS;ORIG_ATTEMPTS;;Misma fórmula del entity ISBC y el entity ISBC COMP para NOKIA CORE;;;;integer;;0;;;;;;;;;SUM(PM_M43.PCSCFUEORIGSIPINVREC);;;;PM_M43;;;
WIRELESS;MEX;NOKIA;CORE;PM;TRAFFIC;ISBC COMP;TERM_ATTEMPTS;TERM_ATTEMPTS;;Misma fórmula del entity ISBC y el entity ISBC COMP para NOKIA CORE;;;;integer;;0;;;;;;;;;SUM(PM_M43.PCSCFUETERMSIPINVREC);;;;PM_M43;;;
WIRELESS;MEX;NOKIA;CORE;PM;AVAILABILITY;NTAS PODNAME;MAX_CPU_RATE_USAGE;MAX_CPU_RATE_USAGE;;Utilización máxima de CPU del nodo durante el periodo de medición. Permite evaluar carga de procesamiento y detectar sobrecarga en los nodos CORE.;;;;percentage;;;%;;0 to 100;;;;;;MAX(PM_CPUUT.CPU_USAGE_RATE_MAX);;;;PM_CPUUT;;;
WIRELESS;MEX;CISCO;CORE;PM;TRAFFIC;ASR;S1U_CONSUMO;S1U_CONSUMO;;Mide el consumo total de datos en GB a través de S1-U (DL + UL) durante el periodo de medición (ROP). La interfaz S1-U conecta el eNodeB/gNodeB con el SGW/UPF, y transporta el tráfico de usuario (user plane).;;;;float;;2;GB;;;;;;;no;IF((SUM(IFNULL(PM_SAEGWSCH20.SGW_S1U_DL_BYTES_DIFF,0))+SUM(IFNULL(PM_SAEGWSCH20.SGW_S1U_UL_BYTES_DIFF,0)))/1073741824>1,ROUND((SUM(IFNULL(PM_SAEGWSCH20.SGW_S1U_DL_BYTES_DIFF,0))+SUM(IFNULL(PM_SAEGWSCH20.SGW_S1U_UL_BYTES_DIFF,0)))/1073741824,2),IF((SUM(IFNULL(PM_SAEGWSCH20.SGW_S1U_DL_BYTES_DIFF,0))+SUM(IFNULL(PM_SAEGWSCH20.SGW_S1U_UL_BYTES_DIFF,0)))/1073741824<0.0001,ROUND((SUM(IFNULL(PM_SAEGWSCH20.SGW_S1U_DL_BYTES_DIFF,0))+SUM(IFNULL(PM_SAEGWSCH20.SGW_S1U_UL_BYTES_DIFF,0)))/1073741824,6),ROUND((SUM(IFNULL(PM_SAEGWSCH20.SGW_S1U_DL_BYTES_DIFF,0))+SUM(IFNULL(PM_SAEGWSCH20.SGW_S1U_UL_BYTES_DIFF,0)))/1073741824,4)));;;;PM_SAEGWSCH20;;;
WIRELESS;MEX;CISCO;CORE;PM;TRAFFIC;ASR;S1U_THROUGHPUT_(Gbs);S1U_THROUGHPUT_(Gbs);;Mide el throughput total (Gbps) máximo observado en S1-U (DL+UL).;;;;float;;2;Gbs;;;;;;;no;IF((8*SUM(IFNULL(PM_SAEGWSCH20.SGW_S1U_DL_BYTES_DIFF_MAX,0)+IFNULL(PM_SAEGWSCH20.SGW_S1U_UL_BYTES_DIFF_MAX,0))/(SUM(IFNULL(PM_SAEGWSCH20.UPTIME_DIFF_MAX,0))*1000000000))>1,ROUND(8*SUM(IFNULL(PM_SAEGWSCH20.SGW_S1U_DL_BYTES_DIFF_MAX,0)+IFNULL(PM_SAEGWSCH20.SGW_S1U_UL_BYTES_DIFF_MAX,0))/(SUM(IFNULL(PM_SAEGWSCH20.UPTIME_DIFF_MAX,0))*1000000000),2),IF((8*SUM(IFNULL(PM_SAEGWSCH20.SGW_S1U_DL_BYTES_DIFF_MAX,0)+IFNULL(PM_SAEGWSCH20.SGW_S1U_UL_BYTES_DIFF_MAX,0))/(SUM(IFNULL(PM_SAEGWSCH20.UPTIME_DIFF_MAX,0))*1000000000))<0.0001,ROUND((8*SUM(IFNULL(PM_SAEGWSCH20.SGW_S1U_DL_BYTES_DIFF_MAX,0)+IFNULL(PM_SAEGWSCH20.SGW_S1U_UL_BYTES_DIFF_MAX,0)))/(SUM(IFNULL(PM_SAEGWSCH20.UPTIME_DIFF_MAX,0))*1000000000),6),ROUND(8*SUM(IFNULL(PM_SAEGWSCH20.SGW_S1U_DL_BYTES_DIFF_MAX,0)+IFNULL(PM_SAEGWSCH20.SGW_S1U_UL_BYTES_DIFF_MAX,0))/(SUM(IFNULL(PM_SAEGWSCH20.UPTIME_DIFF_MAX,0))*1000000000),4)));;;;PM_SAEGWSCH20;;;
WIRELESS;MEX;CISCO;CORE;PM;TRAFFIC;ASR;S1U_DL_THROUGHPUT_(Gbs);S1U_DL_THROUGHPUT_(Gbs);;Mide el throughput máximo de bajada (Gbps) en S1-U. Es común que el throughput de descarga (DL) sea mucho mayor que el de subida (UL) en redes móviles.;;;;float;;2;Gbs;;;;;;;no;IF(8*SUM(IFNULL(PM_SAEGWSCH20.SGW_S1U_DL_BYTES_DIFF_MAX,0))/(SUM(IFNULL(PM_SAEGWSCH20.UPTIME_DIFF_MAX,0))*1000000000)>1,ROUND(8*SUM(IFNULL(PM_SAEGWSCH20.SGW_S1U_DL_BYTES_DIFF_MAX,0))/(SUM(IFNULL(PM_SAEGWSCH20.UPTIME_DIFF_MAX,0))*1000000000),2),IF(8*SUM(IFNULL(PM_SAEGWSCH20.SGW_S1U_DL_BYTES_DIFF_MAX,0))/(SUM(IFNULL(PM_SAEGWSCH20.UPTIME_DIFF_MAX,0))*1000000000)<0.0001,ROUND(8*SUM(IFNULL(PM_SAEGWSCH20.SGW_S1U_DL_BYTES_DIFF_MAX,0))/(SUM(IFNULL(PM_SAEGWSCH20.UPTIME_DIFF_MAX,0))*1000000000),6),ROUND(8*SUM(IFNULL(PM_SAEGWSCH20.SGW_S1U_DL_BYTES_DIFF_MAX,0))/(SUM(IFNULL(PM_SAEGWSCH20.UPTIME_DIFF_MAX,0))*1000000000),4)));;;;PM_SAEGWSCH20;;;
WIRELESS;MEX;CISCO;CORE;PM;TRAFFIC;ASR;S1U_UL_THROUGHPUT_(Gbs);S1U_UL_THROUGHPUT_(Gbs);;Mide el throughput máximo de subida (Gbps) en S1-U.;;;;float;;2;Gbs;;;;;;;no;IF(8*SUM(IFNULL(PM_SAEGWSCH20.SGW_S1U_UL_BYTES_DIFF_MAX,0))/(SUM(IFNULL(PM_SAEGWSCH20.UPTIME_DIFF_MAX,0))*1000000000)>1,ROUND(8*SUM(IFNULL(PM_SAEGWSCH20.SGW_S1U_UL_BYTES_DIFF_MAX,0))/(SUM(IFNULL(PM_SAEGWSCH20.UPTIME_DIFF_MAX,0))*1000000000),2),IF(8*SUM(IFNULL(PM_SAEGWSCH20.SGW_S1U_UL_BYTES_DIFF_MAX,0))/(SUM(IFNULL(PM_SAEGWSCH20.UPTIME_DIFF_MAX,0))*1000000000)<0.0001,ROUND(8*SUM(IFNULL(PM_SAEGWSCH20.SGW_S1U_UL_BYTES_DIFF_MAX,0))/(SUM(IFNULL(PM_SAEGWSCH20.UPTIME_DIFF_MAX,0))*1000000000),6),ROUND(8*SUM(IFNULL(PM_SAEGWSCH20.SGW_S1U_UL_BYTES_DIFF_MAX,0))/(SUM(IFNULL(PM_SAEGWSCH20.UPTIME_DIFF_MAX,0))*1000000000),4)));;;;PM_SAEGWSCH20;;;
WIRELESS;MEX;CISCO;CORE;PM;AVAILABILITY;PCRF CPU;CPU_USED;CPU_USED;;Porcentaje de CPU utilizada en los nodos de red CORE Cisco. Calcula el tiempo no idle (ocupado) frente al total de ciclos CPU (idle + system + user + interrupciones + softirq). Uso: KPI de salud de plataforma CORE (control de sobrecargas).;;;;percentage;;2;%;;0 to 100;;;;;;ROUND(IFNULL(100*(1-(SUM(IFNULL(PM_CPU.IDLE,0))/SUM(IFNULL(PM_CPU.IDLE,0)+IFNULL(PM_CPU.INTERRUPT,0)+IFNULL(PM_CPU.NICE,0)+IFNULL(PM_CPU.SOFTIRQ,0)+IFNULL(PM_CPU.SYSTEM+PM_CPU.USER,0)))),0),2);;;;PM_CPU;;;
WIRELESS;MEX;CISCO;CORE;PM;TRAFFIC;PCRF;TOTAL_SESSIONS_PCRF;TOTAL_SESSIONS_PCRF;;Carga total de sesiones que gestiona el PCRF en un momento dado. Total agregado de sesiones de PCRF en todas las interfaces relevantes (Gx, Rx, Sy) sumando los dos conjuntos (SET1 + SET2). El PCFR es un componente crítico en el núcleo de red 4G (EPC) y 5G, que se encarga de la gestión de políticas y tarificación.;;;;integer;;0;;;;;;;;yes;TOTAL_SESSIONS_PCRF_SET1 + TOTAL_SESSIONS_PCRF_SET2;;;;PM_SESSION_TYPE;;;
WIRELESS;MEX;CISCO;CORE;PM;TRAFFIC;PCRF;TOTAL_SESSIONS_PCRF_SET1;TOTAL_SESSIONS_PCRF_SET1;;Número total de sesiones gestionadas por el PCRF en el grupo SET1 (un subconjunto de tráfico o partición de medición), diferenciadas por tipo de interfaz. Gx (TGPP): interfaz entre PCRF y P-GW para control de políticas. Rx (TGPP): interfaz entre PCRF y AF (Application Function). Sy (V11): interfaz PCRF–OCS para control de crédito en tiempo real.;;;;integer;;0;;;;;;;;no;SUM(IFNULL(PM_SESSION_TYPE.SET_1_SESSION_TYPE_GX_TGPP,0)+IFNULL(PM_SESSION_TYPE.SET_1_SESSION_TYPE_RX_TGPP,0)+IFNULL(PM_SESSION_TYPE.SET_1_SESSION_TYPE_SY_V11,0));;;;PM_SESSION_TYPE;;;
WIRELESS;MEX;CISCO;CORE;PM;TRAFFIC;PCRF;TOTAL_SESSIONS_PCRF_SET2;TOTAL_SESSIONS_PCRF_SET2;;Número total de sesiones gestionadas por el PCRF en el grupo SET2. Balanceo de Carga y Alta Disponibilidad. Complementa a SET1 para tener una visión comparativa.;;;;integer;;0;;;;;;;;no;SUM(IFNULL(PM_SESSION_TYPE.SET_2_SESSION_TYPE_GX_TGPP,0)+IFNULL(PM_SESSION_TYPE.SET_2_SESSION_TYPE_RX_TGPP,0)+IFNULL(PM_SESSION_TYPE.SET_2_SESSION_TYPE_SY_V11,0));;;;PM_SESSION_TYPE;;;
WIRELESS;MEX;CISCO;CORE;PM;QoS;PCRF SESSION OPERATION;RX_SUCCESS_RATE;RX_SUCCESS_RATE;;Tasa de éxito en la interfaz Rx (entre PCRF y AF – Application Function). Uso: mide la fiabilidad de las solicitudes de control de políticas desde aplicaciones (VoLTE, IMS, servicios OTT).;;;;percentage;;2;%;;0 to 100;;;;;;ROUND(100*IFNULL(SUM(IF(PM_SESSION_OPERATION_COUNTER.OPERATION='Rx_AAA_2001',PM_SESSION_OPERATION_COUNTER.QNS_COUNT_DIFF,0))/SUM(IF(PM_SESSION_OPERATION_COUNTER.OPERATION='Rx_AAR',PM_SESSION_OPERATION_COUNTER.QNS_COUNT_DIFF,0)),0),2);;;;PM_SESSION_OPERATION_COUNTER;;;
WIRELESS;MEX;HPCR;CORE;PM;TRAFFIC;HSS;MAX_TX_MSG_SEC;MAX_TX_MSG_SEC;;Máximo número de mensajes transmitidos por segundo desde el HSS (Home Subscriber Server).;;;;integer;;0;;;;;;;;;MAX(PM_LN_V.TRAN_MSG_PER_SEC);;;;PM_LN_V;;;
WIRELESS;MEX;HPCR;CORE;PM;QoS;HSS;DISCARD_TX_MSG;DISCARD_TX_MSG;;Número de mensajes de señalización descartados (no enviados) en transmisión. Puede deberse a errores de protocolo, buffer overflow, congestión o reglas de firewall interno.;;;;integer;;0;;;;;;;;;SUM(PM_LN_V.DISCARD_TX_MESSAGES);;;;PM_LN_V;;;
WIRELESS;MEX;HPCR;CORE;PM;TRAFFIC;HSS;TOTAL_INVOKES_HSS;TOTAL_INVOKES_HSS;;Volumen total de invocaciones/mensajes recibidos por el HSS en distintas interfaces y servicios.;;;;integer;;0;;;;;;;;;SUM(IFNULL(PM_HS.AIR_INVK,0)+IFNULL(PM_HS.ULR_INVK,0)+IFNULL(PM_HS.NOR_INVK,0)+IFNULL(PM_HS.PUR_INVK,0)+IFNULL(PM_HS.CLR_INVK,0)+IFNULL(PM_HS.IDR_INVK,0)+IFNULL(PM_HS.AAR_INVK,0)+IFNULL(PM_HS.STR_INVK,0)+IFNULL(PM_IM.MAR_INVK,0)+IFNULL(PM_IM.RTR_INVK,0)+IFNULL(PM_IM.UAR_INVK,0)+IFNULL(PM_IM.LIR_INVK,0)+IFNULL(PM_IM.SAR_INVK,0)+IFNULL(PM_IM.PNR_INVK,0)+IFNULL(PM_IM.PUR_INVK,0)+IFNULL(PM_IM.SNR_INVK,0)+IFNULL(PM_IM.UDR_INVK,0)+IFNULL(PM_IM.RIR_INVK,0)+IFNULL(PM_IM.DER_INVK,0)+IFNULL(PM_IM.STR_INVK,0)+IFNULL(PM_IM.EAP_INVK,0)+IFNULL(PM_GS.ALERTSC_INVK,0)+IFNULL(PM_GS.CANLOC_INVK,0)+IFNULL(PM_GS.DELETE_SUBS_INVK,0)+IFNULL(PM_GS.GPRS_CAN_LOC_INVK,0)+IFNULL(PM_GS.GPRS_DELETE_SUBS_INVK,0)+IFNULL(PM_GS.GPRS_INSERT_SUBS_INVK,0)+IFNULL(PM_GS.INSERT_SUBS_INVK,0)+IFNULL(PM_GS.PRVDROAMNUM_INVK,0)+IFNULL(PM_GS.PSI_INVK,0)+IFNULL(PM_GS.PURGEMS_INVK,0)+IFNULL(PM_GS.RDY4SM_INVK,0)+IFNULL(PM_GS.RPTSMDLVRY_INVK,0)+IFNULL(PM_GS.SAI_INVK,0)+IFNULL(PM_GS.SRI4SM_INVK,0)+IFNULL(PM_GS.SRI_INVK,0)+IFNULL(PM_GS.UPDTGPRSLOC_INVK,0)+IFNULL(PM_GS.UPDTLOC_INVK,0));;;;PM_HS,PM_IM,PM_GS;;;
WIRELESS;MEX;HPCR;CORE;PM;USERS;HSS;ACT_LTE_SUBS;ACT_LTE_SUBS;;Número total de suscriptores activos en LTE/EPS (Evolved Packet System). Un suscriptor activo es uno que está registrado en la red (has done an attach) y puede realizar/hacer operaciones.;;;;integer;;0;;;;;;;;;SUM(PM_SUBSCRIBERS.ACTIVE_EPS_SUBSCRIBERS);;;;PM_SUBSCRIBERS;;;
WIRELESS;MEX;NOKIA;CORE;PM;QoS;NTAS COMPONENT;DEREG_FAIL_VOLTE;DEREG_FAIL_VOLTE;;Número total de desregistros fallidos de VoLTE.;;;;integer;;0;;;;;;;;no;SUM(PM_STASSIP.VS_DEREGISTRATIONFAILUREVOLTE);;;;PM_STASSIP;;;
WIRELESS;MEX;NOKIA;CORE;PM;TRAFFIC;SCSCF;NUMBER_OF_SUCC_MO_CALLS;NUMBER_OF_SUCC_MO_CALLS;;"	S-CSCF (Serving Call Session Control Function), Número total de llamadas originadas exitosamente (Mobile Originated)";;;;integer;;0;;;;;;;;;SUM(PM_SCSCF.SUCCSESSIONORIG);;;;PM_SCSCF;;;
WIRELESS;MEX;NOKIA;CORE;PM;TRAFFIC;SCSCF;NUMBER_OF_SUCC_MT_CALLS;NUMBER_OF_SUCC_MT_CALLS;;S-CSCF (Serving Call Session Control Function), Número total de llamadas terminadas exitosamente (Mobile Terminated).;;;;integer;;0;;;;;;;;;SUM(PM_SCSCF.SUCCSESSIONTERM);;;;PM_SCSCF;;;
WIRELESS;MEX;NOKIA;CORE;PM;USERS;CSCF;CURRFULLYREGUSERSCNTR;CURRFULLYREGUSERSCNTR;;Cantidad de usuarios completamente registrados en el sistema.;;;;integer;;0;;;;;;;;;SUM(PM_SCSCF.CURRFULLYREGUSERSCNTR);;;;PM_SCSCF;;;
WIRELESS;MEX;NOKIA;CORE;PM;USERS;CSCF;CURRSEMIREGUSERSCNTR;CURRSEMIREGUSERSCNTR;;Cantidad de usuarios parcialmente registrados en el sistema. El usuario esta parcialmente registrado cuando ha enviado una solicitud de registro, pero falta completar alguna validación.;;;;integer;;0;;;;;;;;;SUM(PM_SCSCF.CURRSEMIREGUSERSCNTR);;;;PM_SCSCF;;;
WIRELESS;MEX;NOKIA;CORE;PM;USERS;CSCF;TORALREG_USER;TORALREG_USER;;Cantidad total de usuarios registrados (completos + parciales).;;;;integer;;0;;;;;;;;;SUM(PM_SCSCF.CURRFULLYREGUSERSCNTR+PM_SCSCF.CURRSEMIREGUSERSCNTR);;;;PM_SCSCF;;;
WIRELESS;MEX;NOKIA;CORE;PM;TRAFFIC;NTAS;ORIG_ATT;ORIG_ATT;;Número de intentos de sesión originadas en la red, llamadas o sesiones iniciadas por el usuario (por ejemplo, VoLTE, IMS).;;;;integer;;0;;;;;;;;;SUM(PM_STASTM.VS_ATTSESSIONORIG);;;;PM_STASTM;;;
WIRELESS;MEX;NOKIA;CORE;PM;TRAFFIC;NTAS;TERM_ATT;TERM_ATT;;Número de intentos de sesión terminadas en la red, llamadas o sesiones recibidas por el usuario.;;;;integer;;0;;;;;;;;;SUM(PM_STASTM.VS_ATTSESSIONTERM);;;;PM_STASTM;;;
WIRELESS;MEX;NOKIA;CORE;PM;USERS;NTAS;REG_WIFI;REG_WIFI;;Número de registros de usuario en Wi-Fi (IMS/Wi-Fi Calling). Representa cuántos usuarios se han registrado correctamente en la red Wi-Fi para servicios IMS (VoWiFi). Mide la adopción de servicios Wi-Fi en la red.;;;;integer;;0;;;;;;;;;SUM(PM_STASSIP.VS_REGISTRATIONWIFI);;;;PM_STASSIP;;;
WIRELESS;MEX;ERICSSON;CORE;PM;USERS;MME;ACTUAL_SAUS_LTE;ACTUAL_SAUS_LTE;;Número máximo de suscriptores LTE (EPS) en estado attach (activos) simultáneamente en el periodo de medición (SAUs – Subscribers Attached Users).;;;;integer;;0;;;;;;;;;MAX(PM_MMEFUNCTION.VS_MM_NBRACTATTACHEDSUB_E);;;;PM_MMEFUNCTION;;;
WIRELESS;MEX;HUAWEI;CORE;PM;TRAFFIC;MSC;AGGREGATE_IN_TRAFFIC_ERL;AGGREGATE_IN_TRAFFIC_ERL;;Tráfico total entrante al MSC, medido en Erlangs.;;;;float;;2;erlangs;;;;;;;;ROUND(SUM(PM_MSCSERVER_LICENSE_RESOURCE_TRAFFIC.AGGREGATE_IN_TRAFF),2);;;;PM_MSCSERVER_LICENSE_RESOURCE_TRAFFIC;;;
WIRELESS;MEX;HUAWEI;CORE;PM;TRAFFIC;MSC;AGGREGATE_TRAFFIC_ERL;AGGREGATE_TRAFFIC_ERL;;Tráfico total (entrante + saliente) manejado por el MSC.;;;;float;;2;erlangs;;;;;;;;ROUND(SUM(PM_MSCSERVER_LICENSE_RESOURCE_TRAFFIC.AGGREGATE_TRAFF),2);;;;PM_MSCSERVER_LICENSE_RESOURCE_TRAFFIC;;;
WIRELESS;MEX;CISCO;CORE;PM;TRAFFIC;ASR;DL_THROUGHPUT_(Gbs);DL_THROUGHPUT_(Gbs);;Throughput máximo de bajada (Gbps) cursado por el CORE hacia los usuarios. Desde el SGW/PGW hacia la red de acceso.;;;;float;;2;Gbs;;;;;;;no;IF(MAX((((IFNULL(PM_SYSTEMSCH78.SESS_TXBYTES_LTE_DIFF_MAX,0)+IFNULL(PM_SYSTEMSCH78.SESS_TXBYTES_UMTS_DIFF_MAX,0)+IFNULL(PM_SYSTEMSCH78.SESS_TXBYTES_GPRS_DIFF_MAX,0))*8)/IFNULL(PM_SYSTEMSCH78.UPTIME_DIFF_MAX,0))/1000/1000/1000)>1,ROUND(MAX((((IFNULL(PM_SYSTEMSCH78.SESS_TXBYTES_LTE_DIFF_MAX,0)+IFNULL(PM_SYSTEMSCH78.SESS_TXBYTES_UMTS_DIFF_MAX,0)+IFNULL(PM_SYSTEMSCH78.SESS_TXBYTES_GPRS_DIFF_MAX,0))*8)/IFNULL(PM_SYSTEMSCH78.UPTIME_DIFF_MAX,0))/1000/1000/1000),2),IF(MAX((((IFNULL(PM_SYSTEMSCH78.SESS_TXBYTES_LTE_DIFF_MAX,0)+IFNULL(PM_SYSTEMSCH78.SESS_TXBYTES_UMTS_DIFF_MAX,0)+IFNULL(PM_SYSTEMSCH78.SESS_TXBYTES_GPRS_DIFF_MAX,0))*8)/IFNULL(PM_SYSTEMSCH78.UPTIME_DIFF_MAX,0))/1000/1000/1000)<0.0001,ROUND(MAX((((IFNULL(PM_SYSTEMSCH78.SESS_TXBYTES_LTE_DIFF_MAX,0)+IFNULL(PM_SYSTEMSCH78.SESS_TXBYTES_UMTS_DIFF_MAX,0)+IFNULL(PM_SYSTEMSCH78.SESS_TXBYTES_GPRS_DIFF_MAX,0))*8)/IFNULL(PM_SYSTEMSCH78.UPTIME_DIFF_MAX,0))/1000/1000/1000),6),ROUND(MAX((((IFNULL(PM_SYSTEMSCH78.SESS_TXBYTES_LTE_DIFF_MAX,0)+IFNULL(PM_SYSTEMSCH78.SESS_TXBYTES_UMTS_DIFF_MAX,0)+IFNULL(PM_SYSTEMSCH78.SESS_TXBYTES_GPRS_DIFF_MAX,0))*8)/IFNULL(PM_SYSTEMSCH78.UPTIME_DIFF_MAX,0))/1000/1000/1000),4)));;;;PM_SYSTEMSCH78;;;
WIRELESS;MEX;CISCO;CORE;PM;TRAFFIC;ASR;UL_THROUGHPUT_(Gbs);UL_THROUGHPUT_(Gbs);;Throughput máximo de subida (Gbps) desde el usuario hacia el CORE. Desde la red de acceso hacia SGW/PGW;;;;float;;2;Gbs;;;;;;;no;IF(MAX((((IFNULL(PM_SYSTEMSCH78.SESS_RXBYTES_LTE_DIFF_MAX,0)+IFNULL(PM_SYSTEMSCH78.SESS_RXBYTES_UMTS_DIFF_MAX,0)+IFNULL(PM_SYSTEMSCH78.SESS_RXBYTES_GPRS_DIFF_MAX,0))*8)/IFNULL(PM_SYSTEMSCH78.UPTIME_DIFF_MAX,0))/1000/1000/1000)>1,ROUND(MAX((((IFNULL(PM_SYSTEMSCH78.SESS_RXBYTES_LTE_DIFF_MAX,0)+IFNULL(PM_SYSTEMSCH78.SESS_RXBYTES_UMTS_DIFF_MAX,0)+IFNULL(PM_SYSTEMSCH78.SESS_RXBYTES_GPRS_DIFF_MAX,0))*8)/IFNULL(PM_SYSTEMSCH78.UPTIME_DIFF_MAX,0))/1000/1000/1000),2),IF(MAX((((IFNULL(PM_SYSTEMSCH78.SESS_RXBYTES_LTE_DIFF_MAX,0)+IFNULL(PM_SYSTEMSCH78.SESS_RXBYTES_UMTS_DIFF_MAX,0)+IFNULL(PM_SYSTEMSCH78.SESS_RXBYTES_GPRS_DIFF_MAX,0))*8)/IFNULL(PM_SYSTEMSCH78.UPTIME_DIFF_MAX,0))/1000/1000/1000)<0.0001,ROUND(MAX((((IFNULL(PM_SYSTEMSCH78.SESS_RXBYTES_LTE_DIFF_MAX,0)+IFNULL(PM_SYSTEMSCH78.SESS_RXBYTES_UMTS_DIFF_MAX,0)+IFNULL(PM_SYSTEMSCH78.SESS_RXBYTES_GPRS_DIFF_MAX,0))*8)/IFNULL(PM_SYSTEMSCH78.UPTIME_DIFF_MAX,0))/1000/1000/1000),6),ROUND(MAX((((IFNULL(PM_SYSTEMSCH78.SESS_RXBYTES_LTE_DIFF_MAX,0)+IFNULL(PM_SYSTEMSCH78.SESS_RXBYTES_UMTS_DIFF_MAX,0)+IFNULL(PM_SYSTEMSCH78.SESS_RXBYTES_GPRS_DIFF_MAX,0))*8)/IFNULL(PM_SYSTEMSCH78.UPTIME_DIFF_MAX,0))/1000/1000/1000),4)));;;;PM_SYSTEMSCH78;;;
WIRELESS;MEX;CISCO;CORE;PM;TRAFFIC;ASR;DL_UL_THROUGHPUT_(Gbs);DL_UL_THROUGHPUT_(Gbs);;Throughput máximo total (DL+UL) en Gbps, sumando todas las tecnologías. Representa la carga total máxima que manejó el PGW (Packet Data Network Gateway) en ambas direcciones.;;;;float;;2;Gbs;;;;;;;no;IF(MAX((((IFNULL(PM_SYSTEMSCH78.SESS_TXBYTES_LTE_DIFF_MAX,0)+IFNULL(PM_SYSTEMSCH78.SESS_TXBYTES_UMTS_DIFF_MAX,0)+IFNULL(PM_SYSTEMSCH78.SESS_TXBYTES_GPRS_DIFF_MAX,0)+IFNULL(PM_SYSTEMSCH78.SESS_RXBYTES_LTE_DIFF_MAX,0)+IFNULL(PM_SYSTEMSCH78.SESS_RXBYTES_UMTS_DIFF_MAX,0)+IFNULL(PM_SYSTEMSCH78.SESS_RXBYTES_GPRS_DIFF_MAX,0))*8)/IFNULL(PM_SYSTEMSCH78.UPTIME_DIFF_MAX,0))/1000/1000/1000)>1,ROUND(MAX((((IFNULL(PM_SYSTEMSCH78.SESS_TXBYTES_LTE_DIFF_MAX,0)+IFNULL(PM_SYSTEMSCH78.SESS_TXBYTES_UMTS_DIFF_MAX,0)+IFNULL(PM_SYSTEMSCH78.SESS_TXBYTES_GPRS_DIFF_MAX,0)+IFNULL(PM_SYSTEMSCH78.SESS_RXBYTES_LTE_DIFF_MAX,0)+IFNULL(PM_SYSTEMSCH78.SESS_RXBYTES_UMTS_DIFF_MAX,0)+IFNULL(PM_SYSTEMSCH78.SESS_RXBYTES_GPRS_DIFF_MAX,0))*8)/IFNULL(PM_SYSTEMSCH78.UPTIME_DIFF_MAX,0))/1000/1000/1000),2),IF(MAX((((IFNULL(PM_SYSTEMSCH78.SESS_TXBYTES_LTE_DIFF_MAX,0)+IFNULL(PM_SYSTEMSCH78.SESS_TXBYTES_UMTS_DIFF_MAX,0)+IFNULL(PM_SYSTEMSCH78.SESS_TXBYTES_GPRS_DIFF_MAX,0)+IFNULL(PM_SYSTEMSCH78.SESS_RXBYTES_LTE_DIFF_MAX,0)+IFNULL(PM_SYSTEMSCH78.SESS_RXBYTES_UMTS_DIFF_MAX,0)+IFNULL(PM_SYSTEMSCH78.SESS_RXBYTES_GPRS_DIFF_MAX,0))*8)/IFNULL(PM_SYSTEMSCH78.UPTIME_DIFF_MAX,0))/1000/1000/1000)<0.0001,ROUND(MAX((((IFNULL(PM_SYSTEMSCH78.SESS_TXBYTES_LTE_DIFF_MAX,0)+IFNULL(PM_SYSTEMSCH78.SESS_TXBYTES_UMTS_DIFF_MAX,0)+IFNULL(PM_SYSTEMSCH78.SESS_TXBYTES_GPRS_DIFF_MAX,0)+IFNULL(PM_SYSTEMSCH78.SESS_RXBYTES_LTE_DIFF_MAX,0)+IFNULL(PM_SYSTEMSCH78.SESS_RXBYTES_UMTS_DIFF_MAX,0)+IFNULL(PM_SYSTEMSCH78.SESS_RXBYTES_GPRS_DIFF_MAX,0))*8)/IFNULL(PM_SYSTEMSCH78.UPTIME_DIFF_MAX,0))/1000/1000/1000),6),ROUND(MAX((((IFNULL(PM_SYSTEMSCH78.SESS_TXBYTES_LTE_DIFF_MAX,0)+IFNULL(PM_SYSTEMSCH78.SESS_TXBYTES_UMTS_DIFF_MAX,0)+IFNULL(PM_SYSTEMSCH78.SESS_TXBYTES_GPRS_DIFF_MAX,0)+IFNULL(PM_SYSTEMSCH78.SESS_RXBYTES_LTE_DIFF_MAX,0)+IFNULL(PM_SYSTEMSCH78.SESS_RXBYTES_UMTS_DIFF_MAX,0)+IFNULL(PM_SYSTEMSCH78.SESS_RXBYTES_GPRS_DIFF_MAX,0))*8)/IFNULL(PM_SYSTEMSCH78.UPTIME_DIFF_MAX,0))/1000/1000/1000),4)));;;;PM_SYSTEMSCH78;;;
WIRELESS;MEX;HP;CORE;PM;TRAFFIC;HSS;MAX_AVG_TPS_BH;MAX_AVG_TPS_BH;;"	Promedio máximo de transacciones por segundo (TPS) en hora pico para el HSS (Home Subscriber Server), calculado sobre todas las invocaciones.";;;;float;;2;;;;;;;;;ROUND(SUM(IFNULL(PM_HS.AIR_INVK,0)+IFNULL(PM_HS.ULR_INVK,0)+IFNULL(PM_HS.NOR_INVK,0)+IFNULL(PM_HS.PUR_INVK,0)+IFNULL(PM_HS.CLR_INVK,0)+IFNULL(PM_HS.IDR_INVK,0)+IFNULL(PM_HS.AAR_INVK,0)+IFNULL(PM_HS.STR_INVK,0)+IFNULL(PM_IM.MAR_INVK,0)+IFNULL(PM_IM.RTR_INVK,0)+IFNULL(PM_IM.UAR_INVK,0)+IFNULL(PM_IM.LIR_INVK,0)+IFNULL(PM_IM.SAR_INVK,0)+IFNULL(PM_IM.PNR_INVK,0)+IFNULL(PM_IM.PUR_INVK,0)+IFNULL(PM_IM.SNR_INVK,0)+IFNULL(PM_IM.UDR_INVK,0)+IFNULL(PM_IM.RIR_INVK,0)+IFNULL(PM_IM.DER_INVK,0)+IFNULL(PM_IM.STR_INVK,0)+IFNULL(PM_IM.EAP_INVK,0)+IFNULL(PM_GS.ALERTSC_INVK,0)+IFNULL(PM_GS.CANLOC_INVK,0)+IFNULL(PM_GS.DELETE_SUBS_INVK,0)+IFNULL(PM_GS.GPRS_CAN_LOC_INVK,0)+IFNULL(PM_GS.GPRS_DELETE_SUBS_INVK,0)+IFNULL(PM_GS.GPRS_INSERT_SUBS_INVK,0)+IFNULL(PM_GS.INSERT_SUBS_INVK,0)+IFNULL(PM_GS.PRVDROAMNUM_INVK,0)+IFNULL(PM_GS.PSI_INVK,0)+IFNULL(PM_GS.PURGEMS_INVK,0)+IFNULL(PM_GS.RDY4SM_INVK,0)+IFNULL(PM_GS.RPTSMDLVRY_INVK,0)+IFNULL(PM_GS.SAI_INVK,0)+IFNULL(PM_GS.SRI4SM_INVK,0)+IFNULL(PM_GS.SRI_INVK,0)+IFNULL(PM_GS.UPDTGPRSLOC_INVK,0)+IFNULL(PM_GS.UPDTLOC_INVK,0))/3600,2);;;;PM_HS,PM_IM,PM_GS;;;
WIRELESS;MEX;ORACLE;CORE;PM;TRAFFIC;STP;TOTAL_MSUS_RECEIVED;TOTAL_MSUS_RECEIVED;;Total de mensajes MSU (Message Signal Units) recibidos por el enlace;;;;integer;;0;;;;;;;;;SUM(PM_COMP_LINK.MSGSRCVD);;;;PM_COMP_LINK;;;
WIRELESS;MEX;ORACLE;CORE;PM;TRAFFIC;STP;TOTAL_MSUS_TRANSMITTED_PER_LINK;TOTAL_MSUS_TRANSMITTED_PER_LINK;;Total de mensajes MSU (Message Signal Units) transmitidos por el enlace;;;;integer;;0;;;;;;;;;SUM(PM_COMP_LINK.MSGSTRAN);;;;PM_COMP_LINK;;;
WIRELESS;MEX;HUAWEI;CORE;PM;TRAFFIC;MGW;TRAFFIC_USAGE_PEAK;TRAFFIC_USAGE_PEAK;;Capacidad máxima contratada/licenciada para tráfico de voz (circuitos RTP).;;;;integer;;0;;;;;;;;;SUM(PM_MGW_STATISTICS_OF_LICENSE.PEAK_LICENSED_TRAFF);;;;PM_MGW_STATISTICS_OF_LICENSE;;;
WIRELESS;MEX;HUAWEI;RAN_4G;PM;QoS;LCELL;ERAB_6_9_NUM;ERAB_6_9_NUM;Numerador ERAB QCI 6 a 9;Total de ERABs exitosamente establecidos (tanto iniciales como adicionales) para los QCI 6 a 9. Adicionales corresponden a cuando un usuario ya conectado solicita otro servicio.;;;;;;;;;;;;;;no;SUM(IFNULL(PM_ERAB_EST_CELL.L_ERAB_SUCCEST_QCI_6,0)+IFNULL(PM_ERAB_EST_CELL.L_ERAB_SUCCEST_QCI_7,0)+IFNULL(PM_ERAB_EST_CELL.L_ERAB_SUCCEST_QCI_8,0)+IFNULL(PM_ERAB_EST_CELL.L_ERAB_SUCCEST_QCI_9,0));;;;PM_ERAB_EST_CELL;;;
WIRELESS;MEX;HUAWEI;RAN_4G;PM;QoS;LCELL;ERAB_6_9_DEN;ERAB_6_9_DEN;Denominador ERAB QCI 6 a 9;Total de intentos de establecimiento de ERABs para QCI 6 a 9;;;;;;;;;;;;;;no;SUM(IFNULL(PM_ERAB_EST_CELL.L_ERAB_ATTEST_QCI_6,0)+IFNULL(PM_ERAB_EST_CELL.L_ERAB_ATTEST_QCI_7,0)+IFNULL(PM_ERAB_EST_CELL.L_ERAB_ATTEST_QCI_8,0)+IFNULL(PM_ERAB_EST_CELL.L_ERAB_ATTEST_QCI_9,0));;;;PM_ERAB_EST_CELL;;;
WIRELESS;MEX;HUAWEI;RAN_4G;PM;QoS;LCELL;ERAB_6_9;ERAB_6_9;Accesibilidad ERAB QCI 6 a 9;Tasa de éxito en el establecimiento de E-RABs de QCI 6 a 9;;;;;;;;;;;;;;yes;100*ERAB_6_9_NUM/ERAB_6_9_DEN;;;;PM_ERAB_EST_CELL;;;
WIRELESS;MEX;HUAWEI;RAN_4G;PM;QoS;LCELL;ACC_6_9;ACC_6_9;Accesibilidad QCI 6 a 9;Tasa compuesta de éxito en el establecimiento de E-RABs de datos (QCI 6 a 9), ponderada por el éxito global de E-RAB y de la conexión S1;;;;;;;;;;;;;;yes;100*(ERAB_6_9_NUM*ERAB_SUCCESS*S1_SUCCESS)/(ERAB_6_9_DEN*ERABS_ATTEMPTS*S1_ATTEMPTS);;;;PM_LTE_RRC_SETUP_CELL,PM_ERAB_EST_CELL;;;
WIRELESS;MEX;HUAWEI;RAN_4G;PM;QoS;LCELL;RET_6_9_NUM;RET_6_9_NUM;Numerador Retenebilidad QCI 6 a 9;Total de liberaciones anormales de ERABs para QCI 6 a 9, incluyendo aquellas originadas por la celda y por el MME. Se utiliza como numerador en KPIs que evalúan la estabilidad de la conexión para usuarios con QCI 6–9.;;;;;;;;;;;;;;no;SUM(IFNULL(PM_ERAB_REL_CELL.L_ERAB_ABNORMREL_QCI_6,0)+IFNULL(PM_ERAB_REL_CELL.L_ERAB_ABNORMREL_QCI_7,0)+IFNULL(PM_ERAB_REL_CELL.L_ERAB_ABNORMREL_QCI_8,0)+IFNULL(PM_ERAB_REL_CELL.L_ERAB_ABNORMREL_QCI_9,0)+IFNULL(PM_ERAB_REL_CELL.L_ERAB_ABNORMREL_MME_QCI_6,0)+IFNULL(PM_ERAB_REL_CELL.L_ERAB_ABNORMREL_MME_QCI_7,0)+IFNULL(PM_ERAB_REL_CELL.L_ERAB_ABNORMREL_MME_QCI_8,0)+IFNULL(PM_ERAB_REL_CELL.L_ERAB_ABNORMREL_MME_QCI_9,0));;;;PM_ERAB_REL_CELL;;;
WIRELESS;MEX;HUAWEI;RAN_4G;PM;QoS;LCELL;RET_6_9_DEN;RET_6_9_DEN;Denominador Retenebilidad QCI 6 a 9;Total de ERABs liberados (tanto normales como anormales, incluyendo IRAT HO out) para los QCI 6 a 9;;;;;;;;;;;;;;no;SUM(IFNULL(PM_ERAB_REL_CELL.L_ERAB_NORMREL_QCI_6,0)+IFNULL(PM_ERAB_REL_CELL.L_ERAB_NORMREL_QCI_7,0)+IFNULL(PM_ERAB_REL_CELL.L_ERAB_NORMREL_QCI_8,0)+IFNULL(PM_ERAB_REL_CELL.L_ERAB_NORMREL_QCI_9,0)+IFNULL(PM_ERAB_REL_CELL.L_ERAB_ABNORMREL_QCI_6,0)+IFNULL(PM_ERAB_REL_CELL.L_ERAB_ABNORMREL_QCI_7,0)+IFNULL(PM_ERAB_REL_CELL.L_ERAB_ABNORMREL_QCI_8,0)+IFNULL(PM_ERAB_REL_CELL.L_ERAB_ABNORMREL_QCI_9,0)+IFNULL(PM_ERAB_REL_CELL.L_ERAB_NORMREL_IRATHOOUT_QCI_6,0)+IFNULL(PM_ERAB_REL_CELL.L_ERAB_NORMREL_IRATHOOUT_QCI_7,0)+IFNULL(PM_ERAB_REL_CELL.L_ERAB_NORMREL_IRATHOOUT_QCI_8,0)+IFNULL(PM_ERAB_REL_CELL.L_ERAB_NORMREL_IRATHOOUT_QCI_9,0));;;;PM_ERAB_REL_CELL;;;
WIRELESS;MEX;HUAWEI;RAN_4G;PM;QoS;LCELL;RET_6_9;RET_6_9;Retenebilidad QCI 6 a 9;Porcentaje de retención de ERABs para usuarios con QCI entre 6 y 9, calculado como el complemento de la tasa de liberaciones anormales sobre el total de liberaciones en ese rango. Este KPI refleja la estabilidad de la conexión para usuarios con calidad QCI6 a 9.;;;;;;;;;;;;;;yes;100*(1-RET_6_9_NUM/RET_6_9_DEN);;;;PM_ERAB_REL_CELL;;;
WIRELESS;MEX;HUAWEI;RAN_4G;PM;TRAFFIC;LCELL;THPT_6_9_NUM;THPT_6_9_NUM;Bits transmitidos QCI 6 a 9;El total de bits transmitidos efectivamente en DL para bearers best-effort (QCI 6–9) en la celda, descartando el último TTI parcial.;;;;;;;;;;;;;;no;(SUM(IFNULL(PM_TRAFFIC_THRUPUT_CELL.L_THRP_BITS_DL_QCI_6,0)-IFNULL(PM_TRAFFIC_THRUPUT_CELL.L_THRP_BITS_DL_LASTTTI_QCI_6,0))+SUM(IFNULL(PM_TRAFFIC_THRUPUT_CELL.L_THRP_BITS_DL_QCI_7,0)-IFNULL(PM_TRAFFIC_THRUPUT_CELL.L_THRP_BITS_DL_LASTTTI_QCI_7,0))+SUM(IFNULL(PM_TRAFFIC_THRUPUT_CELL.L_THRP_BITS_DL_QCI_8,0)-IFNULL(PM_TRAFFIC_THRUPUT_CELL.L_THRP_BITS_DL_LASTTTI_QCI_8,0))+SUM(IFNULL(PM_TRAFFIC_THRUPUT_CELL.L_THRP_BITS_DL_QCI_9,0)-IFNULL(PM_TRAFFIC_THRUPUT_CELL.L_THRP_BITS_DL_LASTTTI_QCI_9,0)));;;;PM_TRAFFIC_THRUPUT_CELL;;;
WIRELESS;MEX;HUAWEI;RAN_4G;PM;TRAFFIC;LCELL;THPT_6_9_DEN;THPT_6_9_DEN;Tiempo transmisión QCI 6 a 9;Representa el denominador de throughput: el tiempo total de transmisión DL (en TTIs válidos, excluyendo el último TTI incompleto (para evitar doble conteo o sesgo)) utilizado por E-RABs QCI 6–9. TTI (Transmission Time Interval);;;;;;;;;;;;;;no;SUM(IFNULL(PM_TRAFFIC_THRUPUT_CELL.L_THRP_TIME_DL_RMVLASTTTI_QCI_6,0)+IFNULL(PM_TRAFFIC_THRUPUT_CELL.L_THRP_TIME_DL_RMVLASTTTI_QCI_7,0)+IFNULL(PM_TRAFFIC_THRUPUT_CELL.L_THRP_TIME_DL_RMVLASTTTI_QCI_8,0)+IFNULL(PM_TRAFFIC_THRUPUT_CELL.L_THRP_TIME_DL_RMVLASTTTI_QCI_9,0));;;;PM_TRAFFIC_THRUPUT_CELL;;;
WIRELESS;MEX;ERICSSON;RAN_3G;PM;QoS;UCELL;VOICE_DCR;VOICE_DCR;;Voice Drop Call Rate. Tasa de llamadas de voz (circuit-switched) caídas en 3G;;;;percentage;;2;%;;0 to 100;;;;;yes;IFNULL(ROUND(100*(DROPS_VOICE/SUM(PM_UTRANCELL.PMNONORMALRABRELEASESPEECH+ PM_UTRANCELL.PMNOSYSTEMRABRELEASESPEECH)),2),0);;;;PM_UTRANCELL;;;
WIRELESS;MEX;HUAWEI;RAN_3G;PM;QoS;UCELL;VOICE_DCR;VOICE_DCR;;Voice Drop Call Rate. Tasa de llamadas de voz (circuit-switched) caídas en 3G;;;;percentage;;2;%;;0 to 100;;;;;yes;IFNULL(ROUND(DROP_NUM_CS/DROP_DENOM_CS*100,2),0);;;;PM_RAB_RELABNORMAL_CELL;;;
WIRELESS;MEX;NOKIA;RAN_3G;PM;QoS;UCELL;VOICE_DCR;VOICE_DCR;;Voice Drop Call Rate. Tasa de llamadas de voz (circuit-switched) caídas en 3G;;;;percentage;;2;%;;0 to 100;;;;;yes;ROUND(IFNULL(100*(DROPS_VOICE/SUM(IFNULL(PM_SERVICE_LEVEL.RAB_ACT_FAIL_CS_VOICE_IU,0)+IFNULL(PM_SERVICE_LEVEL.RAB_ACT_FAIL_CS_VOICE_RADIO,0)+IFNULL(PM_SERVICE_LEVEL.RAB_ACT_FAIL_CS_VOICE_BTS,0)+IFNULL(PM_SERVICE_LEVEL.RAB_ACT_FAIL_CS_VOICE_IUR,0)+IFNULL(PM_SERVICE_LEVEL.RAB_ACT_FAIL_CS_VOICE_RNC,0)+IFNULL(PM_SERVICE_LEVEL.RAB_ACT_FAIL_CS_VOICE_UE,0)+IFNULL(PM_SERVICE_LEVEL.RAB_ACT_FAIL_CS_VOICE_TRANS,0)+IFNULL(PM_SERVICE_LEVEL.RAB_ACT_COMP_CS_VOICE,0)+IFNULL(PM_SERVICE_LEVEL.RAB_ACT_REL_CS_VOICE_SRNC,0)+IFNULL(PM_SERVICE_LEVEL.RAB_ACT_REL_CS_VOICE_P_EMP,0)+IFNULL(PM_SERVICE_LEVEL.RAB_ACT_REL_CS_VOICE_GANHO,0)+IFNULL(PM_SERVICE_LEVEL.RAB_ACT_REL_CS_VOICE_ISHO,0)+IFNULL(PM_SERVICE_LEVEL.RAB_ACT_REL_CS_VOICE_HHO,0))),0),2);;;;PM_SERVICE_LEVEL;;;
WIRELESS;MEX;HUAWEI;RAN_4G;PM;QoS;LCELL;VOLTE_CQI;VOLTE_CQI;Calidad servicio VoLTE;KQI (Key Quality Indicator) de experiencia de usuario en VoLTE que combina Accesibilidad (RRC setup, S1 setup, ERAB QCI=1/QCI=5 setup) + Retenibilidad (abnormal releases voz QCI1, señalización QCI5) + Movilidad (SRVCC).;;;;percentage;;2;%;;0 to 100;;;;;no;ROUND(((0.3*EXP((1-IFNULL(((SUM(IFNULL(PM_LTE_RRC_SETUP_CELL.L_RRC_CONNREQ_SUCC,0))*SUM(IFNULL(PM_ERAB_EST_CELL.L_S1SIG_CONNEST_SUCC,0))*SUM(IFNULL(PM_ERAB_EST_CELL.L_ERAB_SUCCEST_QCI_5,0))*SUM(IFNULL(PM_ERAB_EST_CELL.L_ERAB_SUCCEST_QCI_1,0))))/(SUM(IFNULL(PM_LTE_RRC_SETUP_CELL.L_RRC_CONNREQ_ATT,0))*SUM(IFNULL(PM_ERAB_EST_CELL.L_S1SIG_CONNEST_ATT,0))*SUM(IFNULL(PM_ERAB_EST_CELL.L_ERAB_ATTEST_QCI_5,0))*(SUM(IFNULL(PM_ERAB_EST_CELL.L_ERAB_ATTEST_QCI_1,0))-SUM(PM_ERAB_ESTFAIL_CELL.L_ERAB_FAILEST_X2AP_VOIP)*(SUM(PM_HO_ERAN_IN_CELL.L_HHO_INTRAENB_EXECSUCCIN+PM_HO_ERAN_IN_CELL.L_HHO_INTERENB_EXECSUCCIN)/SUM(PM_HO_ERAN_IN_CELL.L_HHO_INTRAENB_EXECATTIN+PM_HO_ERAN_IN_CELL.L_HHO_INTERENB_EXECATTIN)))),1))*(-60.7738522646515)))+(0.3*(EXP(IFNULL((SUM(IFNULL(PM_ERAB_REL_CELL.L_ERAB_ABNORMREL_QCI_1,0)+IFNULL(PM_ERAB_REL_CELL.L_ERAB_ABNORMREL_MME_VOIP,0))/SUM(IFNULL(PM_ERAB_REL_CELL.L_ERAB_NORMREL_QCI_1,0)+IFNULL(PM_ERAB_REL_CELL.L_ERAB_ABNORMREL_QCI_1,0)+IFNULL(PM_ERAB_REL_CELL.L_ERAB_NORMREL_IRATHOOUT_QCI_1,0)))*(-29.0037923298766),0))))+(0.1*(EXP(IFNULL(((SUM(IFNULL(PM_ERAB_REL_CELL.L_ERAB_ABNORMREL_QCI_5,0)+IFNULL(PM_ERAB_REL_CELL.L_ERAB_ABNORMREL_MME_QCI_5,0))/SUM(IFNULL(PM_ERAB_REL_CELL.L_ERAB_NORMREL_QCI_5,0)+IFNULL(PM_ERAB_REL_CELL.L_ERAB_ABNORMREL_QCI_5,0)+IFNULL(PM_ERAB_REL_CELL.L_ERAB_NORMREL_IRATHOOUT_QCI_5,0))))*(-95.8940241505935),0))))+(0.3*(EXP(IFNULL((SUM(IFNULL(PM_HO_IRAT_OUT_CELL.L_IRATHO_SRVCC_E2W_EXECSUCCOUT,0)))/(SUM(IFNULL(PM_ERAB_REL_CELL.L_ERAB_NORMREL_QCI_1,0))+SUM(IFNULL(PM_ERAB_REL_CELL.L_ERAB_ABNORMREL_QCI_1,0))+SUM(IFNULL(PM_ERAB_REL_CELL.L_ERAB_NORMREL_IRATHOOUT_QCI_1,0))+SUM(IFNULL(PM_ERAB_REL_CELL.L_ERAB_ABNORMREL_MME_VOIP,0)))*(-18.2321556793955),0)))))*100,2);;;;PM_ERAB_REL_CELL,PM_HO_IRAT_OUT_CELL,PM_LTE_RRC_SETUP_CELL,PM_ERAB_EST_CELL,PM_ERAB_ESTFAIL_CELL,PM_HO_ERAN_IN_CELL;;;
WIRELESS;MEX;ERICSSON;RAN_4G;PM;QoS;LCELL;VOLTE_CQI;VOLTE_CQI;Calidad servicio VoLTE;KQI (Key Quality Indicator) de experiencia de usuario en VoLTE incluye: Accesibilidad (intentos vs. éxitos de RRC/ERAB (QCI1 y QCI5)), Retenibilidad (abnormal releases CS voice y VoIP) y Movilidad (éxito de SRVCC.);;;;percentage;;2;%;;0 to 100;;;;;no;ROUND(IFNULL(100*(0.3*EXP((1-(IFNULL((SUM(IFNULL(PM_EUTRANCELLFDD.PMRRCCONNESTABSUCC,0))/(SUM(IFNULL(PM_EUTRANCELLFDD.PMRRCCONNESTABATT,0))-SUM(IFNULL(PM_EUTRANCELLFDD.PMRRCCONNESTABATTREATT,0)))),0)*IFNULL((SUM(IFNULL(PM_EUTRANCELLFDD.PMS1SIGCONNESTABSUCC,0))/SUM(IFNULL(PM_EUTRANCELLFDD.PMS1SIGCONNESTABATT,0))),0)*IFNULL(SUM(IFNULL(PM_EUTRANCELLFDD_V.PMERABESTABSUCCINITQCI_1,0)+IFNULL(PM_EUTRANCELLFDD_V.PMERABESTABSUCCADDEDQCI_1,0))/(SUM(IFNULL(PM_EUTRANCELLFDD_V.PMERABESTABATTINITQCI_1,0))+SUM(IFNULL(PM_EUTRANCELLFDD_V.PMERABESTABATTADDEDQCI_1,0))-SUM(IFNULL(PM_EUTRANCELLFDD_V.PMERABESTABATTADDEDHOONGOINGQCI_1,0))*IFNULL(SUM(IFNULL(PM_EUTRANCELLFDD_V.PMHOEXEOUTSUCCQCI_1,0))/SUM(IFNULL(PM_EUTRANCELLFDD_V.PMHOEXEOUTATTQCI_1,0)),0)),0)*IFNULL(SUM(IFNULL(PM_EUTRANCELLFDD_V.PMERABESTABSUCCINITQCI_5,0)+IFNULL(PM_EUTRANCELLFDD_V.PMERABESTABSUCCADDEDQCI_5,0))/(SUM(IFNULL(PM_EUTRANCELLFDD_V.PMERABESTABATTINITQCI_5,0))+SUM(IFNULL(PM_EUTRANCELLFDD_V.PMERABESTABATTADDEDQCI_5,0))-SUM(IFNULL(PM_EUTRANCELLFDD_V.PMERABESTABATTADDEDHOONGOINGQCI_5,0))*IFNULL(SUM(IFNULL(PM_EUTRANCELLFDD_V.PMHOEXEOUTSUCCQCI_5,0))/SUM(IFNULL(PM_EUTRANCELLFDD_V.PMHOEXEOUTATTQCI_5,0)),0)),0)))*(-60.7738522646515))+0.3*EXP((IFNULL((SUM(IFNULL(PM_EUTRANCELLFDD_V.PMERABRELABNORMALENBACTQCI_1,0)+IFNULL(PM_EUTRANCELLFDD_V.PMERABRELABNORMALMMEACTQCI_1,0))/SUM(IFNULL(PM_EUTRANCELLFDD_V.PMERABRELNORMALENBQCI_1,0)+IFNULL(PM_EUTRANCELLFDD_V.PMERABRELABNORMALENBQCI_1,0)+IFNULL(PM_EUTRANCELLFDD_V.PMERABRELMMEQCI_1,0)+IFNULL(PM_UTRANCELLRELATION_T.PMHOEXESUCCSRVCC,0))),0))*(-29.0037923298766))+0.1*EXP((IFNULL((SUM(IFNULL(PM_EUTRANCELLFDD_V.PMERABRELABNORMALENBACTQCI_5,0)+IFNULL(PM_EUTRANCELLFDD_V.PMERABRELABNORMALMMEACTQCI_5,0))/SUM(IFNULL(PM_EUTRANCELLFDD_V.PMERABRELNORMALENBQCI_5,0)+IFNULL(PM_EUTRANCELLFDD_V.PMERABRELABNORMALENBQCI_5,0)+IFNULL(PM_EUTRANCELLFDD_V.PMERABRELMMEQCI_5,0)+IFNULL(PM_UTRANCELLRELATION_T.PMHOEXESUCCSRVCC,0))),0))*(-95.8940241505935))+0.3*EXP((SUM(IFNULL(PM_UTRANCELLRELATION_T.PMHOEXESUCCSRVCC,0))/(SUM(IFNULL(PM_EUTRANCELLFDD_V.PMERABRELNORMALENBQCI_1,0)+IFNULL(PM_EUTRANCELLFDD_V.PMERABRELABNORMALENBQCI_1,0)+IFNULL(PM_EUTRANCELLFDD_V.PMERABRELMMEQCI_1,0)+IFNULL(PM_UTRANCELLRELATION_T.PMHOEXESUCCSRVCC,0))))*(-18.2321556793955))),0),4);;;;PM_EUTRANCELLFDD,PM_EUTRANCELLFDD_V,PM_UTRANCELLRELATION_T;;;
WIRELESS;MEX;NOKIA;RAN_4G;PM;QoS;LCELL;VOLTE_CQI;VOLTE_CQI;Calidad servicio VoLTE;KQI (Key Quality Indicator) de experiencia de usuario en VoLTE que pondera: Acceso (MOC/MTC/ERAB setup), Retenibilidad (fallos RAB, abnormal releases) y Movilidad (SRVCC HO).;;;;percentage;;2;%;;0 to 100;;;;;no;ROUND(100*((0.3*EXP((1-((SUM(IFNULL(PM_LTE_UE_STATE.SIGN_CONN_ESTAB_SUCC_MT,0)+IFNULL(PM_LTE_UE_STATE.SIGN_CONN_ESTAB_SUCC_MO_D,0)+IFNULL(PM_LTE_UE_STATE.SIGN_CONN_ESTAB_SUCC_DEL_TOL,0)+IFNULL(PM_LTE_UE_STATE.SIGN_CONN_ESTAB_SUCC_HIPRIO,0)+IFNULL(PM_LTE_UE_STATE.SIGN_CONN_ESTAB_COMP_EMG,0))/SUM(IFNULL(PM_LTE_UE_STATE.SIGN_CONN_ESTAB_ATT_MT,0)+IFNULL(PM_LTE_UE_STATE.SIGN_CONN_ESTAB_ATT_MO_D,0)+IFNULL(PM_LTE_UE_STATE.SIGN_CONN_ESTAB_ATT_DEL_TOL,0)+IFNULL(PM_LTE_UE_STATE.SIGN_CONN_ESTAB_ATT_HIPRIO,0)+IFNULL(PM_LTE_UE_STATE.SIGN_CONN_ESTAB_ATT_EMG,0)+IFNULL(PM_LTE_UE_STATE.SIGN_CONN_ESTAB_ATT_MO_VOICE,0)))*(SUM(IFNULL(PM_LTE_UE_STATE.S1_SIGN_CONN_ESTAB_SUCC_UE,0))/SUM(IFNULL(PM_LTE_UE_STATE.S1_SIGN_CONN_ESTAB_ATT_UE,0)))*(SUM(IFNULL(PM_LTE_EPS_BEARER.EPS_BEARER_SETUP_COMPLETIONS,0))/SUM(IFNULL(PM_LTE_EPS_BEARER.EPS_BEARER_SETUP_ATTEMPTS,0)))*IFNULL(SUM(PM_LTE_UE_STATE.S1_SIGN_CONN_ESTAB_SUCC_UE)/SUM(PM_LTE_UE_STATE.S1_SIGN_CONN_ESTAB_ATT_UE),0)*IFNULL(SUM(PM_LTE_EPS_BEARER.ERAB_INI_SETUP_SUCC_QCI5+PM_LTE_EPS_BEARER.ERAB_ADD_SETUP_SUCC_QCI5)/SUM(PM_LTE_EPS_BEARER.ERAB_INI_SETUP_ATT_QCI5+PM_LTE_EPS_BEARER.ERAB_ADD_SETUP_ATT_QCI5),0)*IFNULL(SUM(PM_LTE_EPS_BEARER.ERAB_INI_SETUP_SUCC_QCI1+PM_LTE_EPS_BEARER.ERAB_ADD_SETUP_SUCC_QCI1)/SUM(PM_LTE_EPS_BEARER.ERAB_INI_SETUP_ATT_QCI1+PM_LTE_EPS_BEARER.ERAB_ADD_SETUP_ATT_QCI1),0)))*(-60.7738522646515)))+0.3*EXP((SUM(IFNULL(PM_LTE_ERAB_STATISTICS_PER_PMQAP_PROFILE_T.ERAB_REL_ABNORMAL_ACT_PROFILE_3,0)+IFNULL(PM_LTE_ERAB_STATISTICS_PER_PMQAP_PROFILE_T.ERAB_REL_ABNORMAL_ACT_PROFILE_4,0)+IFNULL(PM_LTE_ERAB_STATISTICS_PER_PMQAP_PROFILE_T.ERAB_REL_ABNORMAL_ACT_PROFILE_18,0)+IFNULL(PM_LTE_ERAB_STATISTICS_PER_PMQAP_PROFILE_T.ERAB_REL_ABNORMAL_ACT_MME_PR_3,0)+IFNULL(PM_LTE_ERAB_STATISTICS_PER_PMQAP_PROFILE_T.ERAB_REL_ABNORMAL_ACT_MME_PR_4,0)+IFNULL(PM_LTE_ERAB_STATISTICS_PER_PMQAP_PROFILE_T.ERAB_REL_ABNORMAL_ACT_MME_PR_18,0))/SUM(IFNULL(PM_LTE_ERAB_STATISTICS_PER_PMQAP_PROFILE_T.ERAB_REL_NORMAL_PROFILE_3,0)+IFNULL(PM_LTE_ERAB_STATISTICS_PER_PMQAP_PROFILE_T.ERAB_REL_NORMAL_PROFILE_4,0)+IFNULL(PM_LTE_ERAB_STATISTICS_PER_PMQAP_PROFILE_T.ERAB_REL_NORMAL_PROFILE_18,0)+IFNULL(PM_LTE_ERAB_STATISTICS_PER_PMQAP_PROFILE_T.ERAB_REL_ALL_ABNORMAL_PROFILE_3,0)+IFNULL(PM_LTE_ERAB_STATISTICS_PER_PMQAP_PROFILE_T.ERAB_REL_ALL_ABNORMAL_PROFILE_4,0)+IFNULL(PM_LTE_ERAB_STATISTICS_PER_PMQAP_PROFILE_T.ERAB_REL_ALL_ABNORMAL_PROFILE_18,0)))*(-29.0037923298766))+0.1*EXP((SUM(IFNULL(PM_LTE_ERAB_STATISTICS_PER_PMQAP_PROFILE_T.ERAB_REL_ABNORMAL_ACT_PROFILE_7,0)+IFNULL(PM_LTE_ERAB_STATISTICS_PER_PMQAP_PROFILE_T.ERAB_REL_ABNORMAL_ACT_PROFILE_8,0)+IFNULL(PM_LTE_ERAB_STATISTICS_PER_PMQAP_PROFILE_T.ERAB_REL_ABNORMAL_ACT_PROFILE_19,0)+IFNULL(PM_LTE_ERAB_STATISTICS_PER_PMQAP_PROFILE_T.ERAB_REL_ABNORMAL_ACT_MME_PR_7,0)+IFNULL(PM_LTE_ERAB_STATISTICS_PER_PMQAP_PROFILE_T.ERAB_REL_ABNORMAL_ACT_MME_PR_8,0)+IFNULL(PM_LTE_ERAB_STATISTICS_PER_PMQAP_PROFILE_T.ERAB_REL_ABNORMAL_ACT_MME_PR_19,0))/SUM(IFNULL(PM_LTE_ERAB_STATISTICS_PER_PMQAP_PROFILE_T.ERAB_REL_NORMAL_PROFILE_7,0)+IFNULL(PM_LTE_ERAB_STATISTICS_PER_PMQAP_PROFILE_T.ERAB_REL_NORMAL_PROFILE_8,0)+IFNULL(PM_LTE_ERAB_STATISTICS_PER_PMQAP_PROFILE_T.ERAB_REL_NORMAL_PROFILE_19,0)+IFNULL(PM_LTE_ERAB_STATISTICS_PER_PMQAP_PROFILE_T.ERAB_REL_ALL_ABNORMAL_PROFILE_7,0)+IFNULL(PM_LTE_ERAB_STATISTICS_PER_PMQAP_PROFILE_T.ERAB_REL_ALL_ABNORMAL_PROFILE_8,0)+IFNULL(PM_LTE_ERAB_STATISTICS_PER_PMQAP_PROFILE_T.ERAB_REL_ALL_ABNORMAL_PROFILE_19,0)))*(-95.8940241505935))+0.3*EXP((SUM(IFNULL(PM_LTE_INTER_SYS_HO.ISYS_HO_UTRAN_SRVCC_SUCC,0)+IFNULL(PM_LTE_INTER_SYS_HO.ISYS_HO_UTRAN_SRVCC_SUCC_VQ,0)+IFNULL(PM_LTE_INTER_SYS_HO.ISYS_HO_SRVCC_OVB_SUCC,0))/SUM(IFNULL(PM_LTE_EPS_BEARER.ERAB_REL_ENB_QCI1,0)+IFNULL(PM_LTE_EPS_BEARER.ERAB_REL_HO_PART_QCI1,0)+IFNULL(PM_LTE_EPS_BEARER.EPC_EPS_BEAR_REL_REQ_N_QCI1,0)+IFNULL(PM_LTE_EPS_BEARER.EPC_EPS_BEAR_REL_REQ_D_QCI1,0)+IFNULL(PM_LTE_EPS_BEARER.EPC_EPS_BEAR_REL_REQ_R_QCI1,0)+IFNULL(PM_LTE_EPS_BEARER.EPC_EPS_BEAR_REL_REQ_O_QCI1,0)+IFNULL(PM_LTE_EPS_BEARER.ERAB_REL_EPC_PATH_SWITCH_QCI1,0)-IFNULL(PM_LTE_EPS_BEARER.ERAB_REL_TEMP_QCI1,0)+IFNULL(PM_LTE_EPS_BEARER.ERAB_REL_SUCC_HO_UTRAN_QCI1,0)+IFNULL(PM_LTE_EPS_BEARER.ERAB_REL_ENB_INI_S1_G_R_QCI1,0)+IFNULL(PM_LTE_EPS_BEARER.ERAB_REL_MME_INI_S1_G_R_QCI1,0)+IFNULL(PM_LTE_EPS_BEARER.ERAB_REL_ENB_INI_S1_P_R_QCI1,0)+IFNULL(PM_LTE_EPS_BEARER.ERAB_REL_MME_INI_S1_P_R_QCI1,0)+IFNULL(PM_LTE_EPS_BEARER.ERAB_REL_S1_OUTAGE_QCI1,0)))*(-18.2321556793955))),2);;;;PM_LTE_UE_STATE,PM_LTE_EPS_BEARER,PM_LTE_ERAB_STATISTICS_PER_PMQAP_PROFILE_T,PM_LTE_INTER_SYS_HO;;;
WIRELESS;MEX;SAMSUNG;RAN_4G;PM;QoS;LCELL;VOLTE_CQI;VOLTE_CQI;Calidad servicio VoLTE;KQI (Key Quality Indicator) de experiencia de usuario en VoLTE. Se basa en: Accesibilidad (RRC, ERAB QCI1/5 setup), Retenibilidad (liberaciones anómalas en eNB/MME) y Movilidad (SRVCC hacia CS).;;;;percentage;;2;%;;0 to 100;;;;;no;ROUND(IFNULL(100*(0.3*EXP((1- ((SUM(IFNULL(PM_UEASSOCIATED_LOGICAL_S1_CONNECTION_ESTABLISHMENT_T.S1CONNESTABSUCC_DELAY_TOLERANT_ACCESS,0)+IFNULL(PM_UEASSOCIATED_LOGICAL_S1_CONNECTION_ESTABLISHMENT_T.S1CONNESTABSUCC_EMERGENCY,0)+IFNULL(PM_UEASSOCIATED_LOGICAL_S1_CONNECTION_ESTABLISHMENT_T.S1CONNESTABSUCC_HI_PRIO_ACCESS,0)+IFNULL(PM_UEASSOCIATED_LOGICAL_S1_CONNECTION_ESTABLISHMENT_T.S1CONNESTABSUCC_MO_DATA,0)+IFNULL(PM_UEASSOCIATED_LOGICAL_S1_CONNECTION_ESTABLISHMENT_T.S1CONNESTABSUCC_MO_SIGNAL,0)+IFNULL(PM_UEASSOCIATED_LOGICAL_S1_CONNECTION_ESTABLISHMENT_T.S1CONNESTABSUCC_MO_VOICE_CALL,0)+IFNULL(PM_UEASSOCIATED_LOGICAL_S1_CONNECTION_ESTABLISHMENT_T.S1CONNESTABSUCC_MT_ACCESS,0))/SUM(IFNULL(PM_UEASSOCIATED_LOGICAL_S1_CONNECTION_ESTABLISHMENT_T.S1CONNESTABATT_DELAY_TOLERANT_ACCESS,0)+IFNULL(PM_UEASSOCIATED_LOGICAL_S1_CONNECTION_ESTABLISHMENT_T.S1CONNESTABATT_EMERGENCY,0)+IFNULL(PM_UEASSOCIATED_LOGICAL_S1_CONNECTION_ESTABLISHMENT_T.S1CONNESTABATT_HI_PRIO_ACCESS,0)+IFNULL(PM_UEASSOCIATED_LOGICAL_S1_CONNECTION_ESTABLISHMENT_T.S1CONNESTABATT_MO_DATA,0)+IFNULL(PM_UEASSOCIATED_LOGICAL_S1_CONNECTION_ESTABLISHMENT_T.S1CONNESTABATT_MO_SIGNAL,0)+IFNULL(PM_UEASSOCIATED_LOGICAL_S1_CONNECTION_ESTABLISHMENT_T.S1CONNESTABATT_MO_VOICE_CALL,0)+IFNULL(PM_UEASSOCIATED_LOGICAL_S1_CONNECTION_ESTABLISHMENT_T.S1CONNESTABATT_MT_ACCESS,0)))*(SUM(IFNULL(PM_RRC_CONNECTION_ESTABLISHMENT_T.CONNESTABSUCC_DELAY_TOLERANT_ACCESS,0)+IFNULL(PM_RRC_CONNECTION_ESTABLISHMENT_T.CONNESTABSUCC_EMERGENCY,0)+IFNULL(PM_RRC_CONNECTION_ESTABLISHMENT_T.CONNESTABSUCC_HI_PRIO_ACCESS,0)+IFNULL(PM_RRC_CONNECTION_ESTABLISHMENT_T.CONNESTABSUCC_MO_DATA,0)+IFNULL(PM_RRC_CONNECTION_ESTABLISHMENT_T.CONNESTABSUCC_MO_SIGNAL,0)+IFNULL(PM_RRC_CONNECTION_ESTABLISHMENT_T.CONNESTABSUCC_MO_VOICE_CALL,0)+IFNULL(PM_RRC_CONNECTION_ESTABLISHMENT_T.CONNESTABSUCC_MT_ACCESS,0))/SUM(IFNULL(PM_RRC_CONNECTION_ESTABLISHMENT_T.CONNESTABATT_DELAY_TOLERANT_ACCESS,0)+IFNULL(PM_RRC_CONNECTION_ESTABLISHMENT_T.CONNESTABATT_EMERGENCY,0)+IFNULL(PM_RRC_CONNECTION_ESTABLISHMENT_T.CONNESTABATT_HI_PRIO_ACCESS,0)+IFNULL(PM_RRC_CONNECTION_ESTABLISHMENT_T.CONNESTABATT_MO_DATA,0)+IFNULL(PM_RRC_CONNECTION_ESTABLISHMENT_T.CONNESTABATT_MO_SIGNAL,0)+IFNULL(PM_RRC_CONNECTION_ESTABLISHMENT_T.CONNESTABATT_MO_VOICE_CALL,0)+IFNULL(PM_RRC_CONNECTION_ESTABLISHMENT_T.CONNESTABATT_MT_ACCESS,0)))*(SUM(IFNULL(PM_ERAB_SETUP_T.ESTABINITSUCCNBR_1,0)+IFNULL(PM_ERAB_SETUP_ADD_T.ESTABADDSUCCNBR_1,0))/SUM(IFNULL(PM_ERAB_SETUP_T.ESTABINITATTNBR_1,0)+IFNULL(PM_ERAB_SETUP_ADD_T.ESTABADDATTNBR_1,0)))*(SUM(IFNULL(PM_ERAB_SETUP_T.ESTABINITSUCCNBR_5,0)+IFNULL(PM_ERAB_SETUP_ADD_T.ESTABADDSUCCNBR_5,0))/SUM(IFNULL(PM_ERAB_SETUP_T.ESTABINITATTNBR_5,0)+IFNULL(PM_ERAB_SETUP_ADD_T.ESTABADDATTNBR_5,0)))))*(-60.7738522646515))+0.3*EXP(((SUM(IFNULL(PM_ERAB_RELEASE_BY_MME_PER_CELL_PER_QCI_T.RELABNORMALBYMMEACTQCI_1,0)+IFNULL(PM_ERAB_RELEASE_BY_ENB_PER_CELL_PER_QCI_T.RELABNORMALBYENBACTQCI_1,0)+IFNULL(PM_ERAB_RELEASE_BY_ENB_PER_CELL_PER_QCI_T.RELNORMALBYENBQCI_PRE_1,0))/SUM(IFNULL(PM_ERAB_RELEASE_BY_ENB_PER_CELL_PER_QCI_T.RELBYENBQCI_1,0)+IFNULL(PM_ERAB_RELEASE_BY_MME_PER_CELL_PER_QCI_T.RELBYMMEQCI_1,0))))*(-29.0037923298766))+0.1*EXP(((SUM(IFNULL(PM_ERAB_RELEASE_BY_MME_PER_CELL_PER_QCI_T.RELABNORMALBYMMEACTQCI_5,0)+IFNULL(PM_ERAB_RELEASE_BY_ENB_PER_CELL_PER_QCI_T.RELABNORMALBYENBACTQCI_5,0)+IFNULL(PM_ERAB_RELEASE_BY_ENB_PER_CELL_PER_QCI_T.RELNORMALBYENBQCI_PRE_5,0))/SUM(IFNULL(PM_ERAB_RELEASE_BY_ENB_PER_CELL_PER_QCI_T.RELBYENBQCI_5,0)+IFNULL(PM_ERAB_RELEASE_BY_MME_PER_CELL_PER_QCI_T.RELBYMMEQCI_5,0))))*(-95.8940241505935))+0.3*EXP((SUM(IFNULL(PM_UTRAN_SRVCC_T.UTRANSRVCCOUTSUCC_RADIO_REASON,0)+IFNULL(PM_UTRAN_SRVCC_T.UTRANSRVCCOUTSUCC_TIME_CRITICAL_HO,0))/SUM(IFNULL(PM_ERAB_RELEASE_BY_ENB_PER_CELL_PER_QCI_T.RELBYENBQCI_1,0)+IFNULL(PM_ERAB_RELEASE_BY_MME_PER_CELL_PER_QCI_T.RELBYMMEQCI_1,0)))*(-18.2321556793955))),0),2);;;;PM_UEASSOCIATED_LOGICAL_S1_CONNECTION_ESTABLISHMENT_T,PM_RRC_CONNECTION_ESTABLISHMENT_T,PM_ERAB_SETUP_T,PM_ERAB_SETUP_ADD_T,PM_ERAB_RELEASE_BY_MME_PER_CELL_PER_QCI_T,PM_ERAB_RELEASE_BY_ENB_PER_CELL_PER_QCI_T,PM_UTRAN_SRVCC_T;;;
WIRELESS;MEX;ERICSSON;RAN_4G;PM;MOBILITY;LCELL;VOLTE_RET;VOLTE_RET;Retenabilidad VoLTE;Porcentaje de sesiones VoLTE (Voz (QCI 1) y Señalización IMS (QCI 5)) que no terminan en una liberación anormal, ya sea por parte del eNodeB o del MME;;;;percentage;;2;%;;0 to 100;;;;;no;ROUND(100-IFNULL(100*(SUM(IFNULL(PM_EUTRANCELLFDD_V.PMERABRELABNORMALENBACTQCI_1,0)+IFNULL(PM_EUTRANCELLFDD_V.PMERABRELABNORMALENBACTQCI_5,0)+IFNULL(PM_EUTRANCELLFDD_V.PMERABRELABNORMALMMEACTQCI_1,0)+IFNULL(PM_EUTRANCELLFDD_V.PMERABRELABNORMALMMEACTQCI_5,0))/SUM(IFNULL(PM_EUTRANCELLFDD_V.PMERABRELNORMALENBQCI_5,0)+IFNULL(PM_EUTRANCELLFDD_V.PMERABRELABNORMALENBQCI_5,0)+IFNULL(PM_EUTRANCELLFDD_V.PMERABRELMMEQCI_5,0)+IFNULL(PM_EUTRANCELLFDD_V.PMERABRELNORMALENBQCI_1,0)+IFNULL(PM_EUTRANCELLFDD_V.PMERABRELABNORMALENBQCI_1,0)+IFNULL(PM_EUTRANCELLFDD_V.PMERABRELMMEQCI_1,0))),0),2);;;;PM_EUTRANCELLFDD_V;;;
WIRELESS;MEX;HUAWEI;RAN_4G;PM;MOBILITY;LCELL;VOLTE_RET;VOLTE_RET;Retenabilidad VoLTE;Porcentaje de sesiones VoLTE (Voz (QCI 1) y Señalización IMS (QCI 5)) que no terminan en una liberación anormal, ya sea por parte del eNodeB o del MME;;;;percentage;;2;%;;0 to 100;;;;;no;ROUND(100-IFNULL(100*SUM(IFNULL(PM_ERAB_REL_CELL.L_ERAB_ABNORMREL_QCI_1,0)+IFNULL(PM_ERAB_REL_CELL.L_ERAB_ABNORMREL_QCI_5,0)+IFNULL(PM_ERAB_REL_CELL.L_ERAB_ABNORMREL_MME_QCI_5,0)+IFNULL(PM_ERAB_REL_CELL.L_ERAB_ABNORMREL_MME_VOIP,0))/SUM(IFNULL(PM_ERAB_REL_CELL.L_ERAB_NORMREL_QCI_1,0)+IFNULL(PM_ERAB_REL_CELL.L_ERAB_ABNORMREL_QCI_1,0)+IFNULL(PM_ERAB_REL_CELL.L_ERAB_ABNORMREL_MME_QCI_5,0)+IFNULL(PM_ERAB_REL_CELL.L_ERAB_NORMREL_QCI_5,0)+IFNULL(PM_ERAB_REL_CELL.L_ERAB_ABNORMREL_MME_VOIP,0)+IFNULL(PM_ERAB_REL_CELL.L_ERAB_NORMREL_IRATHOOUT_QCI_1,0)+IFNULL(PM_ERAB_REL_CELL.L_ERAB_NORMREL_IRATHOOUT_QCI_5,0)+IFNULL(PM_ERAB_REL_CELL.L_ERAB_ABNORMREL_QCI_5,0)),0),2);;;;PM_ERAB_REL_CELL;;;
WIRELESS;MEX;SAMSUNG;RAN_4G;PM;MOBILITY;LCELL;VOLTE_RET;VOLTE_RET;Retenabilidad VoLTE;Porcentaje de sesiones VoLTE (Voz (QCI 1) y Señalización IMS (QCI 5)) que no terminan en una liberación anormal, ya sea por parte del eNodeB o del MME;;;;percentage;;2;%;;0 to 100;;;;;no;ROUND((100*(1 - IFNULL((SUM(PM_ERAB_RELEASE_BY_MME_PER_CELL_PER_QCI_T.RELABNORMALBYMMEACTQCI_1 + PM_ERAB_RELEASE_BY_ENB_PER_CELL_PER_QCI_T.RELABNORMALBYENBACTQCI_1 + PM_ERAB_RELEASE_BY_ENB_PER_CELL_PER_QCI_T.RELNORMALBYENBQCI_PRE_1) +(SUM(PM_ERAB_RELEASE_BY_MME_PER_CELL_PER_QCI_T.RELABNORMALBYMMEACTQCI_5 + PM_ERAB_RELEASE_BY_ENB_PER_CELL_PER_QCI_T.RELABNORMALBYENBACTQCI_5 + PM_ERAB_RELEASE_BY_ENB_PER_CELL_PER_QCI_T.RELNORMALBYENBQCI_PRE_5))) / (SUM(PM_ERAB_RELEASE_BY_ENB_PER_CELL_PER_QCI_T.RELBYENBQCI_1 + PM_ERAB_RELEASE_BY_MME_PER_CELL_PER_QCI_T.RELBYMMEQCI_1) +(SUM(PM_ERAB_RELEASE_BY_ENB_PER_CELL_PER_QCI_T.RELBYENBQCI_5 + PM_ERAB_RELEASE_BY_MME_PER_CELL_PER_QCI_T.RELBYMMEQCI_5))),0))),2);;;;PM_ERAB_RELEASE_BY_MME_PER_CELL_PER_QCI_T,PM_ERAB_RELEASE_BY_ENB_PER_CELL_PER_QCI_T;;;
WIRELESS;MEX;NOKIA;RAN_4G;PM;MOBILITY;LCELL;VOLTE_RET;VOLTE_RET;Retenabilidad VoLTE;Porcentaje de sesiones VoLTE (Voz (QCI 1) y Señalización IMS (QCI 5)) que no terminan en una liberación anormal, ya sea por parte del eNodeB o del MME;;;;percentage;;2;%;;0 to 100;;;;;no;ROUND(100-100*IFNULL(SUM(IFNULL(PM_LTE_ERAB_STATISTICS_PER_PMQAP_PROFILE_T.ERAB_REL_ABNORMAL_ACT_PROFILE_3,0)+IFNULL(PM_LTE_ERAB_STATISTICS_PER_PMQAP_PROFILE_T.ERAB_REL_ABNORMAL_ACT_PROFILE_4,0)+IFNULL(PM_LTE_ERAB_STATISTICS_PER_PMQAP_PROFILE_T.ERAB_REL_ABNORMAL_ACT_PROFILE_7,0)+IFNULL(PM_LTE_ERAB_STATISTICS_PER_PMQAP_PROFILE_T.ERAB_REL_ABNORMAL_ACT_PROFILE_8,0)+IFNULL(PM_LTE_ERAB_STATISTICS_PER_PMQAP_PROFILE_T.ERAB_REL_ABNORMAL_ACT_PROFILE_18,0)+IFNULL(PM_LTE_ERAB_STATISTICS_PER_PMQAP_PROFILE_T.ERAB_REL_ABNORMAL_ACT_PROFILE_19,0)+IFNULL(PM_LTE_ERAB_STATISTICS_PER_PMQAP_PROFILE_T.ERAB_REL_ABNORMAL_ACT_MME_PR_3,0)+IFNULL(PM_LTE_ERAB_STATISTICS_PER_PMQAP_PROFILE_T.ERAB_REL_ABNORMAL_ACT_MME_PR_4,0)+IFNULL(PM_LTE_ERAB_STATISTICS_PER_PMQAP_PROFILE_T.ERAB_REL_ABNORMAL_ACT_MME_PR_7,0)+IFNULL(PM_LTE_ERAB_STATISTICS_PER_PMQAP_PROFILE_T.ERAB_REL_ABNORMAL_ACT_MME_PR_8,0)+IFNULL(PM_LTE_ERAB_STATISTICS_PER_PMQAP_PROFILE_T.ERAB_REL_ABNORMAL_ACT_MME_PR_18,0)+IFNULL(PM_LTE_ERAB_STATISTICS_PER_PMQAP_PROFILE_T.ERAB_REL_ABNORMAL_ACT_MME_PR_19,0))/SUM(IFNULL(PM_LTE_ERAB_STATISTICS_PER_PMQAP_PROFILE_T.ERAB_REL_NORMAL_PROFILE_3,0)+IFNULL(PM_LTE_ERAB_STATISTICS_PER_PMQAP_PROFILE_T.ERAB_REL_NORMAL_PROFILE_4,0)+IFNULL(PM_LTE_ERAB_STATISTICS_PER_PMQAP_PROFILE_T.ERAB_REL_NORMAL_PROFILE_7,0)+IFNULL(PM_LTE_ERAB_STATISTICS_PER_PMQAP_PROFILE_T.ERAB_REL_NORMAL_PROFILE_8,0)+IFNULL(PM_LTE_ERAB_STATISTICS_PER_PMQAP_PROFILE_T.ERAB_REL_NORMAL_PROFILE_18,0)+IFNULL(PM_LTE_ERAB_STATISTICS_PER_PMQAP_PROFILE_T.ERAB_REL_NORMAL_PROFILE_19,0)+IFNULL(PM_LTE_ERAB_STATISTICS_PER_PMQAP_PROFILE_T.ERAB_REL_ALL_ABNORMAL_PROFILE_3,0)+IFNULL(PM_LTE_ERAB_STATISTICS_PER_PMQAP_PROFILE_T.ERAB_REL_ALL_ABNORMAL_PROFILE_4,0)+IFNULL(PM_LTE_ERAB_STATISTICS_PER_PMQAP_PROFILE_T.ERAB_REL_ALL_ABNORMAL_PROFILE_7,0)+IFNULL(PM_LTE_ERAB_STATISTICS_PER_PMQAP_PROFILE_T.ERAB_REL_ALL_ABNORMAL_PROFILE_8,0)+IFNULL(PM_LTE_ERAB_STATISTICS_PER_PMQAP_PROFILE_T.ERAB_REL_ALL_ABNORMAL_PROFILE_18,0)+IFNULL(PM_LTE_ERAB_STATISTICS_PER_PMQAP_PROFILE_T.ERAB_REL_ALL_ABNORMAL_PROFILE_19,0)),0),2);;;;PM_LTE_ERAB_STATISTICS_PER_PMQAP_PROFILE_T;;;
WIRELESS;MEX;HUAWEI;RAN_4G;PM;COVERAGE;LCELL;LOW_SINR;LOW_SINR;Porcentaje por debajo del Umbral SINR;"Indica el número de muestras de SINR que están por debajo de un umbral definido como ""bajo"" (ejemplo: < 0 dB, < 5 dB, depende de la configuración del operador). Nos indica calidad de la señal.";;;;percentage;;2;%;;0 to 100;;;;;no;ROUND(IFNULL(100*SUM(IFNULL(PM_CHMEAS_PWR2_CELL.L_UL_SINR_PUSCH_INDEX0,0)+IFNULL(PM_CHMEAS_PWR2_CELL.L_UL_SINR_PUSCH_INDEX1,0)+IFNULL(PM_CHMEAS_PWR2_CELL.L_UL_SINR_PUSCH_INDEX2,0))/SUM(IFNULL(PM_CHMEAS_PWR2_CELL.L_UL_SINR_PUSCH_INDEX0,0)+IFNULL(PM_CHMEAS_PWR2_CELL.L_UL_SINR_PUSCH_INDEX1,0)+IFNULL(PM_CHMEAS_PWR2_CELL.L_UL_SINR_PUSCH_INDEX2,0)+IFNULL(PM_CHMEAS_PWR2_CELL.L_UL_SINR_PUSCH_INDEX3,0)+IFNULL(PM_CHMEAS_PWR2_CELL.L_UL_SINR_PUSCH_INDEX4,0)+IFNULL(PM_CHMEAS_PWR2_CELL.L_UL_SINR_PUSCH_INDEX5,0)+IFNULL(PM_CHMEAS_PWR2_CELL.L_UL_SINR_PUSCH_INDEX6,0)+IFNULL(PM_CHMEAS_PWR2_CELL.L_UL_SINR_PUSCH_INDEX7,0)),0),2);;;;PM_CHMEAS_PWR2_CELL;;;
WIRELESS;MEX;HUAWEI;RAN_4G;PM;COVERAGE;LCELL;LOW_SINR_N;LOW_SINR_N;Nominador del Umbral SINR;"N de Numerador. Indica el número de muestras de SINR que están por debajo de un umbral definido como ""bajo"" (ejemplo: < 0 dB, < 5 dB, depende de la configuración del operador). Nos indica calidad de la señal.";;;;;;;dB;;;;;;;no;SUM(IFNULL(PM_CHMEAS_PWR2_CELL.L_UL_SINR_PUSCH_INDEX0,0)+IFNULL(PM_CHMEAS_PWR2_CELL.L_UL_SINR_PUSCH_INDEX1,0)+IFNULL(PM_CHMEAS_PWR2_CELL.L_UL_SINR_PUSCH_INDEX2,0));;;;PM_CHMEAS_PWR2_CELL;;;
WIRELESS;MEX;HUAWEI;RAN_4G;PM;COVERAGE;LCELL;LOW_SINR_D;LOW_SINR_D;Denominador del Umbral SINR;D de Denominador. Indica número total de muestras de SINR recogidas en la celda (a través de reportes de UEs: RLF, MDT, A2/A3 events, etc.).;;;;;;;dB;;;;;;;no;SUM(IFNULL(PM_CHMEAS_PWR2_CELL.L_UL_SINR_PUSCH_INDEX0,0)+IFNULL(PM_CHMEAS_PWR2_CELL.L_UL_SINR_PUSCH_INDEX1,0)+IFNULL(PM_CHMEAS_PWR2_CELL.L_UL_SINR_PUSCH_INDEX2,0)+IFNULL(PM_CHMEAS_PWR2_CELL.L_UL_SINR_PUSCH_INDEX3,0)+IFNULL(PM_CHMEAS_PWR2_CELL.L_UL_SINR_PUSCH_INDEX4,0)+IFNULL(PM_CHMEAS_PWR2_CELL.L_UL_SINR_PUSCH_INDEX5,0)+IFNULL(PM_CHMEAS_PWR2_CELL.L_UL_SINR_PUSCH_INDEX6,0)+IFNULL(PM_CHMEAS_PWR2_CELL.L_UL_SINR_PUSCH_INDEX7,0));;;;PM_CHMEAS_PWR2_CELL;;;
WIRELESS;MEX;HUAWEI;RAN_4G;PM;COVERAGE;LCELL;LOW_RSRP;LOW_RSRP;Porcentaje por debajo del Umbral RSRP;Número de muestras en la celda con RSRP (Reference Signal Received Power) por debajo de un umbral definido (por ejemplo, -110 dBm).;;;;percentage;;2;%;;0 to 100;;;;;no;ROUND(100*IFNULL(SUM(IFNULL(PM_CHMEAS_PWR1_CELL.L_MEASRPTS_RSRP_INDEX0,0))/(SUM(IFNULL(PM_CHMEAS_PWR1_CELL.L_MEASRPTS_RSRP_INDEX0,0)+IFNULL(PM_CHMEAS_PWR1_CELL.L_MEASRPTS_RSRP_INDEX1,0)+IFNULL(PM_CHMEAS_PWR1_CELL.L_MEASRPTS_RSRP_INDEX2,0)+IFNULL(PM_CHMEAS_PWR1_CELL.L_MEASRPTS_RSRP_INDEX3,0)+IFNULL(PM_CHMEAS_PWR1_CELL.L_MEASRPTS_RSRP_INDEX4,0))),0),2);;;;PM_CHMEAS_PWR1_CELL;;;
WIRELESS;MEX;HUAWEI;RAN_4G;PM;COVERAGE;LCELL;LOW_RSRP_N;LOW_RSRP_N;Numerador del Umbral RSRP;Número de muestras en la celda con RSRP (Reference Signal Received Power) por debajo de un umbral definido (por ejemplo, -110 dBm). La N corresponde a la abreviación de Numerador.;;;;;;;;;;;;;;no;SUM(IFNULL(PM_CHMEAS_PWR1_CELL.L_MEASRPTS_RSRP_INDEX0,0));;;;PM_CHMEAS_PWR1_CELL;;;
WIRELESS;MEX;HUAWEI;RAN_4G;PM;COVERAGE;LCELL;LOW_RSRP_D;LOW_RSRP_D;Denominador del Umbral RSRP;Número total de muestras RSRP consideradas en la celda para el cálculo. La D corresponde a la abreviación de Denominador.;;;;;;;;;;;;;;no;SUM(IFNULL(PM_CHMEAS_PWR1_CELL.L_MEASRPTS_RSRP_INDEX0,0)+IFNULL(PM_CHMEAS_PWR1_CELL.L_MEASRPTS_RSRP_INDEX1,0)+IFNULL(PM_CHMEAS_PWR1_CELL.L_MEASRPTS_RSRP_INDEX2,0)+IFNULL(PM_CHMEAS_PWR1_CELL.L_MEASRPTS_RSRP_INDEX3,0)+IFNULL(PM_CHMEAS_PWR1_CELL.L_MEASRPTS_RSRP_INDEX4,0));;;;PM_CHMEAS_PWR1_CELL;;;
WIRELESS;MEX;HUAWEI;RAN_4G;PM;TRAFFIC;LCELL;THPT_6_9;THPT_6_9;Throughput QCI 6 a 9;Throughput promedio en downlink para usuarios con QCI entre 6 y 9, calculado como el total de bits transmitidos (excluyendo el último TTI) dividido por el tiempo total de transmisión en ese rango. Este KPI refleja la eficiencia de transmisión para usuarios con calidad de canal media.;;;;;;;;;;;;;;yes;THPT_6_9_NUM/THPT_6_9_DEN;;;;PM_TRAFFIC_THRUPUT_CELL;;;
WIRELESS;MEX;ERICSSON;RAN_4G;PM;QoS;LCELL;ERAB_6_9_NUM;ERAB_6_9_NUM;Numerador ERAB QCI 6 a 9;Total de ERABs exitosamente establecidos (tanto iniciales como adicionales) para los QCI 6 a 9. Adicionales corresponden a cuando un usuario ya conectado solicita otro servicio.;;;;;;;;;;;;;;no;SUM(IFNULL(PM_EUTRANCELLFDD_V.PMERABESTABSUCCINITQCI_6,0)+IFNULL(PM_EUTRANCELLFDD_V.PMERABESTABSUCCINITQCI_7,0)+IFNULL(PM_EUTRANCELLFDD_V.PMERABESTABSUCCINITQCI_8,0)+IFNULL(PM_EUTRANCELLFDD_V.PMERABESTABSUCCINITQCI_9,0)+IFNULL(PM_EUTRANCELLFDD_V.PMERABESTABSUCCADDEDQCI_6,0)+IFNULL(PM_EUTRANCELLFDD_V.PMERABESTABSUCCADDEDQCI_7,0)+IFNULL(PM_EUTRANCELLFDD_V.PMERABESTABSUCCADDEDQCI_8,0)+IFNULL(PM_EUTRANCELLFDD_V.PMERABESTABSUCCADDEDQCI_9,0));;;;PM_EUTRANCELLFDD_V;;;
WIRELESS;MEX;ERICSSON;RAN_4G;PM;QoS;LCELL;ERAB_6_9_DEN;ERAB_6_9_DEN;Denominador ERAB QCI 6 a 9;Total de intentos de establecimiento de ERABs para QCI 6 a 9;;;;;;;;;;;;;;no;SUM(IFNULL(PM_EUTRANCELLFDD_V.PMERABESTABATTINITQCI_6,0)+IFNULL(PM_EUTRANCELLFDD_V.PMERABESTABATTINITQCI_7,0)+IFNULL(PM_EUTRANCELLFDD_V.PMERABESTABATTINITQCI_8,0)+IFNULL(PM_EUTRANCELLFDD_V.PMERABESTABATTINITQCI_9,0)+IFNULL(PM_EUTRANCELLFDD_V.PMERABESTABATTADDEDQCI_6,0)+IFNULL(PM_EUTRANCELLFDD_V.PMERABESTABATTADDEDQCI_7,0)+IFNULL(PM_EUTRANCELLFDD_V.PMERABESTABATTADDEDQCI_8,0)+IFNULL(PM_EUTRANCELLFDD_V.PMERABESTABATTADDEDQCI_9,0))-(SUM(IFNULL(PM_EUTRANCELLFDD_V.PMERABESTABATTADDEDHOONGOINGQCI_6,0)+IFNULL(PM_EUTRANCELLFDD_V.PMERABESTABATTADDEDHOONGOINGQCI_7,0)+IFNULL(PM_EUTRANCELLFDD_V.PMERABESTABATTADDEDHOONGOINGQCI_8,0)+IFNULL(PM_EUTRANCELLFDD_V.PMERABESTABATTADDEDHOONGOINGQCI_9,0))*(SUM(IFNULL(PM_EUTRANCELLFDD_V.PMHOEXEOUTSUCCQCI_6,0)+IFNULL(PM_EUTRANCELLFDD_V.PMHOEXEOUTSUCCQCI_7,0)+IFNULL(PM_EUTRANCELLFDD_V.PMHOEXEOUTSUCCQCI_8,0)+IFNULL(PM_EUTRANCELLFDD_V.PMHOEXEOUTSUCCQCI_9,0))/SUM(IFNULL(PM_EUTRANCELLFDD_V.PMHOEXEOUTATTQCI_6,0)+IFNULL(PM_EUTRANCELLFDD_V.PMHOEXEOUTATTQCI_7,0)+IFNULL(PM_EUTRANCELLFDD_V.PMHOEXEOUTATTQCI_8,0)+IFNULL(PM_EUTRANCELLFDD_V.PMHOEXEOUTATTQCI_9,0))));;;;PM_EUTRANCELLFDD_V;;;
WIRELESS;MEX;ERICSSON;RAN_4G;PM;QoS;LCELL;ERAB_6_9;ERAB_6_9;Accesibilidad ERAB QCI 6 a 9;Tasa de éxito en el establecimiento de E-RABs de QCI 6 a 9;;;;;;;;;;;;;;yes;100*ERAB_6_9_NUM/ERAB_6_9_DEN;;;;PM_EUTRANCELLFDD_V;;;
WIRELESS;MEX;ERICSSON;RAN_4G;PM;QoS;LCELL;ACC_6_9;ACC_6_9;Accesibilidad QCI 6 a 9;Tasa compuesta de éxito en el establecimiento de E-RABs de datos (QCI 6 a 9), ponderada por el éxito global de E-RAB y de la conexión S1;;;;;;;;;;;;;;yes;100*(ERAB_6_9_NUM*ERAB_SUCCESS*S1_SUCCESS)/(ERAB_6_9_DEN*ERABS_ATTEMPTS*S1_ATTEMPTS);;;;PM_EUTRANCELLFDD,PM_EUTRANCELLFDD_V;;;
WIRELESS;MEX;ERICSSON;RAN_4G;PM;QoS;LCELL;RET_6_9_NUM;RET_6_9_NUM;Numerador Retenebilidad QCI 6 a 9;Total de liberaciones anormales de ERABs para QCI 6 a 9, incluyendo aquellas originadas por la celda y por el MME. Se utiliza como numerador en KPIs que evalúan la estabilidad de la conexión para usuarios con QCI 6–9.;;;;;;;;;;;;;;no;SUM(IFNULL(PM_EUTRANCELLFDD_V.PMERABRELABNORMALENBACTQCI_6,0)+IFNULL(PM_EUTRANCELLFDD_V.PMERABRELABNORMALENBACTQCI_7,0)+IFNULL(PM_EUTRANCELLFDD_V.PMERABRELABNORMALENBACTQCI_8,0)+IFNULL(PM_EUTRANCELLFDD_V.PMERABRELABNORMALENBACTQCI_9,0)+IFNULL(PM_EUTRANCELLFDD_V.PMERABRELABNORMALMMEACTQCI_6,0)+IFNULL(PM_EUTRANCELLFDD_V.PMERABRELABNORMALMMEACTQCI_7,0)+IFNULL(PM_EUTRANCELLFDD_V.PMERABRELABNORMALMMEACTQCI_8,0)+IFNULL(PM_EUTRANCELLFDD_V.PMERABRELABNORMALMMEACTQCI_9,0));;;;PM_EUTRANCELLFDD_V;;;
WIRELESS;MEX;ERICSSON;RAN_4G;PM;QoS;LCELL;RET_6_9_DEN;RET_6_9_DEN;Denominador Retenebilidad QCI 6 a 9;Total de ERABs liberados (tanto normales como anormales, incluyendo IRAT HO out) para los QCI 6 a 9;;;;;;;;;;;;;;no;SUM(IFNULL(PM_EUTRANCELLFDD_V.PMERABRELNORMALENBQCI_6,0)+IFNULL(PM_EUTRANCELLFDD_V.PMERABRELNORMALENBQCI_7,0)+IFNULL(PM_EUTRANCELLFDD_V.PMERABRELNORMALENBQCI_8,0)+IFNULL(PM_EUTRANCELLFDD_V.PMERABRELNORMALENBQCI_9,0)+IFNULL(PM_EUTRANCELLFDD_V.PMERABRELMMEQCI_6,0)+IFNULL(PM_EUTRANCELLFDD_V.PMERABRELMMEQCI_7,0)+IFNULL(PM_EUTRANCELLFDD_V.PMERABRELMMEQCI_8,0)+IFNULL(PM_EUTRANCELLFDD_V.PMERABRELMMEQCI_9,0)+IFNULL(PM_UTRANCELLRELATION_T.PMHOEXESUCCSRVCC,0));;;;PM_EUTRANCELLFDD_V,PM_UTRANCELLRELATION_T;;;
WIRELESS;MEX;ERICSSON;RAN_4G;PM;QoS;LCELL;RET_6_9;RET_6_9;Retenebilidad QCI 6 a 9;Porcentaje de retención de ERABs para usuarios con QCI entre 6 y 9, calculado como el complemento de la tasa de liberaciones anormales sobre el total de liberaciones en ese rango. Este KPI refleja la estabilidad de la conexión para usuarios con calidad QCI6 a 9.;;;;;;;;;;;;;;yes;100*(1-RET_6_9_NUM/RET_6_9_DEN);;;;PM_EUTRANCELLFDD_V,PM_UTRANCELLRELATION_T;;;
WIRELESS;MEX;ERICSSON;RAN_4G;PM;TRAFFIC;LCELL;THPT_6_9_NUM;THPT_6_9_NUM;Bits transmitidos QCI 6 a 9;El total de bits transmitidos efectivamente en DL para bearers best-effort (QCI 6–9) en la celda, descartando el último TTI parcial.;;;;;;;;;;;;;;no;(SUM(IFNULL(PM_EUTRANCELLFDD_V.PMPDCPVOLDLDRBQCI_6,0)-IFNULL(PM_EUTRANCELLFDD_V.PMPDCPVOLDLDRBLASTTTIQCI_6,0))+SUM(IFNULL(PM_EUTRANCELLFDD_V.PMPDCPVOLDLDRBQCI_7,0)-IFNULL(PM_EUTRANCELLFDD_V.PMPDCPVOLDLDRBLASTTTIQCI_7,0))+SUM(IFNULL(PM_EUTRANCELLFDD_V.PMPDCPVOLDLDRBQCI_8,0)-IFNULL(PM_EUTRANCELLFDD_V.PMPDCPVOLDLDRBLASTTTIQCI_8,0))+SUM(IFNULL(PM_EUTRANCELLFDD_V.PMPDCPVOLDLDRBQCI_9,0)-IFNULL(PM_EUTRANCELLFDD_V.PMPDCPVOLDLDRBLASTTTIQCI_9,0)))*1000;;;;PM_EUTRANCELLFDD_V;;;
WIRELESS;MEX;ERICSSON;RAN_4G;PM;TRAFFIC;LCELL;THPT_6_9_DEN;THPT_6_9_DEN;Tiempo transmisión QCI 6 a 9;Representa el denominador de throughput: el tiempo total de transmisión DL (en TTIs válidos, excluyendo el último TTI incompleto (para evitar doble conteo o sesgo)) utilizado por E-RABs QCI 6–9. TTI (Transmission Time Interval);;;;;;;;;;;;;;no;SUM(IFNULL(PM_EUTRANCELLFDD_V.PMDRBTHPTIMEDLQCI_6,0)+IFNULL(PM_EUTRANCELLFDD_V.PMDRBTHPTIMEDLQCI_7,0)+IFNULL(PM_EUTRANCELLFDD_V.PMDRBTHPTIMEDLQCI_8,0)+IFNULL(PM_EUTRANCELLFDD_V.PMDRBTHPTIMEDLQCI_9,0));;;;PM_EUTRANCELLFDD_V;;;
WIRELESS;MEX;ERICSSON;RAN_4G;PM;TRAFFIC;LCELL;THPT_6_9;THPT_6_9;Throughput QCI 6 a 9;Throughput promedio en downlink para usuarios con QCI entre 6 y 9, calculado como el total de bits transmitidos (excluyendo el último TTI) dividido por el tiempo total de transmisión en ese rango. Este KPI refleja la eficiencia de transmisión para usuarios con calidad de canal media.;;;;;;;;;;;;;;yes;THPT_6_9_NUM/THPT_6_9_DEN;;;;PM_EUTRANCELLFDD_V;;;
WIRELESS;MEX;ERICSSON;RAN_4G;PM;COVERAGE;LCELL;LOW_SINR;LOW_SINR;Porcentaje por debajo del Umbral SINR;"Indica el número de muestras de SINR que están por debajo de un umbral definido como ""bajo"" (ejemplo: < 0 dB, < 5 dB, depende de la configuración del operador). Nos indica calidad de la señal.";;;;percentage;;2;%;;0 to 100;;;;;no;ROUND(IFNULL(100*SUM(IFNULL(PM_EUTRANCELLFDD_V.PMSINRPUSCHDISTR_0,0)+IFNULL(PM_EUTRANCELLFDD_V.PMSINRPUSCHDISTR_1,0)+IFNULL(PM_EUTRANCELLFDD_V.PMSINRPUSCHDISTR_2,0))/SUM(IFNULL(PM_EUTRANCELLFDD_V.PMSINRPUSCHDISTR_0,0)+IFNULL(PM_EUTRANCELLFDD_V.PMSINRPUSCHDISTR_1,0)+IFNULL(PM_EUTRANCELLFDD_V.PMSINRPUSCHDISTR_2,0)+IFNULL(PM_EUTRANCELLFDD_V.PMSINRPUSCHDISTR_3,0)+IFNULL(PM_EUTRANCELLFDD_V.PMSINRPUSCHDISTR_4,0)+IFNULL(PM_EUTRANCELLFDD_V.PMSINRPUSCHDISTR_5,0)+IFNULL(PM_EUTRANCELLFDD_V.PMSINRPUSCHDISTR_6,0)+IFNULL(PM_EUTRANCELLFDD_V.PMSINRPUSCHDISTR_7,0)+IFNULL(PM_EUTRANCELLFDD_V.PMSINRPUSCHDISTR_8,0)),0),2);;;;PM_EUTRANCELLFDD_V;;;
WIRELESS;MEX;ERICSSON;RAN_4G;PM;COVERAGE;LCELL;LOW_SINR_N;LOW_SINR_N;Nominador del Umbral SINR;"N de Numerador. Indica el número de muestras de SINR que están por debajo de un umbral definido como ""bajo"" (ejemplo: < 0 dB, < 5 dB, depende de la configuración del operador). Nos indica calidad de la señal.";;;;;;;dB;;;;;;;no;SUM(IFNULL(PM_EUTRANCELLFDD_V.PMSINRPUSCHDISTR_0,0)+IFNULL(PM_EUTRANCELLFDD_V.PMSINRPUSCHDISTR_1,0)+IFNULL(PM_EUTRANCELLFDD_V.PMSINRPUSCHDISTR_2,0));;;;PM_EUTRANCELLFDD_V;;;
WIRELESS;MEX;ERICSSON;RAN_4G;PM;COVERAGE;LCELL;LOW_SINR_D;LOW_SINR_D;Denominador del Umbral SINR;D de Denominador. Indica número total de muestras de SINR recogidas en la celda (a través de reportes de UEs: RLF, MDT, A2/A3 events, etc.).;;;;;;;dB;;;;;;;no;SUM(IFNULL(PM_EUTRANCELLFDD_V.PMSINRPUSCHDISTR_0,0)+IFNULL(PM_EUTRANCELLFDD_V.PMSINRPUSCHDISTR_1,0)+IFNULL(PM_EUTRANCELLFDD_V.PMSINRPUSCHDISTR_2,0)+IFNULL(PM_EUTRANCELLFDD_V.PMSINRPUSCHDISTR_3,0)+IFNULL(PM_EUTRANCELLFDD_V.PMSINRPUSCHDISTR_4,0)+IFNULL(PM_EUTRANCELLFDD_V.PMSINRPUSCHDISTR_5,0)+IFNULL(PM_EUTRANCELLFDD_V.PMSINRPUSCHDISTR_6,0)+IFNULL(PM_EUTRANCELLFDD_V.PMSINRPUSCHDISTR_7,0)+IFNULL(PM_EUTRANCELLFDD_V.PMSINRPUSCHDISTR_8,0));;;;PM_EUTRANCELLFDD_V;;;
WIRELESS;MEX;ERICSSON;RAN_4G;PM;COVERAGE;LCELL;LOW_RSRP;LOW_RSRP;Porcentaje por debajo del Umbral RSRP;Número de muestras en la celda con RSRP por debajo de un umbral definido (por ejemplo, -110 dBm).;;;;percentage;;2;%;;0 to 100;;;;;no;ROUND(IFNULL(100*SUM(IFNULL(PM_EUTRANCELLFDD_V.PMSINRPUSCHDISTR_0,0)+IFNULL(PM_EUTRANCELLFDD_V.PMSINRPUSCHDISTR_1,0)+IFNULL(PM_EUTRANCELLFDD_V.PMSINRPUSCHDISTR_2,0))/SUM(IFNULL(PM_EUTRANCELLFDD_V.PMSINRPUSCHDISTR_0,0)+IFNULL(PM_EUTRANCELLFDD_V.PMSINRPUSCHDISTR_1,0)+IFNULL(PM_EUTRANCELLFDD_V.PMSINRPUSCHDISTR_2,0)+IFNULL(PM_EUTRANCELLFDD_V.PMSINRPUSCHDISTR_3,0)+IFNULL(PM_EUTRANCELLFDD_V.PMSINRPUSCHDISTR_4,0)+IFNULL(PM_EUTRANCELLFDD_V.PMSINRPUSCHDISTR_5,0)+IFNULL(PM_EUTRANCELLFDD_V.PMSINRPUSCHDISTR_6,0)+IFNULL(PM_EUTRANCELLFDD_V.PMSINRPUSCHDISTR_7,0)+IFNULL(PM_EUTRANCELLFDD_V.PMSINRPUSCHDISTR_8,0)),0),2);;;;PM_PMUEMEASCONTROL_V;;;
WIRELESS;MEX;ERICSSON;RAN_4G;PM;COVERAGE;LCELL;LOW_RSRP_N;LOW_RSRP_N;Numerador del Umbral RSRP;Número de muestras en la celda con RSRP por debajo de un umbral definido (por ejemplo, -110 dBm). La N corresponde a la abreviación de Numerador.;;;;;;;;;;;;;;no;SUM(IFNULL(PM_PMUEMEASCONTROL_V.PMUEMEASRSRPSERVINTRAFREQ1_0,0)+IFNULL(PM_PMUEMEASCONTROL_V.PMUEMEASRSRPSERVINTRAFREQ1_1,0)+IFNULL(PM_PMUEMEASCONTROL_V.PMUEMEASRSRPSERVINTRAFREQ1_2,0));;;;PM_PMUEMEASCONTROL_V;;;
WIRELESS;MEX;ERICSSON;RAN_4G;PM;COVERAGE;LCELL;LOW_RSRP_D;LOW_RSRP_D;Denominador del Umbral RSRP;Número total de muestras RSRP consideradas en la celda para el cálculo. La D corresponde a la abreviación de Denominador.;;;;;;;;;;;;;;no;SUM(IFNULL(PM_PMUEMEASCONTROL_V.PMUEMEASRSRPSERVINTRAFREQ1_0,0)+IFNULL(PM_PMUEMEASCONTROL_V.PMUEMEASRSRPSERVINTRAFREQ1_1,0)+IFNULL(PM_PMUEMEASCONTROL_V.PMUEMEASRSRPSERVINTRAFREQ1_2,0)+IFNULL(PM_PMUEMEASCONTROL_V.PMUEMEASRSRPSERVINTRAFREQ1_3,0)+IFNULL(PM_PMUEMEASCONTROL_V.PMUEMEASRSRPSERVINTRAFREQ1_4,0)+IFNULL(PM_PMUEMEASCONTROL_V.PMUEMEASRSRPSERVINTRAFREQ1_5,0)+IFNULL(PM_PMUEMEASCONTROL_V.PMUEMEASRSRPSERVINTRAFREQ1_6,0)+IFNULL(PM_PMUEMEASCONTROL_V.PMUEMEASRSRPSERVINTRAFREQ1_7,0)+IFNULL(PM_PMUEMEASCONTROL_V.PMUEMEASRSRPSERVINTRAFREQ1_8,0)+IFNULL(PM_PMUEMEASCONTROL_V.PMUEMEASRSRPSERVINTRAFREQ1_9,0)+IFNULL(PM_PMUEMEASCONTROL_V.PMUEMEASRSRPSERVINTRAFREQ1_10,0)+IFNULL(PM_PMUEMEASCONTROL_V.PMUEMEASRSRPSERVINTRAFREQ1_11,0)+IFNULL(PM_PMUEMEASCONTROL_V.PMUEMEASRSRPSERVINTRAFREQ1_12,0)+IFNULL(PM_PMUEMEASCONTROL_V.PMUEMEASRSRPSERVINTRAFREQ1_13,0)+IFNULL(PM_PMUEMEASCONTROL_V.PMUEMEASRSRPSERVINTRAFREQ1_14,0)+IFNULL(PM_PMUEMEASCONTROL_V.PMUEMEASRSRPSERVINTRAFREQ1_15,0)+IFNULL(PM_PMUEMEASCONTROL_V.PMUEMEASRSRPSERVINTRAFREQ1_16,0));;;;PM_PMUEMEASCONTROL_V;;;
WIRELESS;MEX;NOKIA;RAN_4G;PM;QoS;LCELL;ERAB_6_9_NUM;ERAB_6_9_NUM;Numerador ERAB QCI 6 a 9;Total de ERABs exitosamente establecidos (tanto iniciales como adicionales) para los QCI 6 a 9. Adicionales corresponden a cuando un usuario ya conectado solicita otro servicio.;;;;;;;;;;;;;;no;SUM(IFNULL(PM_LTE_EPS_BEARER.ERAB_INI_SETUP_SUCC_QCI6,0)+IFNULL(PM_LTE_EPS_BEARER.ERAB_ADD_SETUP_SUCC_QCI7,0)+IFNULL(PM_LTE_EPS_BEARER.ERAB_ADD_SETUP_SUCC_QCI8,0)+IFNULL(PM_LTE_EPS_BEARER.ERAB_ADD_SETUP_SUCC_QCI9,0));;;;PM_LTE_EPS_BEARER;;;
WIRELESS;MEX;NOKIA;RAN_4G;PM;QoS;LCELL;ERAB_6_9_DEN;ERAB_6_9_DEN;Denominador ERAB QCI 6 a 9;Total de intentos de establecimiento de ERABs para QCI 6 a 9;;;;;;;;;;;;;;no;SUM(IFNULL(PM_LTE_EPS_BEARER.ERAB_INI_SETUP_ATT_QCI6,0)+IFNULL(PM_LTE_EPS_BEARER.ERAB_ADD_SETUP_ATT_QCI7,0)+IFNULL(PM_LTE_EPS_BEARER.ERAB_ADD_SETUP_ATT_QCI8,0)+IFNULL(PM_LTE_EPS_BEARER.ERAB_ADD_SETUP_ATT_QCI9,0));;;;PM_LTE_EPS_BEARER;;;
WIRELESS;MEX;NOKIA;RAN_4G;PM;QoS;LCELL;ERAB_6_9;ERAB_6_9;Accesibilidad ERAB QCI 6 a 9;Tasa de éxito en el establecimiento de E-RABs de QCI 6 a 9;;;;;;;;;;;;;;yes;100*ERAB_6_9_NUM/ERAB_6_9_DEN;;;;PM_LTE_EPS_BEARER;;;
WIRELESS;MEX;NOKIA;RAN_4G;PM;QoS;LCELL;ACC_6_9;ACC_6_9;Accesibilidad QCI 6 a 9;Tasa compuesta de éxito en el establecimiento de E-RABs de datos (QCI 6 a 9), ponderada por el éxito global de E-RAB y de la conexión S1;;;;;;;;;;;;;;yes;100*(ERAB_6_9_NUM*ERAB_SUCCESS*S1_SUCCESS)/(ERAB_6_9_DEN*ERABS_ATTEMPTS*S1_ATTEMPTS);;;;PM_LTE_EPS_BEARER,PM_LTE_UE_STATE;;;
WIRELESS;MEX;NOKIA;RAN_4G;PM;QoS;LCELL;RET_6_9_NUM;RET_6_9_NUM;Numerador Retenebilidad QCI 6 a 9;Total de liberaciones anormales de ERABs para QCI 6 a 9, incluyendo aquellas originadas por la celda y por el MME. Se utiliza como numerador en KPIs que evalúan la estabilidad de la conexión para usuarios con QCI 6–9.;;;;;;;;;;;;;;no;SUM(IFNULL(PM_LTE_ERAB_STATISTICS_PER_PMQAP_PROFILE_T.ERAB_REL_ABNORMAL_ACT_PROFILE_9,0)+IFNULL(PM_LTE_ERAB_STATISTICS_PER_PMQAP_PROFILE_T.ERAB_REL_ABNORMAL_ACT_PROFILE_10,0)+IFNULL(PM_LTE_ERAB_STATISTICS_PER_PMQAP_PROFILE_T.ERAB_REL_ABNORMAL_ACT_PROFILE_11,0)+IFNULL(PM_LTE_ERAB_STATISTICS_PER_PMQAP_PROFILE_T.ERAB_REL_ABNORMAL_ACT_PROFILE_12,0)+IFNULL(PM_LTE_ERAB_STATISTICS_PER_PMQAP_PROFILE_T.ERAB_REL_ABNORMAL_ACT_PROFILE_13,0)+IFNULL(PM_LTE_ERAB_STATISTICS_PER_PMQAP_PROFILE_T.ERAB_REL_ABNORMAL_ACT_PROFILE_14,0)+IFNULL(PM_LTE_ERAB_STATISTICS_PER_PMQAP_PROFILE_T.ERAB_REL_ABNORMAL_ACT_PROFILE_15,0)+IFNULL(PM_LTE_ERAB_STATISTICS_PER_PMQAP_PROFILE_T.ERAB_REL_ABNORMAL_ACT_PROFILE_16,0)+IFNULL(PM_LTE_ERAB_STATISTICS_PER_PMQAP_PROFILE_T.ERAB_REL_ABNORMAL_ACT_MME_PR_9,0)+IFNULL(PM_LTE_ERAB_STATISTICS_PER_PMQAP_PROFILE_T.ERAB_REL_ABNORMAL_ACT_MME_PR_10,0)+IFNULL(PM_LTE_ERAB_STATISTICS_PER_PMQAP_PROFILE_T.ERAB_REL_ABNORMAL_ACT_MME_PR_11,0)+IFNULL(PM_LTE_ERAB_STATISTICS_PER_PMQAP_PROFILE_T.ERAB_REL_ABNORMAL_ACT_MME_PR_12,0)+IFNULL(PM_LTE_ERAB_STATISTICS_PER_PMQAP_PROFILE_T.ERAB_REL_ABNORMAL_ACT_MME_PR_13,0)+IFNULL(PM_LTE_ERAB_STATISTICS_PER_PMQAP_PROFILE_T.ERAB_REL_ABNORMAL_ACT_MME_PR_14,0)+IFNULL(PM_LTE_ERAB_STATISTICS_PER_PMQAP_PROFILE_T.ERAB_REL_ABNORMAL_ACT_MME_PR_15,0)+IFNULL(PM_LTE_ERAB_STATISTICS_PER_PMQAP_PROFILE_T.ERAB_REL_ABNORMAL_ACT_MME_PR_16,0));;;;PM_LTE_ERAB_STATISTICS_PER_PMQAP_PROFILE_T;;;
WIRELESS;MEX;NOKIA;RAN_4G;PM;QoS;LCELL;RET_6_9_DEN;RET_6_9_DEN;Denominador Retenebilidad QCI 6 a 9;Total de ERABs liberados (tanto normales como anormales, incluyendo IRAT HO out) para los QCI 6 a 9;;;;;;;;;;;;;;no;SUM(IFNULL(PM_LTE_ERAB_STATISTICS_PER_PMQAP_PROFILE_T.ERAB_REL_NORMAL_PROFILE_9,0)+IFNULL(PM_LTE_ERAB_STATISTICS_PER_PMQAP_PROFILE_T.ERAB_REL_NORMAL_PROFILE_10,0)+IFNULL(PM_LTE_ERAB_STATISTICS_PER_PMQAP_PROFILE_T.ERAB_REL_NORMAL_PROFILE_11,0)+IFNULL(PM_LTE_ERAB_STATISTICS_PER_PMQAP_PROFILE_T.ERAB_REL_NORMAL_PROFILE_12,0)+IFNULL(PM_LTE_ERAB_STATISTICS_PER_PMQAP_PROFILE_T.ERAB_REL_NORMAL_PROFILE_13,0)+IFNULL(PM_LTE_ERAB_STATISTICS_PER_PMQAP_PROFILE_T.ERAB_REL_NORMAL_PROFILE_14,0)+IFNULL(PM_LTE_ERAB_STATISTICS_PER_PMQAP_PROFILE_T.ERAB_REL_NORMAL_PROFILE_15,0)+IFNULL(PM_LTE_ERAB_STATISTICS_PER_PMQAP_PROFILE_T.ERAB_REL_NORMAL_PROFILE_16,0)+IFNULL(PM_LTE_ERAB_STATISTICS_PER_PMQAP_PROFILE_T.ERAB_REL_ALL_ABNORMAL_PROFILE_9,0)+IFNULL(PM_LTE_ERAB_STATISTICS_PER_PMQAP_PROFILE_T.ERAB_REL_ALL_ABNORMAL_PROFILE_10,0)+IFNULL(PM_LTE_ERAB_STATISTICS_PER_PMQAP_PROFILE_T.ERAB_REL_ALL_ABNORMAL_PROFILE_11,0)+IFNULL(PM_LTE_ERAB_STATISTICS_PER_PMQAP_PROFILE_T.ERAB_REL_ALL_ABNORMAL_PROFILE_12,0)+IFNULL(PM_LTE_ERAB_STATISTICS_PER_PMQAP_PROFILE_T.ERAB_REL_ALL_ABNORMAL_PROFILE_13,0)+IFNULL(PM_LTE_ERAB_STATISTICS_PER_PMQAP_PROFILE_T.ERAB_REL_ALL_ABNORMAL_PROFILE_14,0)+IFNULL(PM_LTE_ERAB_STATISTICS_PER_PMQAP_PROFILE_T.ERAB_REL_ALL_ABNORMAL_PROFILE_15,0)+IFNULL(PM_LTE_ERAB_STATISTICS_PER_PMQAP_PROFILE_T.ERAB_REL_ALL_ABNORMAL_PROFILE_16,0));;;;PM_LTE_ERAB_STATISTICS_PER_PMQAP_PROFILE_T;;;
WIRELESS;MEX;NOKIA;RAN_4G;PM;QoS;LCELL;RET_6_9;RET_6_9;Retenebilidad QCI 6 a 9;Porcentaje de retención de ERABs para usuarios con QCI entre 6 y 9, calculado como el complemento de la tasa de liberaciones anormales sobre el total de liberaciones en ese rango. Este KPI refleja la estabilidad de la conexión para usuarios con calidad QCI6 a 9.;;;;;;;;;;;;;;yes;100*(1-RET_6_9_NUM/RET_6_9_DEN);;;;PM_LTE_ERAB_STATISTICS_PER_PMQAP_PROFILE_T;;;
WIRELESS;MEX;NOKIA;RAN_4G;PM;TRAFFIC;LCELL;THPT_6_9_NUM;THPT_6_9_NUM;Bits transmitidos QCI 6 a 9;El total de bits transmitidos efectivamente en DL para bearers best-effort (QCI 6–9) en la celda, descartando el último TTI parcial.;;;;;;;;;;;;;;no;SUM(IFNULL(PM_LTE_CELL_THROUGHPUT.IP_TPUT_VOL_DL_QCI_6,0)+IFNULL(PM_LTE_CELL_THROUGHPUT.IP_TPUT_VOL_DL_QCI_7,0)+IFNULL(PM_LTE_CELL_THROUGHPUT.IP_TPUT_VOL_DL_QCI_8,0)+IFNULL(PM_LTE_CELL_THROUGHPUT.IP_TPUT_VOL_DL_QCI_9,0));;;;PM_LTE_CELL_THROUGHPUT;;;
WIRELESS;MEX;NOKIA;RAN_4G;PM;TRAFFIC;LCELL;THPT_6_9_DEN;THPT_6_9_DEN;Tiempo transmisión QCI 6 a 9;Representa el denominador de throughput: el tiempo total de transmisión DL (en TTIs válidos, excluyendo el último TTI incompleto (para evitar doble conteo o sesgo)) utilizado por E-RABs QCI 6–9. TTI (Transmission Time Interval);;;;;;;;;;;;;;no;SUM(IFNULL(PM_LTE_CELL_THROUGHPUT.IP_TPUT_TIME_DL_QCI_6,0)+IFNULL(PM_LTE_CELL_THROUGHPUT.IP_TPUT_TIME_DL_QCI_7,0)+IFNULL(PM_LTE_CELL_THROUGHPUT.IP_TPUT_TIME_DL_QCI_8,0)+IFNULL(PM_LTE_CELL_THROUGHPUT.IP_TPUT_TIME_DL_QCI_9,0));;;;PM_LTE_CELL_THROUGHPUT;;;
WIRELESS;MEX;NOKIA;RAN_4G;PM;TRAFFIC;LCELL;THPT_6_9;THPT_6_9;Throughput QCI 6 a 9;Throughput promedio en downlink para usuarios con QCI entre 6 y 9, calculado como el total de bits transmitidos (excluyendo el último TTI) dividido por el tiempo total de transmisión en ese rango. Este KPI refleja la eficiencia de transmisión para usuarios con calidad de canal media.;;;;;;;;;;;;;;yes;THPT_6_9_NUM/THPT_6_9_DEN;;;;PM_LTE_CELL_THROUGHPUT;;;
WIRELESS;MEX;NOKIA;RAN_4G;PM;COVERAGE;LCELL;LOW_SINR;LOW_SINR;Porcentaje por debajo del Umbral SINR;"Indica el número de muestras de SINR que están por debajo de un umbral definido como ""bajo"" (ejemplo: < 0 dB, < 5 dB, depende de la configuración del operador). Nos indica calidad de la señal.";;;;percentage;;2;%;;0 to 100;;;;;no;ROUND(IFNULL(100*(SUM(IFNULL(PM_LTE_PWR_AND_QUAL_UL.SINR_PUSCH_LEVEL_1,0)+IFNULL(PM_LTE_PWR_AND_QUAL_UL.SINR_PUSCH_LEVEL_2,0)+IFNULL(PM_LTE_PWR_AND_QUAL_UL.SINR_PUSCH_LEVEL_3,0)+IFNULL(PM_LTE_PWR_AND_QUAL_UL.SINR_PUSCH_LEVEL_4,0)+IFNULL(PM_LTE_PWR_AND_QUAL_UL.SINR_PUSCH_LEVEL_5,0)+IFNULL(PM_LTE_PWR_AND_QUAL_UL.SINR_PUSCH_LEVEL_6,0)+IFNULL(PM_LTE_PWR_AND_QUAL_UL.SINR_PUSCH_LEVEL_7,0))/SUM(IFNULL(PM_LTE_PWR_AND_QUAL_UL.SINR_PUSCH_LEVEL_1,0)+IFNULL(PM_LTE_PWR_AND_QUAL_UL.SINR_PUSCH_LEVEL_2,0)+IFNULL(PM_LTE_PWR_AND_QUAL_UL.SINR_PUSCH_LEVEL_3,0)+IFNULL(PM_LTE_PWR_AND_QUAL_UL.SINR_PUSCH_LEVEL_4,0)+IFNULL(PM_LTE_PWR_AND_QUAL_UL.SINR_PUSCH_LEVEL_5,0)+IFNULL(PM_LTE_PWR_AND_QUAL_UL.SINR_PUSCH_LEVEL_6,0)+IFNULL(PM_LTE_PWR_AND_QUAL_UL.SINR_PUSCH_LEVEL_7,0)+IFNULL(PM_LTE_PWR_AND_QUAL_UL.SINR_PUSCH_LEVEL_8,0)+IFNULL(PM_LTE_PWR_AND_QUAL_UL.SINR_PUSCH_LEVEL_9,0)+IFNULL(PM_LTE_PWR_AND_QUAL_UL.SINR_PUSCH_LEVEL_10,0)+IFNULL(PM_LTE_PWR_AND_QUAL_UL.SINR_PUSCH_LEVEL_11,0)+IFNULL(PM_LTE_PWR_AND_QUAL_UL.SINR_PUSCH_LEVEL_12,0)+IFNULL(PM_LTE_PWR_AND_QUAL_UL.SINR_PUSCH_LEVEL_13,0)+IFNULL(PM_LTE_PWR_AND_QUAL_UL.SINR_PUSCH_LEVEL_14,0)+IFNULL(PM_LTE_PWR_AND_QUAL_UL.SINR_PUSCH_LEVEL_15,0)+IFNULL(PM_LTE_PWR_AND_QUAL_UL.SINR_PUSCH_LEVEL_16,0)+IFNULL(PM_LTE_PWR_AND_QUAL_UL.SINR_PUSCH_LEVEL_17,0)+IFNULL(PM_LTE_PWR_AND_QUAL_UL.SINR_PUSCH_LEVEL_18,0)+IFNULL(PM_LTE_PWR_AND_QUAL_UL.SINR_PUSCH_LEVEL_19,0)+IFNULL(PM_LTE_PWR_AND_QUAL_UL.SINR_PUSCH_LEVEL_20,0)+IFNULL(PM_LTE_PWR_AND_QUAL_UL.SINR_PUSCH_LEVEL_21,0)+IFNULL(PM_LTE_PWR_AND_QUAL_UL.SINR_PUSCH_LEVEL_22,0))),0),2);;;;PM_LTE_PWR_AND_QUAL_UL;;;
WIRELESS;MEX;NOKIA;RAN_4G;PM;COVERAGE;LCELL;LOW_SINR_N;LOW_SINR_N;Nominador del Umbral SINR;"N de Numerador. Indica el número de muestras de SINR que están por debajo de un umbral definido como ""bajo"" (ejemplo: < 0 dB, < 5 dB, depende de la configuración del operador). Nos indica calidad de la señal.";;;;;;;dB;;;;;;;no;SUM(IFNULL(PM_LTE_PWR_AND_QUAL_UL.SINR_PUSCH_LEVEL_1,0)+IFNULL(PM_LTE_PWR_AND_QUAL_UL.SINR_PUSCH_LEVEL_2,0)+IFNULL(PM_LTE_PWR_AND_QUAL_UL.SINR_PUSCH_LEVEL_3,0)+IFNULL(PM_LTE_PWR_AND_QUAL_UL.SINR_PUSCH_LEVEL_4,0)+IFNULL(PM_LTE_PWR_AND_QUAL_UL.SINR_PUSCH_LEVEL_5,0)+IFNULL(PM_LTE_PWR_AND_QUAL_UL.SINR_PUSCH_LEVEL_6,0)+IFNULL(PM_LTE_PWR_AND_QUAL_UL.SINR_PUSCH_LEVEL_7,0));;;;PM_LTE_PWR_AND_QUAL_UL;;;
WIRELESS;MEX;NOKIA;RAN_4G;PM;COVERAGE;LCELL;LOW_SINR_D;LOW_SINR_D;Denominador del Umbral SINR;D de Denominador. Indica número total de muestras de SINR recogidas en la celda (a través de reportes de UEs: RLF, MDT, A2/A3 events, etc.).;;;;;;;dB;;;;;;;no;SUM(IFNULL(PM_LTE_PWR_AND_QUAL_UL.SINR_PUSCH_LEVEL_1,0)+IFNULL(PM_LTE_PWR_AND_QUAL_UL.SINR_PUSCH_LEVEL_2,0)+IFNULL(PM_LTE_PWR_AND_QUAL_UL.SINR_PUSCH_LEVEL_3,0)+IFNULL(PM_LTE_PWR_AND_QUAL_UL.SINR_PUSCH_LEVEL_4,0)+IFNULL(PM_LTE_PWR_AND_QUAL_UL.SINR_PUSCH_LEVEL_5,0)+IFNULL(PM_LTE_PWR_AND_QUAL_UL.SINR_PUSCH_LEVEL_6,0)+IFNULL(PM_LTE_PWR_AND_QUAL_UL.SINR_PUSCH_LEVEL_7,0)+IFNULL(PM_LTE_PWR_AND_QUAL_UL.SINR_PUSCH_LEVEL_8,0)+IFNULL(PM_LTE_PWR_AND_QUAL_UL.SINR_PUSCH_LEVEL_9,0)+IFNULL(PM_LTE_PWR_AND_QUAL_UL.SINR_PUSCH_LEVEL_10,0)+IFNULL(PM_LTE_PWR_AND_QUAL_UL.SINR_PUSCH_LEVEL_11,0)+IFNULL(PM_LTE_PWR_AND_QUAL_UL.SINR_PUSCH_LEVEL_12,0)+IFNULL(PM_LTE_PWR_AND_QUAL_UL.SINR_PUSCH_LEVEL_13,0)+IFNULL(PM_LTE_PWR_AND_QUAL_UL.SINR_PUSCH_LEVEL_14,0)+IFNULL(PM_LTE_PWR_AND_QUAL_UL.SINR_PUSCH_LEVEL_15,0)+IFNULL(PM_LTE_PWR_AND_QUAL_UL.SINR_PUSCH_LEVEL_16,0)+IFNULL(PM_LTE_PWR_AND_QUAL_UL.SINR_PUSCH_LEVEL_17,0)+IFNULL(PM_LTE_PWR_AND_QUAL_UL.SINR_PUSCH_LEVEL_18,0)+IFNULL(PM_LTE_PWR_AND_QUAL_UL.SINR_PUSCH_LEVEL_19,0)+IFNULL(PM_LTE_PWR_AND_QUAL_UL.SINR_PUSCH_LEVEL_20,0)+IFNULL(PM_LTE_PWR_AND_QUAL_UL.SINR_PUSCH_LEVEL_21,0)+IFNULL(PM_LTE_PWR_AND_QUAL_UL.SINR_PUSCH_LEVEL_22,0));;;;PM_LTE_PWR_AND_QUAL_UL;;;
WIRELESS;MEX;NOKIA;RAN_4G;PM;COVERAGE;LCELL;LOW_RSRP;LOW_RSRP;Porcentaje por debajo del Umbral RSRP;Número de muestrasen la celda con RSRP por debajo de un umbral definido (por ejemplo, -110 dBm).;;;;percentage;;2;%;;0 to 100;;;;;no;ROUND(100*IFNULL(SUM(IFNULL(PM_LTE_RSRP_AND_RSRQ_HISTOGRAM.NUM_RSRP_MEAS_BIN1,0)+IFNULL(PM_LTE_RSRP_AND_RSRQ_HISTOGRAM.NUM_RSRP_MEAS_BIN2,0)+IFNULL(PM_LTE_RSRP_AND_RSRQ_HISTOGRAM.NUM_RSRP_MEAS_BIN3,0)+IFNULL(PM_LTE_RSRP_AND_RSRQ_HISTOGRAM.NUM_RSRP_MEAS_BIN4,0))/SUM(IFNULL(PM_LTE_RSRP_AND_RSRQ_HISTOGRAM.NUM_RSRP_MEAS_BIN1,0)+IFNULL(PM_LTE_RSRP_AND_RSRQ_HISTOGRAM.NUM_RSRP_MEAS_BIN2,0)+IFNULL(PM_LTE_RSRP_AND_RSRQ_HISTOGRAM.NUM_RSRP_MEAS_BIN3,0)+IFNULL(PM_LTE_RSRP_AND_RSRQ_HISTOGRAM.NUM_RSRP_MEAS_BIN4,0)+IFNULL(PM_LTE_RSRP_AND_RSRQ_HISTOGRAM.NUM_RSRP_MEAS_BIN5,0)+IFNULL(PM_LTE_RSRP_AND_RSRQ_HISTOGRAM.NUM_RSRP_MEAS_BIN6,0)+IFNULL(PM_LTE_RSRP_AND_RSRQ_HISTOGRAM.NUM_RSRP_MEAS_BIN7,0)+IFNULL(PM_LTE_RSRP_AND_RSRQ_HISTOGRAM.NUM_RSRP_MEAS_BIN8,0)+IFNULL(PM_LTE_RSRP_AND_RSRQ_HISTOGRAM.NUM_RSRP_MEAS_BIN9,0)+IFNULL(PM_LTE_RSRP_AND_RSRQ_HISTOGRAM.NUM_RSRP_MEAS_BIN10,0)+IFNULL(PM_LTE_RSRP_AND_RSRQ_HISTOGRAM.NUM_RSRP_MEAS_BIN11,0)+IFNULL(PM_LTE_RSRP_AND_RSRQ_HISTOGRAM.NUM_RSRP_MEAS_BIN12,0)+IFNULL(PM_LTE_RSRP_AND_RSRQ_HISTOGRAM.NUM_RSRP_MEAS_BIN13,0)+IFNULL(PM_LTE_RSRP_AND_RSRQ_HISTOGRAM.NUM_RSRP_MEAS_BIN14,0)+IFNULL(PM_LTE_RSRP_AND_RSRQ_HISTOGRAM.NUM_RSRP_MEAS_BIN15,0)+IFNULL(PM_LTE_RSRP_AND_RSRQ_HISTOGRAM.NUM_RSRP_MEAS_BIN16,0)+IFNULL(PM_LTE_RSRP_AND_RSRQ_HISTOGRAM.NUM_RSRP_MEAS_BIN17,0)+IFNULL(PM_LTE_RSRP_AND_RSRQ_HISTOGRAM.NUM_RSRP_MEAS_BIN18,0)),0),2);;;;PM_LTE_RSRP_AND_RSRQ_HISTOGRAM;;;
WIRELESS;MEX;NOKIA;RAN_4G;PM;COVERAGE;LCELL;LOW_RSRP_N;LOW_RSRP_N;Numerador del Umbral RSRP;Número de muestrasen la celda con RSRP por debajo de un umbral definido (por ejemplo, -110 dBm). La N corresponde a la abreviación de Numerador.;;;;;;;;;;;;;;no;SUM(IFNULL(PM_LTE_RSRP_AND_RSRQ_HISTOGRAM.NUM_RSRP_MEAS_BIN1,0)+IFNULL(PM_LTE_RSRP_AND_RSRQ_HISTOGRAM.NUM_RSRP_MEAS_BIN2,0)+IFNULL(PM_LTE_RSRP_AND_RSRQ_HISTOGRAM.NUM_RSRP_MEAS_BIN3,0)+IFNULL(PM_LTE_RSRP_AND_RSRQ_HISTOGRAM.NUM_RSRP_MEAS_BIN4,0));;;;PM_LTE_RSRP_AND_RSRQ_HISTOGRAM;;;
WIRELESS;MEX;NOKIA;RAN_4G;PM;COVERAGE;LCELL;LOW_RSRP_D;LOW_RSRP_D;Denominador del Umbral RSRP;Número total de muestras RSRP consideradas en la celda para el cálculo. La D corresponde a la abreviación de Denominador.;;;;;;;;;;;;;;no;SUM(IFNULL(PM_LTE_RSRP_AND_RSRQ_HISTOGRAM.NUM_RSRP_MEAS_BIN1,0)+IFNULL(PM_LTE_RSRP_AND_RSRQ_HISTOGRAM.NUM_RSRP_MEAS_BIN2,0)+IFNULL(PM_LTE_RSRP_AND_RSRQ_HISTOGRAM.NUM_RSRP_MEAS_BIN3,0)+IFNULL(PM_LTE_RSRP_AND_RSRQ_HISTOGRAM.NUM_RSRP_MEAS_BIN4,0)+IFNULL(PM_LTE_RSRP_AND_RSRQ_HISTOGRAM.NUM_RSRP_MEAS_BIN5,0)+IFNULL(PM_LTE_RSRP_AND_RSRQ_HISTOGRAM.NUM_RSRP_MEAS_BIN6,0)+IFNULL(PM_LTE_RSRP_AND_RSRQ_HISTOGRAM.NUM_RSRP_MEAS_BIN7,0)+IFNULL(PM_LTE_RSRP_AND_RSRQ_HISTOGRAM.NUM_RSRP_MEAS_BIN8,0)+IFNULL(PM_LTE_RSRP_AND_RSRQ_HISTOGRAM.NUM_RSRP_MEAS_BIN9,0)+IFNULL(PM_LTE_RSRP_AND_RSRQ_HISTOGRAM.NUM_RSRP_MEAS_BIN10,0)+IFNULL(PM_LTE_RSRP_AND_RSRQ_HISTOGRAM.NUM_RSRP_MEAS_BIN11,0)+IFNULL(PM_LTE_RSRP_AND_RSRQ_HISTOGRAM.NUM_RSRP_MEAS_BIN12,0)+IFNULL(PM_LTE_RSRP_AND_RSRQ_HISTOGRAM.NUM_RSRP_MEAS_BIN13,0)+IFNULL(PM_LTE_RSRP_AND_RSRQ_HISTOGRAM.NUM_RSRP_MEAS_BIN14,0)+IFNULL(PM_LTE_RSRP_AND_RSRQ_HISTOGRAM.NUM_RSRP_MEAS_BIN15,0)+IFNULL(PM_LTE_RSRP_AND_RSRQ_HISTOGRAM.NUM_RSRP_MEAS_BIN16,0)+IFNULL(PM_LTE_RSRP_AND_RSRQ_HISTOGRAM.NUM_RSRP_MEAS_BIN17,0)+IFNULL(PM_LTE_RSRP_AND_RSRQ_HISTOGRAM.NUM_RSRP_MEAS_BIN18,0));;;;PM_LTE_RSRP_AND_RSRQ_HISTOGRAM;;;
WIRELESS;MEX;NOKIA;RAN_3G;PM;TRAFFIC;UCELL;RAB_CS_DLCE_CONG;RAB_CS_DLCE_CONG;;Promedio ponderado de Channel Elements (CEs) utilizados por llamadas de voz (Circuit Switched - CS) en el Downlink (DL). No es un índice de congestión en sí mismo, sino una medida de carga o utilización específica para el servicio de voz.;;;;float;;2;;;;;;;;;ROUND(IFNULL(SUM(IFNULL(PM_CELL_RESOURCE.AVE_CE_USED_AMR,0)*IFNULL(PM_CELL_RESOURCE.CE_SAMPLE_AMOUNT,0))/SUM(IFNULL(PM_CELL_RESOURCE.CE_SAMPLE_AMOUNT,0)),0),2);;;;PM_CELL_RESOURCE;;;
WIRELESS;MEX;NOKIA;RAN_3G;PM;TRAFFIC;UCELL;RAB_PS_DLCE_CONG;RAB_PS_DLCE_CONG;;Promedio ponderado de Channel Elements (CEs) utilizados por servicios de datos (Packet Switched - PS) en el Downlink (DL). Es una medida de carga específica para datos.;;;;float;;2;;;;;;;;;ROUND(IFNULL(((SUM(PM_CELL_RESOURCE.CE_SAMPLE_AMOUNT)*(SUM(IFNULL(PM_CELL_RESOURCE.AVE_CE_USED_PS_STR_8_DL,0)+IFNULL(PM_CELL_RESOURCE.AVE_CE_USED_PS_STR_16_DL,0)+IFNULL(PM_CELL_RESOURCE.AVE_CE_USED_PS_STR_32_DL,0)+IFNULL(PM_CELL_RESOURCE.AVE_CE_USED_PS_STR_64_DL,0)+IFNULL(PM_CELL_RESOURCE.AVE_CE_USED_PS_STR_128_DL,0)+IFNULL(PM_CELL_RESOURCE.AVE_CE_USED_PS_STR_256_DL,0)))/SUM(IFNULL(PM_CELL_RESOURCE.CE_SAMPLE_AMOUNT,0)))+(SUM(IFNULL(PM_CELL_RESOURCE.AVE_CE_USED_PS_INT_8_DL,0)+IFNULL(PM_CELL_RESOURCE.AVE_CE_USED_PS_INT_16_DL,0)+IFNULL(PM_CELL_RESOURCE.AVE_CE_USED_PS_INT_32_DL,0)+IFNULL(PM_CELL_RESOURCE.AVE_CE_USED_PS_INT_64_DL,0)+IFNULL(PM_CELL_RESOURCE.AVE_CE_USED_PS_INT_128_DL,0)+IFNULL(PM_CELL_RESOURCE.AVE_CE_USED_PS_INT_256_DL,0)+IFNULL(PM_CELL_RESOURCE.AVE_CE_USED_PS_INT_384_DL,0)+IFNULL(PM_CELL_RESOURCE.AVE_CE_USED_PS_BGR_8_DL,0)+IFNULL(PM_CELL_RESOURCE.AVE_CE_USED_PS_BGR_16_DL,0)+IFNULL(PM_CELL_RESOURCE.AVE_CE_USED_PS_BGR_32_DL,0)+IFNULL(PM_CELL_RESOURCE.AVE_CE_USED_PS_BGR_64_DL,0)+IFNULL(PM_CELL_RESOURCE.AVE_CE_USED_PS_BGR_128_DL,0)+IFNULL(PM_CELL_RESOURCE.AVE_CE_USED_PS_BGR_256_DL,0)+IFNULL(PM_CELL_RESOURCE.AVE_CE_USED_PS_BGR_384_DL,0))*SUM(IFNULL(PM_CELL_RESOURCE.CE_SAMPLE_AMOUNT,0))/SUM(IFNULL(PM_CELL_RESOURCE.CE_SAMPLE_AMOUNT,0)))),0),2);;;;PM_CELL_RESOURCE;;;
WIRELESS;MEX;NOKIA;RAN_3G;PM;TRAFFIC;UNODEB;DL_CE_UTILIZATION;DL_CE_UTILIZATION;Utilizacion CE en DL;Porcentaje de utilización de los Channel Elements en Downlink (DL) a nivel de WBTS (Nokia's term for NodeB). Índice de congestión. Mide qué parte de la capacidad total de CEs licenciados para la portadora R99 (voz y datos de baja velocidad) está siendo utilizada.;;;;percentage;;2;%;;0 to 100;;;;;;ROUND(IFNULL(100*SUM(IFNULL(PM_WBTS_LEVEL_MONITORING.AVG_USED_CE_R99_DL,0))/SUM(IFNULL(PM_WBTS_LEVEL_MONITORING.LICENSED_R99CE_WBTS,0)),0),2);;;;PM_WBTS_LEVEL_MONITORING;;;
WIRELESS;MEX;NOKIA;RAN_3G;PM;QoS;UCELL;PS_DCR;PS_DCR;;Índice de retención o tasa de corte de llamada (Drop Call Rate) para servicios de datos. Mide la probabilidad de que una sesión de datos activa se interrumpa de manera anormal (no por acción del usuario). Considera múltiples causas de fallo: radio, interfaz Iu, Iur, SRNC, BTS, UE, etc.;;;;percentage;;2;%;;0 to 100;;;;;;ROUND(IFNULL(100*(SUM(IFNULL(PM_SERVICE_LEVEL.RAB_ACT_FAIL_PS_BACKG_TRANS,0)+IFNULL(PM_SERVICE_LEVEL.RAB_ACT_FAIL_PS_INTER_TRANS,0)+IFNULL(PM_SERVICE_LEVEL.RAB_ACT_FAIL_PS_INTER_IU,0)+IFNULL(PM_SERVICE_LEVEL.RAB_ACT_FAIL_PS_INTER_RADIO,0)+IFNULL(PM_SERVICE_LEVEL.RAB_ACT_FAIL_PS_INTER_BTS,0)+IFNULL(PM_SERVICE_LEVEL.RAB_ACT_FAIL_PS_INTER_IUR,0)+IFNULL(PM_SERVICE_LEVEL.RAB_ACT_FAIL_PS_INTER_RNC,0)+IFNULL(PM_SERVICE_LEVEL.RAB_ACT_FAIL_PS_BACKG_IU,0)+IFNULL(PM_SERVICE_LEVEL.RAB_ACT_FAIL_PS_BACKG_RADIO,0)+IFNULL(PM_SERVICE_LEVEL.RAB_ACT_FAIL_PS_BACKG_BTS,0)+IFNULL(PM_SERVICE_LEVEL.RAB_ACT_FAIL_PS_BACKG_IUR,0)+IFNULL(PM_SERVICE_LEVEL.RAB_ACT_FAIL_PS_BACKG_RNC,0)+IFNULL(PM_SERVICE_LEVEL.RAB_ACT_FAIL_PS_BACKG_UE,0)+IFNULL(PM_SERVICE_LEVEL.RAB_ACT_FAIL_PS_INTER_UE,0)-IFNULL(PM_SERVICE_LEVEL.RAB_ACT_FAIL_PS_BACKG_PCH,0)-IFNULL(PM_SERVICE_LEVEL.RAB_ACT_FAIL_PS_INT_PCH,0))/SUM(IFNULL(PM_SERVICE_LEVEL.RAB_ACT_COMP_PS_INTER,0)+IFNULL(PM_SERVICE_LEVEL.RAB_ACT_COMP_PS_BACKG,0)+IFNULL(PM_SERVICE_LEVEL.RAB_ACT_REL_PS_INTER_SRNC,0)+IFNULL(PM_SERVICE_LEVEL.RAB_ACT_REL_PS_INTER_HHO,0)+IFNULL(PM_SERVICE_LEVEL.RAB_ACT_REL_PS_INTER_ISHO,0)+IFNULL(PM_SERVICE_LEVEL.RAB_ACT_REL_PS_BACKG_SRNC,0)+IFNULL(PM_SERVICE_LEVEL.RAB_ACT_REL_PS_BACKG_HHO,0)+IFNULL(PM_SERVICE_LEVEL.RAB_ACT_REL_PS_BGR_ISHO,0)+IFNULL(PM_SERVICE_LEVEL.RAB_ACT_FAIL_PS_INTER_IU,0)+IFNULL(PM_SERVICE_LEVEL.RAB_ACT_FAIL_PS_INTER_RADIO,0)+IFNULL(PM_SERVICE_LEVEL.RAB_ACT_FAIL_PS_INTER_BTS,0)+IFNULL(PM_SERVICE_LEVEL.RAB_ACT_FAIL_PS_INTER_IUR,0)+IFNULL(PM_SERVICE_LEVEL.RAB_ACT_FAIL_PS_INTER_RNC,0)+IFNULL(PM_SERVICE_LEVEL.RAB_ACT_FAIL_PS_BACKG_IU,0)+IFNULL(PM_SERVICE_LEVEL.RAB_ACT_FAIL_PS_BACKG_RADIO,0)+IFNULL(PM_SERVICE_LEVEL.RAB_ACT_FAIL_PS_BACKG_BTS,0)+IFNULL(PM_SERVICE_LEVEL.RAB_ACT_FAIL_PS_BACKG_IUR,0)+IFNULL(PM_SERVICE_LEVEL.RAB_ACT_FAIL_PS_BACKG_RNC,0)+IFNULL(PM_SERVICE_LEVEL.RAB_ACT_FAIL_PS_BACKG_UE,0)+IFNULL(PM_SERVICE_LEVEL.RAB_ACT_FAIL_PS_INTER_UE,0)+IFNULL(PM_SERVICE_LEVEL.RAB_ACT_FAIL_PS_INTER_TRANS,0)+IFNULL(PM_SERVICE_LEVEL.RAB_ACT_FAIL_PS_BACKG_TRANS,0))),0),2);;;;PM_SERVICE_LEVEL;;;
WIRELESS;MEX;NOKIA;RAN_3G;PM;TRAFFIC;UCELL;PAYLOAD_DL_PS_MB;PAYLOAD_DL_PS_MB;;Volumen total de datos (payload) transmitido en el enlace descendente (DL). Se expresa en Megabytes (MB). Suma el tráfico de HSDPA (alta velocidad) y DCH (canales dedicados).;;;;integer;;0;MB;;;;;;;;ROUND((SUM(IFNULL(PM_HSDPA_WBTS.RECEIVED_HS_MACD_BITS,0)+((IFNULL(PM_CELL_THROUGHPUT_WBTS.MC_HSDPA_ORIG_DATA_PRI,0)+IFNULL(PM_CELL_THROUGHPUT_WBTS.MC_HSDPA_ORIG_DATA_SEC,0))*8))/(1024*8))+(SUM(IFNULL(PM_CELL_THRPUT_R.NRT_DCH_DL_DATA_VOL,0)+IFNULL(PM_CELL_THRPUT_R.RT_PS_DCH_DL_DATA_VOL,0))/(1024*1024)),2);;;;PM_HSDPA_WBTS,PM_CELL_THRPUT_R,PM_CELL_THROUGHPUT_WBTS;;;
WIRELESS;MEX;NOKIA;RAN_3G;PM;TRAFFIC;UCELL;PAYLOAD_UL_PS_MB;PAYLOAD_UL_PS_MB;;TRAFFIC_D_USER_UL_MB=PAYLOAD_UL_PS_MB. Volumen total de datos (payload) transmitido en el enlace ascendente (UL). Incluye tráfico de E-DCH (Enhanced UL) y canales dedicados;;;;float;;2;MB;;;;;;;no;ROUND(SUM(IFNULL(PM_CELL_THRPUT_R.NRT_EDCH_UL_DATA_VOL,0)+IFNULL(PM_CELL_THRPUT_R.RT_E_DCH_UL_STREA_DATA,0)+IFNULL(PM_CELL_THRPUT_R.NRT_EDCH_EFACH_UL_DATA,0)+IFNULL(PM_CELL_THRPUT_R.NRT_DCH_UL_DATA_VOL,0)+IFNULL(PM_CELL_THRPUT_R.RT_PS_DCH_UL_DATA_VOL,0))/(1024*1024),2);;;;PM_CELL_THRPUT_R;;;
WIRELESS;MEX;NOKIA;RAN_3G;PM;TRAFFIC;UCELL;TRAFFIC_CS;TRAFFIC_CS;;Tráfico de voz (CS) en Erlangs. ;;;;float;;2;Erlangs;;;;;;;;ROUND(SUM(IFNULL(PM_SERVICE_LEVEL.AVG_RAB_HLD_TM_CS_VOICE,0)+(IFNULL(PM_SERVICE_LEVEL.RAB_HOLD_TIME_CS_CONV_64,0)*64/12.2)+(IFNULL(PM_SERVICE_LEVEL.RAB_HOLD_TIME_CS_STREAM_14_4,0)*14.4/12.2)+(IFNULL(PM_SERVICE_LEVEL.RAB_HOLD_TIME_CS_STREAM_57_6,0)*57.6/12.2))/(60*100*60),2);;;;PM_SERVICE_LEVEL;;;
WIRELESS;MEX;NOKIA;RAN_3G;PM;QoS;UCELL;HSDPA_ACTIVE_CELL_THROUGHPUT;HSDPA_ACTIVE_CELL_THROUGHPUT;;Throughput medio de celda HSDPA cuando está activa.;;;;float;;2;;;;;;;;;ROUND((SUM(IFNULL(PM_HSDPA_WBTS.MAC_D_PDU_TOT,0)-IFNULL(PM_HSDPA_WBTS.MAC_D_PDU_DROP_BTS_OWFL,0))*336)/(SUM(IFNULL(PM_HSDPA_WBTS.HS_SCCH_PWR_DIST_CLASS_0,0)+IFNULL(PM_HSDPA_WBTS.HS_SCCH_PWR_DIST_CLASS_1,0)+IFNULL(PM_HSDPA_WBTS.HS_SCCH_PWR_DIST_CLASS_2,0)+IFNULL(PM_HSDPA_WBTS.HS_SCCH_PWR_DIST_CLASS_3,0)+IFNULL(PM_HSDPA_WBTS.HS_SCCH_PWR_DIST_CLASS_4,0)+IFNULL(PM_HSDPA_WBTS.HS_SCCH_PWR_DIST_CLASS_5,0)+IFNULL(PM_HSDPA_WBTS.TTI_NOT_SEND_DATA_FROM_BUFF,0))*500*1000),2);;;;PM_HSDPA_WBTS;;;
WIRELESS;MEX;NOKIA;RAN_3G;PM;QoS;UCELL;DL_HSPDSCH_CODE_UTILIZATION;DL_HSPDSCH_CODE_UTILIZATION;;Grado de utilización de los códigos de HSDPA en el downlink (máximo 15 códigos).. Promedia la utilización de los códigos HSPDSCH (High Speed Physical Downlink Shared Channel) ponderando el tiempo que la celda estuvo usando N códigos (de 5 a 15).;;;;percentage;;2;%;;0 to 100;;;;;;ROUND(IFNULL(SUM(IFNULL(PM_CELL_RESOURCE.DURA_HSDPA_5_CODE,0)*5+IFNULL(PM_CELL_RESOURCE.DURA_HSDPA_6_CODE,0)*6+IFNULL(PM_CELL_RESOURCE.DURA_HSDPA_7_CODE,0)*7+IFNULL(PM_CELL_RESOURCE.DURA_HSDPA_8_CODE,0)*8+IFNULL(PM_CELL_RESOURCE.DURA_HSDPA_9_CODE,0)*9+IFNULL(PM_CELL_RESOURCE.DURA_HSDPA_10_CODE,0)*10+IFNULL(PM_CELL_RESOURCE.DURA_HSDPA_11_CODE,0)*11+IFNULL(PM_CELL_RESOURCE.DURA_HSDPA_12_CODE,0)*12+IFNULL(PM_CELL_RESOURCE.DURA_HSDPA_13_CODE,0)*13+IFNULL(PM_CELL_RESOURCE.DURA_HSDPA_14_CODE,0)*14+IFNULL(PM_CELL_RESOURCE.DURA_HSDPA_15_CODE,0)*15)/SUM(IFNULL(PM_CELL_RESOURCE.DURA_HSDPA_5_CODE,0)+IFNULL(PM_CELL_RESOURCE.DURA_HSDPA_6_CODE,0)+IFNULL(PM_CELL_RESOURCE.DURA_HSDPA_7_CODE,0)+IFNULL(PM_CELL_RESOURCE.DURA_HSDPA_8_CODE,0)+IFNULL(PM_CELL_RESOURCE.DURA_HSDPA_9_CODE,0)+IFNULL(PM_CELL_RESOURCE.DURA_HSDPA_10_CODE,0)+IFNULL(PM_CELL_RESOURCE.DURA_HSDPA_11_CODE,0)+IFNULL(PM_CELL_RESOURCE.DURA_HSDPA_12_CODE,0)+IFNULL(PM_CELL_RESOURCE.DURA_HSDPA_13_CODE,0)+IFNULL(PM_CELL_RESOURCE.DURA_HSDPA_14_CODE,0)+IFNULL(PM_CELL_RESOURCE.DURA_HSDPA_15_CODE,0)),0),2);;;;PM_CELL_RESOURCE;;;
WIRELESS;MEX;NOKIA;RAN_3G;PM;QoS;UCELL;DL_POWER_UTILIZATION_HS;DL_POWER_UTILIZATION_HS;;Nivel medio de potencia transmitida en canal HSPA dentro de la celda. Un valor cercano al 100% indica que la celda está operando continuamente a máxima potencia para servicios HSPA, lo que significa congestión por potencia;;;;float;;2;;;;;;;;;AVG(PM_CELL_RESOURCE.AVE_HSPA_DL_POWER);;;;PM_CELL_RESOURCE;;;
WIRELESS;MEX;NOKIA;RAN_3G;PM;QoS;UCELL;IUBLINK_CONGESTED_IN_UL_RBS;IUBLINK_CONGESTED_IN_UL_RBS;;Indicador de congestión en el enlace Iub (uplink) a nivel de RBS. Porcentaje de frames (tramas) de datos E-DCH (HSUPA) en el uplink que experimentaron congestión en el enlace Iub (el enlace entre el NodeB, llamado RBS en Nokia, y el RNC). Es un KPI crítico de calidad del transporte que identifica cuellos de botella entre el NodeB y el núcleo de la red. Valores altos indican problemas de capacidad en transporte (Iub) o hardware. Es un ratio adimensional. Aunque a veces se expresa como porcentaje multiplicando el ratio por 100, en esta fórmula específica de Nokia se define como un decimal (ej: 0.15 significa un 15% de tramas afectadas).;;;;float;;2;;;0 to 1;;;;;;ROUND(IFNULL(SUM(IFNULL(PM_PACKET_CALL.IUB_DELAY_CC_DELAY_IND,0)+IFNULL(PM_PACKET_CALL.HW_OVERL_CC_DELAY_IND,0)+IFNULL(PM_PACKET_CALL.IUB_LOSS_CC_FRAME_LOSS_IND,0)+IFNULL(PM_PACKET_CALL.IUB_DELAY_CC_FRAME_LOSS_IND,0)+IFNULL(PM_PACKET_CALL.HW_OVERL_CC_FRAME_LOSS_IND,0))/SUM(IFNULL(PM_PACKET_CALL.MISSED_EDCH_FRAMES,0)+IFNULL(PM_PACKET_CALL.DELAYED_EDCH_FRAMES,0)+IFNULL(PM_PACKET_CALL.SUCC_REC_EDCH_FRAMES,0)),0),2);;;;PM_PACKET_CALL;;;
WIRELESS;MEX;NOKIA;RAN_3G;PM;QoS;UCELL;IUBLINK_CONGESTED_IN_DL_RNC;IUBLINK_CONGESTED_IN_DL_RNC;;Indicador de congestión en el enlace Iub (downlink), visto desde el RNC. ;;;;percentage;;2;%;;0 to 100;;;;;;ROUND(100*SUM(IFNULL(PM_HSDPA_WBTS.HS_DSCH_CREDIT_RDCT_DUE_DLY,0)+IFNULL(PM_HSDPA_WBTS.HS_DSCH_CREDIT_RDCT_SVRE_DLY,0)+IFNULL(PM_HSDPA_WBTS.HS_DSCH_CREDIT_RDCT_FRM_LOSS,0)+IFNULL(PM_HSDPA_WBTS.HS_DSCH_CRDT_RDCT_BUF_CPU_LOAD,0))/((900*COUNT(1)*60*1000)/10),2);;;;PM_HSDPA_WBTS;;;
WIRELESS;MEX;NOKIA;RAN_3G;PM;QoS;UCELL;EUL_2MS_TTI_CELL_THROUGHPUT;EUL_2MS_TTI_CELL_THROUGHPUT;;Eficiencia y velocidad media de HSUPA en la celda.;;;;float;;2;;;;;;;;;ROUND(SUM(IFNULL(PM_HSDPA_WBTS.MACE_PDU_DATA_2MS_TTI,0))*8*1000/(SUM(IFNULL(PM_HSDPA_WBTS.MACE_PDUS_2MS_TTI,0))*2),2);;;;PM_HSDPA_WBTS;;;
WIRELESS;MEX;NOKIA;RAN_4G;PM;QoS;LCELL;ACC_S1_RATE;ACC_S1_RATE;Accesibilidad S1;Tasa de Éxito de Establecimiento de la Conexión S1. Mide la probabilidad de que la conexión de señalización entre la eNodeB (radio) y el MME (núcleo de la red) se establezca correctamente.;;;;percentage;;2;%;;0 to 100;;;;;;IFNULL(ROUND(100*SUM(PM_LTE_UE_STATE.S1_SIGN_CONN_ESTAB_SUCC_UE)/SUM(PM_LTE_UE_STATE.S1_SIGN_CONN_ESTAB_ATT_UE),2),0);;;;PM_LTE_UE_STATE;;;
WIRELESS;MEX;NOKIA;RAN_4G;PM;QoS;LCELL;ACC_ERAB_RATE;ACC_ERAB_RATE;Accesibilidad ERAB;Tasa de Éxito de Establecimiento del Portador de Radio (E-RAB). Mide la probabilidad de que un portador de radio se establezca correctamente una vez que la señalización S1 está en su sitio.;;;;percentage;;2;%;;0 to 100;;;;;;IFNULL(ROUND(100*SUM(PM_LTE_EPS_BEARER.EPS_BEARER_SETUP_COMPLETIONS)/SUM(PM_LTE_EPS_BEARER.EPS_BEARER_SETUP_ATTEMPTS),2),0);;;;PM_LTE_EPS_BEARER;;;
WIRELESS;MEX;NOKIA;RAN_4G;PM;QoS;LCELL;ACC_RRC_RATE;ACC_RRC_RATE;Accesibilidad RRC;Tasa de Éxito de Establecimiento de la Conexión RRC. Mide la probabilidad de que un terminal (UE) establezca con éxito una conexión de control con la eNodeB. La conexión RRC es el primer paso absoluto en la comunicación.;;;;percentage;;2;%;;0 to 100;;;;;;ROUND(IFNULL(100*(SUM(PM_LTE_UE_STATE.SIGN_CONN_ESTAB_SUCC_MT+PM_LTE_UE_STATE.SIGN_CONN_ESTAB_SUCC_MO_D+PM_LTE_UE_STATE.SIGN_CONN_ESTAB_SUCC_DEL_TOL+PM_LTE_UE_STATE.SIGN_CONN_ESTAB_SUCC_HIPRIO+PM_LTE_UE_STATE.SIGN_CONN_ESTAB_COMP_EMG)/SUM(PM_LTE_UE_STATE.SIGN_CONN_ESTAB_ATT_MT+PM_LTE_UE_STATE.SIGN_CONN_ESTAB_ATT_MO_D+PM_LTE_UE_STATE.SIGN_CONN_ESTAB_ATT_DEL_TOL+PM_LTE_UE_STATE.SIGN_CONN_ESTAB_ATT_HIPRIO+PM_LTE_UE_STATE.SIGN_CONN_ESTAB_ATT_EMG+PM_LTE_UE_STATE.SIGN_CONN_ESTAB_ATT_MO_VOICE)),0),2);;;;PM_LTE_UE_STATE;;;
WIRELESS;MEX;NOKIA;RAN_4G;PM;QoS;LCELL;DCR;DCR;Drop Call Rate;Drop Call Rate en LTE. Tasa de caída de E-RAB (EPS Bearer), es decir, la proporción de liberaciones anómalas respecto al total de liberaciones.;;;;percentage;;2;%;;0 to 100;;;;;;ROUND(100*IFNULL((SUM(IFNULL(PM_LTE_EPS_BEARER.ERAB_REL_HO_PART,0))+SUM(IFNULL(PM_LTE_EPS_BEARER.ERAB_REL_ENB,0))-SUM(IFNULL(PM_LTE_EPS_BEARER.ERAB_REL_ENB_RNL_INA,0))-SUM(IFNULL(PM_LTE_EPS_BEARER.ERAB_REL_ENB_RNL_RED,0))+SUM(IFNULL(PM_LTE_EPS_BEARER.EPC_EPS_BEARER_REL_REQ_RNL,0))+SUM(IFNULL(PM_LTE_EPS_BEARER.EPC_EPS_BEARER_REL_REQ_OTH,0)))/(SUM(IFNULL(PM_LTE_EPS_BEARER.ERAB_REL_ENB_RNL_INA,0))+SUM(IFNULL(PM_LTE_EPS_BEARER.ERAB_REL_ENB_RNL_RED,0))+SUM(IFNULL(PM_LTE_EPS_BEARER.EPC_EPS_BEARER_REL_REQ_NORM,0))+SUM(IFNULL(PM_LTE_EPS_BEARER.EPC_EPS_BEARER_REL_REQ_DETACH,0))+SUM(IFNULL(PM_LTE_EPS_BEARER.ERAB_REL_SUCC_HO_UTRAN,0))+SUM(IFNULL(PM_LTE_EPS_BEARER.ERAB_REL_HO_PART,0))+SUM(IFNULL(PM_LTE_EPS_BEARER.ERAB_REL_ENB,0))-SUM(IFNULL(PM_LTE_EPS_BEARER.ERAB_REL_ENB_RNL_INA,0))-SUM(IFNULL(PM_LTE_EPS_BEARER.ERAB_REL_ENB_RNL_RED,0))+SUM(IFNULL(PM_LTE_EPS_BEARER.EPC_EPS_BEARER_REL_REQ_RNL,0))+SUM(IFNULL(PM_LTE_EPS_BEARER.EPC_EPS_BEARER_REL_REQ_OTH,0))),0),2);;;;PM_LTE_EPS_BEARER;;;
WIRELESS;MEX;NOKIA;RAN_4G;PM;QoS;LCELL;VOLTE_ERAB_EST_SR_QCI1;VOLTE_ERAB_EST_SR_QCI1;Éxito establecimiento VoLTE con QCI=1;Tasa de éxito en el establecimiento de E-RAB para VoLTE (QCI=1).;;;;percentage;;2;%;;0 to 100;;;;;;100*SUM(PM_LTE_EPS_BEARER.ERAB_INI_SETUP_SUCC_QCI1+PM_LTE_EPS_BEARER.ERAB_ADD_SETUP_SUCC_QCI1)/SUM(PM_LTE_EPS_BEARER.ERAB_INI_SETUP_ATT_QCI1+PM_LTE_EPS_BEARER.ERAB_ADD_SETUP_ATT_QCI1);;;;PM_LTE_EPS_BEARER;;;
WIRELESS;MEX;NOKIA;RAN_4G;PM;USERS;LCELL;ACTIVE_USER_MAX;ACTIVE_USER_MAX;Máximo Usuarios activos;Número máximo de UEs activos simultáneamente en la celda durante el periodo. Un usuario activo es aquel que tiene una conexión RRC establecida.;;;;integer;;0;;;;;;;;;MAX(PM_LTE_UE_QUANTITY.CELL_LOAD_ACTIVE_UE_MAX);;;;PM_LTE_UE_QUANTITY;;;
WIRELESS;MEX;NOKIA;RAN_4G;PM;QoS;LCELL;LATENCY_RAN_PDCP_DL;LATENCY_RAN_PDCP_DL;Latencia RAN PDCP DL;Latencia media en la capa PDCP (downlink) para tráfico DTCH (usuario);;;;float;;2;ms;;;;;;;;AVG(PM_LTE_CELL_LOAD.PDCP_SDU_DELAY_DL_DTCH_MEAN);;;;PM_LTE_CELL_LOAD;;;
WIRELESS;MEX;NOKIA;RAN_4G;PM;COVERAGE;LCELL;HO_INTERFREQ_OUT_SUCC_RATE;HO_INTERFREQ_OUT_SUCC_RATE;Tasa de éxito de HO interfrequency;Tasa de éxito de los handovers hacia otra frecuencia LTE distinta a la del origen;;;;percentage;;2;%;;0 to 100;;;;;;IFNULL(ROUND(100*SUM(PM_LTE_HANDOVER.HO_INTFREQ_SUCC)/SUM(PM_LTE_HANDOVER.HO_INTFREQ_ATT),2),0);;;;PM_LTE_HANDOVER;;;
WIRELESS;MEX;NOKIA;RAN_4G;PM;COVERAGE;LCELL;HO_INTRAFREQ_OUT_SUCC_RATE;HO_INTRAFREQ_OUT_SUCC_RATE;Tasa de éxito de HO intrafrequency;Tasa de éxito de los handovers hacia la misma frecuencia LTE que la del origen;;;;percentage;;2;%;;0 to 100;;;;;;ROUND(IFNULL(100*(IFNULL(SUM(PM_LTE_INTRA_ENB_HO.SUCC_INTRA_ENB_HO),0) + IFNULL(SUM(PM_LTE_INTER_ENB_HO.SUCC_INTER_ENB_HO),0) + IFNULL(SUM(PM_LTE_INTER_ENB_HO.INTER_ENB_S1_HO_SUCC),0) - IFNULL(SUM(PM_LTE_HANDOVER.HO_INTFREQ_SUCC),0))/ (IFNULL(SUM(PM_LTE_INTRA_ENB_HANDOVER_EXTENSION.INTRA_ENB_IAF_HO_PREP),0) + IFNULL(SUM(PM_LTE_INTER_ENB_VIA_X2_HANDOVER.INTER_ENB_IAF_X2_HO_PREP),0) + IFNULL(SUM(PM_LTE_INTER_ENB_VIA_S1_HANDOVER.INTER_ENB_IAF_S1_HO_PREP),0)),0),2);;;;PM_LTE_INTRA_ENB_HO,PM_LTE_INTER_ENB_HO,PM_LTE_HANDOVER,PM_LTE_INTRA_ENB_HANDOVER_EXTENSION,PM_LTE_INTER_ENB_VIA_X2_HANDOVER,PM_LTE_INTER_ENB_VIA_S1_HANDOVER;;;
WIRELESS;MEX;NOKIA;RAN_4G;PM;QoS;LCELL;CELL_THROUGHPUT_UL;CELL_THROUGHPUT_UL;THROUGHPUT UL;Throughput medio en el plano de usuario uplink (UL) por celda.;;;;float;;2;;;;;;;;;ROUND(IFNULL(8*SUM(PM_LTE_CELL_THROUGHPUT.PDCP_SDU_VOL_UL)/SUM(PM_LTE_CELL_THROUGHPUT.ACTIVE_TTI_UL),0),2);;;;PM_LTE_CELL_THROUGHPUT;;;
WIRELESS;MEX;NOKIA;RAN_4G;PM;QoS;LCELL;CELL_THROUGHPUT_DL;CELL_THROUGHPUT_DL;THROUGHPUT DL;Throughput medio en el plano de usuario downlink (DL) por celda.;;;;float;;2;;;;;;;;;ROUND(IFNULL(8*SUM(PM_LTE_CELL_THROUGHPUT.PDCP_SDU_VOL_DL)/SUM(PM_LTE_CELL_THROUGHPUT.ACTIVE_TTI_DL),0),2);;;;PM_LTE_CELL_THROUGHPUT;;;
WIRELESS;MEX;NOKIA;RAN_4G;PM;QoS;LCELL;USER_DL_AVRG_THROUGHPUT_KBPS;USER_DL_AVRG_THROUGHPUT_KBPS;Throughput  medio;Promedio de throughput que experimenta un usuario en el downlink, considerando todos los QCI (1 a 9).;;;;float;;2;KBPS;;;;;;;;ROUND(IFNULL(SUM(IFNULL(PM_LTE_CELL_THROUGHPUT.IP_TPUT_VOL_DL_QCI_1,0)+IFNULL(PM_LTE_CELL_THROUGHPUT.IP_TPUT_VOL_DL_QCI_2,0)+IFNULL(PM_LTE_CELL_THROUGHPUT.IP_TPUT_VOL_DL_QCI_3,0)+IFNULL(PM_LTE_CELL_THROUGHPUT.IP_TPUT_VOL_DL_QCI_4,0)+IFNULL(PM_LTE_CELL_THROUGHPUT.IP_TPUT_VOL_DL_QCI_5,0)+IFNULL(PM_LTE_CELL_THROUGHPUT.IP_TPUT_VOL_DL_QCI_6,0)+IFNULL(PM_LTE_CELL_THROUGHPUT.IP_TPUT_VOL_DL_QCI_7,0)+IFNULL(PM_LTE_CELL_THROUGHPUT.IP_TPUT_VOL_DL_QCI_8,0)+IFNULL(PM_LTE_CELL_THROUGHPUT.IP_TPUT_VOL_DL_QCI_9,0))/SUM(IFNULL(PM_LTE_CELL_THROUGHPUT.IP_TPUT_TIME_DL_QCI_1,0)+IFNULL(PM_LTE_CELL_THROUGHPUT.IP_TPUT_TIME_DL_QCI_2,0)+IFNULL(PM_LTE_CELL_THROUGHPUT.IP_TPUT_TIME_DL_QCI_3,0)+IFNULL(PM_LTE_CELL_THROUGHPUT.IP_TPUT_TIME_DL_QCI_4,0)+IFNULL(PM_LTE_CELL_THROUGHPUT.IP_TPUT_TIME_DL_QCI_5,0)+IFNULL(PM_LTE_CELL_THROUGHPUT.IP_TPUT_TIME_DL_QCI_6,0)+IFNULL(PM_LTE_CELL_THROUGHPUT.IP_TPUT_TIME_DL_QCI_7,0)+IFNULL(PM_LTE_CELL_THROUGHPUT.IP_TPUT_TIME_DL_QCI_8,0)+IFNULL(PM_LTE_CELL_THROUGHPUT.IP_TPUT_TIME_DL_QCI_9,0)),0),2);;;;PM_LTE_CELL_THROUGHPUT;;;
WIRELESS;MEX;NOKIA;RAN_4G;PM;QoS;LCELL;PRB_UTILIZATION_DL;PRB_UTILIZATION_DL;Promedio de Utilización PRB DL;Nivel medio de utilización de recursos PRB (Physical Resource Blocks) en el downlink. Se calcula con niveles de TTI (1 a 10) ponderados con pesos (10%, 20%, 25% … 95%).;;;;percentage;;2;%;;0 to 100;;;;;;ROUND(IFNULL((SUM(IFNULL(PM_LTE_CELL_RESOURCE.DL_PRB_UTIL_TTI_LEVEL_1,0))*10+SUM(IFNULL(PM_LTE_CELL_RESOURCE.DL_PRB_UTIL_TTI_LEVEL_2,0))*20+SUM(IFNULL(PM_LTE_CELL_RESOURCE.DL_PRB_UTIL_TTI_LEVEL_3,0))*25+SUM(IFNULL(PM_LTE_CELL_RESOURCE.DL_PRB_UTIL_TTI_LEVEL_4,0))*35+SUM(IFNULL(PM_LTE_CELL_RESOURCE.DL_PRB_UTIL_TTI_LEVEL_5,0))*45+SUM(IFNULL(PM_LTE_CELL_RESOURCE.DL_PRB_UTIL_TTI_LEVEL_6,0))*55+SUM(IFNULL(PM_LTE_CELL_RESOURCE.DL_PRB_UTIL_TTI_LEVEL_7,0))*65+SUM(IFNULL(PM_LTE_CELL_RESOURCE.DL_PRB_UTIL_TTI_LEVEL_8,0))*75+SUM(IFNULL(PM_LTE_CELL_RESOURCE.DL_PRB_UTIL_TTI_LEVEL_9,0))*85+SUM(IFNULL(PM_LTE_CELL_RESOURCE.DL_PRB_UTIL_TTI_LEVEL_10,0))*95)/SUM(IFNULL(PM_LTE_CELL_RESOURCE.DL_PRB_UTIL_TTI_LEVEL_1,0)+IFNULL(PM_LTE_CELL_RESOURCE.DL_PRB_UTIL_TTI_LEVEL_2,0)+IFNULL(PM_LTE_CELL_RESOURCE.DL_PRB_UTIL_TTI_LEVEL_3,0)+IFNULL(PM_LTE_CELL_RESOURCE.DL_PRB_UTIL_TTI_LEVEL_4,0)+IFNULL(PM_LTE_CELL_RESOURCE.DL_PRB_UTIL_TTI_LEVEL_5,0)+IFNULL(PM_LTE_CELL_RESOURCE.DL_PRB_UTIL_TTI_LEVEL_6,0)+IFNULL(PM_LTE_CELL_RESOURCE.DL_PRB_UTIL_TTI_LEVEL_7,0)+IFNULL(PM_LTE_CELL_RESOURCE.DL_PRB_UTIL_TTI_LEVEL_8,0)+IFNULL(PM_LTE_CELL_RESOURCE.DL_PRB_UTIL_TTI_LEVEL_9,0)+IFNULL(PM_LTE_CELL_RESOURCE.DL_PRB_UTIL_TTI_LEVEL_10,0)),0),2);;;;PM_LTE_CELL_RESOURCE;;;
WIRELESS;MEX;NOKIA;RAN_4G;PM;QoS;LCELL;PRB_UTILIZATION_UL;PRB_UTILIZATION_UL;Promedio de Utilización PRB UL;Nivel medio de utilización de recursos PRB en el uplink. Indicador de carga de celda UL, muy relevante para detectar interferencias o limitaciones de capacidad UL.;;;;percentage;;2;%;;0 to 100;;;;;;ROUND(IFNULL((SUM(IFNULL(PM_LTE_CELL_RESOURCE.UL_PRB_UTIL_TTI_LEVEL_1,0))*10+SUM(IFNULL(PM_LTE_CELL_RESOURCE.UL_PRB_UTIL_TTI_LEVEL_2,0))*20+SUM(IFNULL(PM_LTE_CELL_RESOURCE.UL_PRB_UTIL_TTI_LEVEL_3,0))*25+SUM(IFNULL(PM_LTE_CELL_RESOURCE.UL_PRB_UTIL_TTI_LEVEL_4,0))*35+SUM(IFNULL(PM_LTE_CELL_RESOURCE.UL_PRB_UTIL_TTI_LEVEL_5,0))*45+SUM(IFNULL(PM_LTE_CELL_RESOURCE.UL_PRB_UTIL_TTI_LEVEL_6,0))*55+SUM(IFNULL(PM_LTE_CELL_RESOURCE.UL_PRB_UTIL_TTI_LEVEL_7,0))*65+SUM(IFNULL(PM_LTE_CELL_RESOURCE.UL_PRB_UTIL_TTI_LEVEL_8,0))*75+SUM(IFNULL(PM_LTE_CELL_RESOURCE.UL_PRB_UTIL_TTI_LEVEL_9,0))*85+SUM(IFNULL(PM_LTE_CELL_RESOURCE.UL_PRB_UTIL_TTI_LEVEL_10,0))*95)/SUM(IFNULL(PM_LTE_CELL_RESOURCE.UL_PRB_UTIL_TTI_LEVEL_1,0)+IFNULL(PM_LTE_CELL_RESOURCE.UL_PRB_UTIL_TTI_LEVEL_2,0)+IFNULL(PM_LTE_CELL_RESOURCE.UL_PRB_UTIL_TTI_LEVEL_3,0)+IFNULL(PM_LTE_CELL_RESOURCE.UL_PRB_UTIL_TTI_LEVEL_4,0)+IFNULL(PM_LTE_CELL_RESOURCE.UL_PRB_UTIL_TTI_LEVEL_5,0)+IFNULL(PM_LTE_CELL_RESOURCE.UL_PRB_UTIL_TTI_LEVEL_6,0)+IFNULL(PM_LTE_CELL_RESOURCE.UL_PRB_UTIL_TTI_LEVEL_7,0)+IFNULL(PM_LTE_CELL_RESOURCE.UL_PRB_UTIL_TTI_LEVEL_8,0)+IFNULL(PM_LTE_CELL_RESOURCE.UL_PRB_UTIL_TTI_LEVEL_9,0)+IFNULL(PM_LTE_CELL_RESOURCE.UL_PRB_UTIL_TTI_LEVEL_10,0)),0),2);;;;PM_LTE_CELL_RESOURCE;;;
WIRELESS;MEX;NOKIA;RAN_5G;PM;QoS;NCELL;NSA_THPT_MAC_DL_AVG_KBPS_5GENDC_5GLEG;NSA_THPT_MAC_DL_AVG_KBPS_5GENDC_5GLEG;;Throughput medio de downlink a nivel MAC en el leg 5G (NR) de una conexión NSA (EN-DC). Velocidad media efectiva de transmisión DL por usuario en 5G-NSA.;;;;float;;2;KBPS;;;;;;;no;ROUND(IFNULL(8000*SUM(IFNULL(PM_NMSDU.DL_MAC_SDU_VOL_DTCH,0))/(SUM(IFNULL(PM_NCELA.ACC_UE_DL_DRB_DATA,0)-IFNULL(PM_NCELA.ACC_UE_DL_SLEEP_DATA,0))*SUM(IFNULL(PM_NCELA.DATA_SLOT_PDSCH_TIME,0))/SUM(IFNULL(PM_NCELA.DATA_SLOT_PDSCH,0))),0),2);;;;PM_NMSDU,PM_NCELA;MRBTS,NRBTS,NRCELL;;
WIRELESS;MEX;NOKIA;RAN_5G;PM;QoS;NCELL;NSA_THPT_MAC_UL_AVG_KBPS_5GENDC_5GLEG;NSA_THPT_MAC_UL_AVG_KBPS_5GENDC_5GLEG;;Throughput medio de uplink a nivel MAC en el leg 5G (NR) de una conexión NSA (EN-DC). Velocidad media efectiva de transmisión UL por usuario en 5G-NSA.;;;;float;;2;KBPS;;;;;;;no;ROUND(IFNULL(8000*SUM(IFNULL(PM_NMSDU.UL_MAC_SDU_VOL_DTCH,0))/(SUM(IFNULL(PM_NCELA.ACC_UE_UL_DRB_DATA,0))*SUM(IFNULL(PM_NCELA.DATA_SLOT_PUSCH_TIME,0))/SUM(IFNULL(PM_NCELA.DATA_SLOT_PUSCH,0))),0),2);;;;PM_NMSDU,PM_NCELA;MRBTS,NRBTS,NRCELL;;
WIRELESS;MEX;NOKIA;RAN_5G;PM;QoS;N4G CELL;NSA_THPT_IP_UL_AVG_KBPS_5GENDC_4GLEG;NSA_THPT_IP_UL_AVG_KBPS_5GENDC_4GLEG;;Throughput medio en uplink (kbps) a nivel IP para la portadora secundaria (SCG) en 4G dentro de EN-DC. KPI clave para evaluar la eficiencia del uplink LTE en escenarios NSA, donde UL suele depender más de LTE que de NR.;;;;float;;2;KBPS;;;;;;;no;ROUND(IFNULL(SUM(IFNULL(PM_LTE_CELL_THROUGHPUT.IP_TPUT_VOL_UL_SCG,0))/SUM(IFNULL(PM_LTE_CELL_THROUGHPUT.IP_TPUT_TIME_UL_SCG,0)),0),2);;;;PM_LTE_CELL_THROUGHPUT;MRBTS,LNBTS,LNCEL,MCC,MNC;;
WIRELESS;MEX;NOKIA;RAN_5G;PM;TRAFFIC;NRNODE;NSA_TRAFFIC_PDCP_DL_GB_5GENDC_5GLEG;NSA_TRAFFIC_PDCP_DL_GB_5GENDC_5GLEG;;Volumen de tráfico PDCP en downlink en leg 5G (NR) de EN-DC, sumado por QoS groups. Cuánto volumen de datos descarga realmente el usuario desde la parte 5G (NR) de la red NSA.;;;;float;;2;GB;;;;;;;;ROUND(IFNULL(SUM(IFNULL(PM_NF1UB.DL_VOL_SNT_F1_QOS_GRP_01,0)+IFNULL(PM_NF1UB.DL_VOL_SNT_F1_QOS_GRP_02,0)+IFNULL(PM_NF1UB.DL_VOL_SNT_F1_QOS_GRP_03,0)+IFNULL(PM_NF1UB.DL_VOL_SNT_F1_QOS_GRP_04,0)+IFNULL(PM_NF1UB.DL_VOL_SNT_F1_QOS_GRP_05,0)+IFNULL(PM_NF1UB.DL_VOL_SNT_F1_QOS_GRP_06,0)+IFNULL(PM_NF1UB.DL_VOL_SNT_F1_QOS_GRP_07,0)+IFNULL(PM_NF1UB.DL_VOL_SNT_F1_QOS_GRP_08,0)+IFNULL(PM_NF1UB.DL_VOL_SNT_F1_QOS_GRP_09,0)+IFNULL(PM_NF1UB.DL_VOL_SNT_F1_QOS_GRP_10,0)+IFNULL(PM_NF1UB.DL_VOL_SNT_F1_QOS_GRP_11,0)+IFNULL(PM_NF1UB.DL_VOL_SNT_F1_QOS_GRP_12,0)+IFNULL(PM_NF1UB.DL_VOL_SNT_F1_QOS_GRP_13,0)+IFNULL(PM_NF1UB.DL_VOL_SNT_F1_QOS_GRP_14,0)+IFNULL(PM_NF1UB.DL_VOL_SNT_F1_QOS_GRP_15,0)+IFNULL(PM_NF1UB.DL_VOL_SNT_F1_QOS_GRP_16,0)+IFNULL(PM_NF1UB.DL_VOL_SNT_F1_QOS_GRP_17,0)+IFNULL(PM_NF1UB.DL_VOL_SNT_F1_QOS_GRP_18,0)+IFNULL(PM_NF1UB.DL_VOL_SNT_F1_QOS_GRP_19,0)+IFNULL(PM_NF1UB.DL_VOL_SNT_F1_QOS_GRP_20,0))*1000/(1024*1024*1024),0),2);;;;PM_NF1UB;MRBTS,NRBTS;;
WIRELESS;MEX;NOKIA;RAN_5G;PM;QoS;N4G CELL;NSA_ACC_ERAB_ATT_4GENDC_4GLEG;NSA_ACC_ERAB_ATT_4GENDC_4GLEG;;Número de intentos de establecimiento de E-RAB en la portadora LTE (MCG) cuando el UE está en EN-DC (cuando el UE está anclado en LTE y se añade portadora 5G NR). Representa la carga de señalización para establecer bearers en LTE en escenarios NSA.;;;;integer;;0;;;;;;;;;SUM(IFNULL(PM_LTE_EPS_BEARER.ERAB_STP_ATT_MCG_NR_PDCP,0)+IFNULL(PM_LTE_EPS_BEARER.ERAB_ADD_STP_ATT_MCG_NR_PDCP,0));;;;PM_LTE_EPS_BEARER;MRBTS,LNBTS,LNCEL,MCC,MNC;;
WIRELESS;MEX;NOKIA;RAN_5G;PM;QoS;N4G CELL;NSA_ACC_ERAB_SR_4GENDC_4GLEG;NSA_ACC_ERAB_SR_4GENDC_4GLEG;;Tasa de éxito en el establecimiento de E-RAB en LTE (MCG) para EN-DC. KPI de accesibilidad en LTE cuando el UE está en modo dual (LTE+NR).;;;;percentage;;2;%;;0 to 100;;;;;;ROUND(100*IFNULL(SUM(IFNULL(PM_LTE_EPS_BEARER.ERAB_STP_SUCC_MCG_NR_PDCP,0)+IFNULL(PM_LTE_EPS_BEARER.ERAB_ADD_STP_SUCC_MCG_NR_PDCP,0))/SUM(IFNULL(PM_LTE_EPS_BEARER.ERAB_STP_ATT_MCG_NR_PDCP,0)+IFNULL(PM_LTE_EPS_BEARER.ERAB_ADD_STP_ATT_MCG_NR_PDCP,0)),0),2);;;;PM_LTE_EPS_BEARER;MRBTS,LNBTS,LNCEL,MCC,MNC;;
WIRELESS;MEX;NOKIA;RAN_5G;PM;QoS;NRNODE;NSA_ACC_ERAB_SUCC_5GENDC_5GLEG;NSA_ACC_ERAB_SUCC_5GENDC_5GLEG;;Número de E-RAB exitosos en la portadora NR (SCG) durante EN-DC. Refleja la capacidad de la red para añadir y mantener la portadora NR en NSA.;;;;integer;;0;;;;;;;;no;SUM(IFNULL(PM_NX2CC.X2_SGNB_ADD_REQ_ACK_SENT,0))*(SUM(IFNULL(PM_NX2CC.X2_SGNB_RECONF_ACK_RECEIVED,0))/SUM(IFNULL(PM_NX2CC.X2_SGNB_RECONF_RECEIVED,0)+IFNULL(PM_NX2CC.X2_SGNB_RECONF_T,0)))+SUM(IFNULL(PM_NX2CC.X2_SGNB_MOD_REQ_ACK_SNT,0));;;;PM_NX2CC;MRBTS,NRBTS,NRCELL;;
WIRELESS;MEX;NOKIA;RAN_5G;PM;QoS;NCELL;NSA_ACC_ERAB_ATT_5GENDC_5GLEG;NSA_ACC_ERAB_ATT_5GENDC_5GLEG;;Número total de intentos de establecimiento/modificación de SgNB (NR leg). Indica la demanda de recursos NR en EN-DC.;;;;integer;;0;;;;;;;;no;SUM(IFNULL(PM_NX2CC.X2_SGNB_ADD_REQ_ACK_SENT,0)+IFNULL(PM_NX2CC.X2_SGNB_ADD_REQ_REJ_SENT,0))+SUM(IFNULL(PM_NX2CC.X2_SGNB_MOD_REQ_RECEIVED,0));;;;PM_NX2CC;MRBTS,NRBTS,NRCELL;;
WIRELESS;MEX;NOKIA;RAN_5G;PM;QoS;NCELL;NSA_ACC_ERAB_SR_5GENDC_5GLEG;NSA_ACC_ERAB_SR_5GENDC_5GLEG;;Tasa de éxito en la configuración de la portadora NR (SCG) en EN-DC. KPI crítico para evaluar la accesibilidad NR en NSA, dependiente de la interfaz X2 y la coordinación LTE-NR.;;;;percentage;;2;%;;0 to 100;;;;;;ROUND(100*IFNULL((SUM(IFNULL(PM_NX2CC.X2_SGNB_ADD_REQ_ACK_SENT,0))*(SUM(IFNULL(PM_NX2CC.X2_SGNB_RECONF_ACK_RECEIVED,0))/SUM(IFNULL(PM_NX2CC.X2_SGNB_RECONF_RECEIVED,0)+IFNULL(PM_NX2CC.X2_SGNB_RECONF_T,0)))+SUM(IFNULL(PM_NX2CC.X2_SGNB_MOD_REQ_ACK_SNT,0)))/SUM(IFNULL(PM_NX2CC.X2_SGNB_ADD_REQ_ACK_SENT,0)+IFNULL(PM_NX2CC.X2_SGNB_ADD_REQ_REJ_SENT,0)+IFNULL(PM_NX2CC.X2_SGNB_MOD_REQ_RECEIVED,0)),0),2);;;;PM_NX2CC;MRBTS,NRBTS,NRCELL;;
WIRELESS;MEX;NOKIA;RAN_5G;PM;QoS;NRNODE;NSA_ACC_SR_4G5G;NSA_ACC_SR_4G5G;;Tasa de éxito global de Accesibilidad (Service Request / RRC + S1 + ERAB + X2) en escenarios NSA 4G+5G. % de sesiones exitosas desde el intento de conexión inicial hasta la activación de recursos en 4G y 5G.;;;;percentage;;2;%;;0 to 100;;;;;yes;ROUND(100*IFNULL(IFNULL(SUM(IFNULL(PM_LTE_UE_STATE_T.SIGN_CONN_ESTAB_SUCC_MT,0)+IFNULL(PM_LTE_UE_STATE_T.SIGN_CONN_ESTAB_SUCC_MO_D,0)+IFNULL(PM_LTE_UE_STATE_T.SIGN_CONN_ESTAB_SUCC_DEL_TOL,0)+IFNULL(PM_LTE_UE_STATE_T.SIGN_CONN_ESTAB_SUCC_HIPRIO,0)+IFNULL(PM_LTE_UE_STATE_T.SIGN_CONN_ESTAB_COMP_EMG,0))/SUM(IFNULL(PM_LTE_UE_STATE_T.SIGN_CONN_ESTAB_ATT_MT,0)+IFNULL(PM_LTE_UE_STATE_T.SIGN_CONN_ESTAB_ATT_MO_D,0)+IFNULL(PM_LTE_UE_STATE_T.SIGN_CONN_ESTAB_ATT_DEL_TOL,0)+IFNULL(PM_LTE_UE_STATE_T.SIGN_CONN_ESTAB_ATT_HIPRIO,0)+IFNULL(PM_LTE_UE_STATE_T.SIGN_CONN_ESTAB_ATT_EMG,0)+IFNULL(PM_LTE_UE_STATE_T.SIGN_CONN_ESTAB_ATT_MO_VOICE,0)),0)*IFNULL(SUM(IFNULL(PM_LTE_UE_STATE_T.S1_SIGN_CONN_ESTAB_SUCC_UE,0))/SUM(IFNULL(PM_LTE_UE_STATE_T.S1_SIGN_CONN_ESTAB_ATT_UE,0)),0)*IFNULL(SUM(IFNULL(PM_LTE_RADIO_BEARER_T.DRB_INI_STP_SUCC_MCG_NR_PDCP,0)+IFNULL(PM_LTE_RADIO_BEARER_T.DRB_ADD_STP_SUCC_MCG_NR_PDCP,0))/NSA_ACC_ERAB_SR_4GENDC_DEN_N,0)*IFNULL(SUM(IFNULL(PM_NX2CC_T.X2_SGNB_RECONF_ACK_RECEIVED,0)+IFNULL(PM_NX2CC_T.X2_SGNB_MOD_REQ_ACK_SNT,0))/SUM(IFNULL(PM_NX2CC_T.X2_SGNB_ADD_REQ_ACK_SENT,0)+IFNULL(PM_NX2CC_T.X2_SGNB_ADD_REQ_REJ_SENT,0)+IFNULL(PM_NX2CC_T.X2_SGNB_MOD_REQ_RECEIVED,0)),0),0),2);;;;PM_LTE_UE_STATE_T,PM_LTE_RADIO_BEARER_T,PM_LTE_EPS_BEARER_T,PM_NX2CC_T;MRBTS,NRBTS;;
WIRELESS;MEX;NOKIA;RAN_5G;PM;QoS;NCELL;NSA_THPT_PDCP_DL_AVG_KBPS_5GENDC_5GLEG;NSA_THPT_PDCP_DL_AVG_KBPS_5GENDC_5GLEG;;Throughput medio PDCP Downlink (kbps) en la portadora 5G (SCG) en EN-DC.;;;;float;;2;KBPS;;;;;;;no;ROUND(IFNULL(1000*SUM(IFNULL(PM_PDCPC.DL_PDCP_VOL_UE_TPUT_5G_QOS01,0)+IFNULL(PM_PDCPC.DL_PDCP_VOL_UE_TPUT_5G_QOS02,0)+IFNULL(PM_PDCPC.DL_PDCP_VOL_UE_TPUT_5G_QOS03,0)+IFNULL(PM_PDCPC.DL_PDCP_VOL_UE_TPUT_5G_QOS04,0)+IFNULL(PM_PDCPC.DL_PDCP_VOL_UE_TPUT_5G_QOS05,0)+IFNULL(PM_PDCPC.DL_PDCP_VOL_UE_TPUT_5G_QOS06,0)+IFNULL(PM_PDCPC.DL_PDCP_VOL_UE_TPUT_5G_QOS07,0)+IFNULL(PM_PDCPC.DL_PDCP_VOL_UE_TPUT_5G_QOS08,0)+IFNULL(PM_PDCPC.DL_PDCP_VOL_UE_TPUT_5G_QOS09,0)+IFNULL(PM_PDCPC.DL_PDCP_VOL_UE_TPUT_5G_QOS10,0)+IFNULL(PM_PDCPC.DL_PDCP_VOL_UE_TPUT_5G_QOS11,0)+IFNULL(PM_PDCPC.DL_PDCP_VOL_UE_TPUT_5G_QOS12,0)+IFNULL(PM_PDCPC.DL_PDCP_VOL_UE_TPUT_5G_QOS13,0)+IFNULL(PM_PDCPC.DL_PDCP_VOL_UE_TPUT_5G_QOS14,0)+IFNULL(PM_PDCPC.DL_PDCP_VOL_UE_TPUT_5G_QOS15,0)+IFNULL(PM_PDCPC.DL_PDCP_VOL_UE_TPUT_5G_QOS16,0)+IFNULL(PM_PDCPC.DL_PDCP_VOL_UE_TPUT_5G_QOS17,0)+IFNULL(PM_PDCPC.DL_PDCP_VOL_UE_TPUT_5G_QOS18,0)+IFNULL(PM_PDCPC.DL_PDCP_VOL_UE_TPUT_5G_QOS19,0)+IFNULL(PM_PDCPC.DL_PDCP_VOL_UE_TPUT_5G_QOS20,0))/SUM(IFNULL(PM_PDCPC.DL_PDCP_TIME_UE_TPUT,0)),0),2);;;;PM_PDCPC;MRBTS,NRBTS,NRCELL;;
WIRELESS;MEX;NOKIA;RAN_5G;PM;QoS;NCELL;NSA_THPT_PDCP_DL_AVG_KBPS_5GENDC_4GLEG;NSA_THPT_PDCP_DL_AVG_KBPS_5GENDC_4GLEG;;Throughput medio PDCP Downlink (kbps) en la portadora LTE (MCG) en EN-DC. Permite comparar la contribución de LTE vs NR en escenarios NSA.;;;;float;;2;KBPS;;;;;;;no;ROUND(IFNULL(1000*SUM(IFNULL(PM_PDCPC.DL_PDCP_VOL_UE_TPUT_LTE_QOS01,0)+IFNULL(PM_PDCPC.DL_PDCP_VOL_UE_TPUT_LTE_QOS02,0)+IFNULL(PM_PDCPC.DL_PDCP_VOL_UE_TPUT_LTE_QOS03,0)+IFNULL(PM_PDCPC.DL_PDCP_VOL_UE_TPUT_LTE_QOS04,0)+IFNULL(PM_PDCPC.DL_PDCP_VOL_UE_TPUT_LTE_QOS05,0)+IFNULL(PM_PDCPC.DL_PDCP_VOL_UE_TPUT_LTE_QOS06,0)+IFNULL(PM_PDCPC.DL_PDCP_VOL_UE_TPUT_LTE_QOS07,0)+IFNULL(PM_PDCPC.DL_PDCP_VOL_UE_TPUT_LTE_QOS08,0)+IFNULL(PM_PDCPC.DL_PDCP_VOL_UE_TPUT_LTE_QOS09,0)+IFNULL(PM_PDCPC.DL_PDCP_VOL_UE_TPUT_LTE_QOS10,0)+IFNULL(PM_PDCPC.DL_PDCP_VOL_UE_TPUT_LTE_QOS11,0)+IFNULL(PM_PDCPC.DL_PDCP_VOL_UE_TPUT_LTE_QOS12,0)+IFNULL(PM_PDCPC.DL_PDCP_VOL_UE_TPUT_LTE_QOS13,0)+IFNULL(PM_PDCPC.DL_PDCP_VOL_UE_TPUT_LTE_QOS14,0)+IFNULL(PM_PDCPC.DL_PDCP_VOL_UE_TPUT_LTE_QOS15,0)+IFNULL(PM_PDCPC.DL_PDCP_VOL_UE_TPUT_LTE_QOS16,0)+IFNULL(PM_PDCPC.DL_PDCP_VOL_UE_TPUT_LTE_QOS17,0)+IFNULL(PM_PDCPC.DL_PDCP_VOL_UE_TPUT_LTE_QOS18,0)+IFNULL(PM_PDCPC.DL_PDCP_VOL_UE_TPUT_LTE_QOS19,0)+IFNULL(PM_PDCPC.DL_PDCP_VOL_UE_TPUT_LTE_QOS20,0))/SUM(IFNULL(PM_PDCPC.DL_PDCP_TIME_UE_TPUT,0)),0),2);;;;PM_PDCPC;MRBTS,NRBTS,NRCELL;;
WIRELESS;MEX;NOKIA;RAN_5G;PM;QoS;NRNODE;NSA_RET_ERAB_SR_5GENDC_5GLEG;NSA_RET_ERAB_SR_5GENDC_5GLEG;;Tasa de retención de ERAB/DRB en la portadora 5G (SCG).;;;;percentage;;2;%;;0 to 100;;;;;;ROUND(100*IFNULL(SUM(IFNULL(PM_NX2CC_T.SGNB_REL_SN_REQ_UE_LOST,0)-IFNULL(PM_NNSAUE_T.RLF_INITIATED_UE_RACH_FAIL,0)-IFNULL(PM_NNSAUE_T.RLF_INITIATED_UE_SCG_CHGE_FAIL,0)+IFNULL(PM_NX2CC_T.NX2CC_UE_RELEASE_ABNORMAL,0)+IFNULL(PM_NX2CB.X2_UEREL_OUTGOING_RESET,0)+IFNULL(PM_NX2CB.X2_UEREL_OUT_PARTIAL_RESET,0)+IFNULL(PM_NX2CB.X2_UEREL_INCOMING_RESET,0)+IFNULL(PM_NX2CB.X2_UEREL_INC_PARTIAL_RESET,0))/SUM(IFNULL(PM_NX2CC_T.X2_SGNB_REL_REQUIRED_SENT,0)+IFNULL(PM_NX2CC_T.X2_SGNB_REL_REQ_RECEIVED,0)-IFNULL(PM_NNSAUE_T.RLF_INITIATED_UE_RACH_FAIL,0)-IFNULL(PM_NNSAUE_T.RLF_INITIATED_UE_SCG_CHGE_FAIL,0)+IFNULL(PM_NX2CB.X2_UEREL_OUTGOING_RESET,0)+IFNULL(PM_NX2CB.X2_UEREL_OUT_PARTIAL_RESET,0)+IFNULL(PM_NX2CB.X2_UEREL_INCOMING_RESET,0)+IFNULL(PM_NX2CB.X2_UEREL_INC_PARTIAL_RESET,0)),0),2);;;;PM_NX2CC_T,PM_NNSAUE_T,PM_NX2CB;MRBTS,NRBTS;;
WIRELESS;MEX;NOKIA;RAN_5G;PM;QoS;N4G CELL;NSA_RET_ERAB_SR_4GENDC;NSA_RET_ERAB_SR_4GENDC;;Tasa de retención de ERAB en la portadora LTE (MCG) cuando el UE está en EN-DC.;;;;percentage;;2;%;;0 to 100;;;;;;ROUND(100*IFNULL(1-SUM(IFNULL(PM_LTE_ERAB_STATISTICS_PER_PMQAP_PROFILE_T.ERAB_REL_ABNORMAL_ACT_PROFILE_1,0)+IFNULL(PM_LTE_ERAB_STATISTICS_PER_PMQAP_PROFILE_T.ERAB_REL_ABNORMAL_ACT_PROFILE_2,0)+IFNULL(PM_LTE_ERAB_STATISTICS_PER_PMQAP_PROFILE_T.ERAB_REL_ABNORMAL_ACT_PROFILE_17,0))/SUM(IFNULL(PM_LTE_ERAB_STATISTICS_PER_PMQAP_PROFILE_T.ERAB_REL_NORMAL_PROFILE_1,0)+IFNULL(PM_LTE_ERAB_STATISTICS_PER_PMQAP_PROFILE_T.ERAB_REL_NORMAL_PROFILE_2,0)+IFNULL(PM_LTE_ERAB_STATISTICS_PER_PMQAP_PROFILE_T.ERAB_REL_NORMAL_PROFILE_17,0)+IFNULL(PM_LTE_ERAB_STATISTICS_PER_PMQAP_PROFILE_T.ERAB_REL_ALL_ABNORMAL_PROFILE_1,0)+IFNULL(PM_LTE_ERAB_STATISTICS_PER_PMQAP_PROFILE_T.ERAB_REL_ALL_ABNORMAL_PROFILE_2,0)+IFNULL(PM_LTE_ERAB_STATISTICS_PER_PMQAP_PROFILE_T.ERAB_REL_ALL_ABNORMAL_PROFILE_17,0)),0),2);;;;PM_LTE_ERAB_STATISTICS_PER_PMQAP_PROFILE_T;MRBTS,LNBTS,LNCEL,MCC,MNC;;
WIRELESS;MEX;NOKIA;RAN_5G;PM;QoS;NRNODE;NSA_THP_MN;NSA_THP_MN;;Calcula el throughput medio (Mbps) en el Secondary Cell Group (SCG) en escenarios EN-DC. Throughput promedio de celda en downlink para el tráfico 5G NSA que es manejado por la capa 4G (LTE).;;;;float;;2;MBPS;;;;;;;yes;ROUND(IFNULL((SUM(IFNULL(PM_LTE_CELL_THROUGHPUT_T.IP_TPUT_VOL_DL_SCG,0))/(1000*1000))/(SUM(IFNULL(PM_LTE_CELL_THROUGHPUT_T.IP_TPUT_TIME_DL_SCG,0))/1000),0),2);;;;PM_LTE_CELL_THROUGHPUT_T;MRBTS,NRBTS;;
WIRELESS;MEX;NOKIA;RAN_5G;PM;QoS;NRNODE;NSA_THP_MN_NUM;NSA_THP_MN_NUM;;;;;;integer;;0;MB;;;;;;;no;SUM(IFNULL(PM_LTE_CELL_THROUGHPUT_T.IP_TPUT_VOL_DL_SCG,0))/(1000*1000);;;;PM_LTE_CELL_THROUGHPUT_T;MRBTS,NRBTS;;
WIRELESS;MEX;NOKIA;RAN_5G;PM;QoS;NRNODE;NSA_THP_MN_DEN;NSA_THP_MN_DEN;;;;;;integer;;0;Seconds;;;;;;;no;SUM(IFNULL(PM_LTE_CELL_THROUGHPUT_T.IP_TPUT_TIME_DL_SCG,0))/1000;;;;PM_LTE_CELL_THROUGHPUT_T;MRBTS,NRBTS;;
WIRELESS;MEX;NOKIA;RAN_5G;PM;QoS;NCELL;NSA_CELL_THP_UL;NSA_CELL_THP_UL;;Throughput de celda en uplink (UL) en NSA. Un valor bajo puede indicar problemas de interferencia.;;;;float;;2;MBPS;;;;;;;;ROUND(8*SUM(IFNULL(PM_NMPDU.PUSCH_CP_INI_VOL_64TBL_MCS00,0)+IFNULL(PM_NMPDU.PUSCH_CP_INI_VOL_64TBL_MCS01,0)+IFNULL(PM_NMPDU.PUSCH_CP_INI_VOL_64TBL_MCS02,0)+IFNULL(PM_NMPDU.PUSCH_CP_INI_VOL_64TBL_MCS03,0)+IFNULL(PM_NMPDU.PUSCH_CP_INI_VOL_64TBL_MCS04,0)+IFNULL(PM_NMPDU.PUSCH_CP_INI_VOL_64TBL_MCS05,0)+IFNULL(PM_NMPDU.PUSCH_CP_INI_VOL_64TBL_MCS06,0)+IFNULL(PM_NMPDU.PUSCH_CP_INI_VOL_64TBL_MCS07,0)+IFNULL(PM_NMPDU.PUSCH_CP_INI_VOL_64TBL_MCS08,0)+IFNULL(PM_NMPDU.PUSCH_CP_INI_VOL_64TBL_MCS09,0)+IFNULL(PM_NMPDU.PUSCH_CP_INI_VOL_64TBL_MCS10,0)+IFNULL(PM_NMPDU.PUSCH_CP_INI_VOL_64TBL_MCS11,0)+IFNULL(PM_NMPDU.PUSCH_CP_INI_VOL_64TBL_MCS12,0)+IFNULL(PM_NMPDU.PUSCH_CP_INI_VOL_64TBL_MCS13,0)+IFNULL(PM_NMPDU.PUSCH_CP_INI_VOL_64TBL_MCS14,0)+IFNULL(PM_NMPDU.PUSCH_CP_INI_VOL_64TBL_MCS15,0)+IFNULL(PM_NMPDU.PUSCH_CP_INI_VOL_64TBL_MCS16,0)+IFNULL(PM_NMPDU.PUSCH_CP_INI_VOL_64TBL_MCS17,0)+IFNULL(PM_NMPDU.PUSCH_CP_INI_VOL_64TBL_MCS18,0)+IFNULL(PM_NMPDU.PUSCH_CP_INI_VOL_64TBL_MCS19,0)+IFNULL(PM_NMPDU.PUSCH_CP_INI_VOL_64TBL_MCS20,0)+IFNULL(PM_NMPDU.PUSCH_CP_INI_VOL_64TBL_MCS21,0)+IFNULL(PM_NMPDU.PUSCH_CP_INI_VOL_64TBL_MCS22,0)+IFNULL(PM_NMPDU.PUSCH_CP_INI_VOL_64TBL_MCS23,0)+IFNULL(PM_NMPDU.PUSCH_CP_INI_VOL_64TBL_MCS24,0)+IFNULL(PM_NMPDU.PUSCH_CP_INI_VOL_64TBL_MCS25,0)+IFNULL(PM_NMPDU.PUSCH_CP_INI_VOL_64TBL_MCS26,0)+IFNULL(PM_NMPDU.PUSCH_CP_INI_VOL_64TBL_MCS27,0)+IFNULL(PM_NMPDU.PUSCH_CP_INI_VOL_64TBL_MCS28,0)+IFNULL(PM_NMPDU.PUSCH_DFT_INI_VOL_64TBL_MCS00,0)+IFNULL(PM_NMPDU.PUSCH_DFT_INI_VOL_64TBL_MCS01,0)+IFNULL(PM_NMPDU.PUSCH_DFT_INI_VOL_64TBL_MCS02,0)+IFNULL(PM_NMPDU.PUSCH_DFT_INI_VOL_64TBL_MCS03,0)+IFNULL(PM_NMPDU.PUSCH_DFT_INI_VOL_64TBL_MCS04,0)+IFNULL(PM_NMPDU.PUSCH_DFT_INI_VOL_64TBL_MCS05,0)+IFNULL(PM_NMPDU.PUSCH_DFT_INI_VOL_64TBL_MCS06,0)+IFNULL(PM_NMPDU.PUSCH_DFT_INI_VOL_64TBL_MCS07,0)+IFNULL(PM_NMPDU.PUSCH_DFT_INI_VOL_64TBL_MCS08,0)+IFNULL(PM_NMPDU.PUSCH_DFT_INI_VOL_64TBL_MCS09,0)+IFNULL(PM_NMPDU.PUSCH_DFT_INI_VOL_64TBL_MCS10,0)+IFNULL(PM_NMPDU.PUSCH_DFT_INI_VOL_64TBL_MCS11,0)+IFNULL(PM_NMPDU.PUSCH_DFT_INI_VOL_64TBL_MCS12,0)+IFNULL(PM_NMPDU.PUSCH_DFT_INI_VOL_64TBL_MCS13,0)+IFNULL(PM_NMPDU.PUSCH_DFT_INI_VOL_64TBL_MCS14,0)+IFNULL(PM_NMPDU.PUSCH_DFT_INI_VOL_64TBL_MCS15,0)+IFNULL(PM_NMPDU.PUSCH_DFT_INI_VOL_64TBL_MCS16,0)+IFNULL(PM_NMPDU.PUSCH_DFT_INI_VOL_64TBL_MCS17,0)+IFNULL(PM_NMPDU.PUSCH_DFT_INI_VOL_64TBL_MCS18,0)+IFNULL(PM_NMPDU.PUSCH_DFT_INI_VOL_64TBL_MCS19,0)+IFNULL(PM_NMPDU.PUSCH_DFT_INI_VOL_64TBL_MCS20,0)+IFNULL(PM_NMPDU.PUSCH_DFT_INI_VOL_64TBL_MCS21,0)+IFNULL(PM_NMPDU.PUSCH_DFT_INI_VOL_64TBL_MCS22,0)+IFNULL(PM_NMPDU.PUSCH_DFT_INI_VOL_64TBL_MCS24,0)+IFNULL(PM_NMPDU.PUSCH_DFT_INI_VOL_64TBL_MCS25,0)+IFNULL(PM_NMPDU.PUSCH_DFT_INI_VOL_64TBL_MCS26,0)+IFNULL(PM_NMPDU.PUSCH_DFT_INI_VOL_64TBL_MCS27,0)+IFNULL(PM_NMPDU.PUSCH_CP_INI_VOL_256TBL_MCS00,0)+IFNULL(PM_NMPDU.PUSCH_CP_INI_VOL_256TBL_MCS01,0)+IFNULL(PM_NMPDU.PUSCH_CP_INI_VOL_256TBL_MCS02,0)+IFNULL(PM_NMPDU.PUSCH_CP_INI_VOL_256TBL_MCS03,0)+IFNULL(PM_NMPDU.PUSCH_CP_INI_VOL_256TBL_MCS04,0)+IFNULL(PM_NMPDU.PUSCH_CP_INI_VOL_256TBL_MCS05,0)+IFNULL(PM_NMPDU.PUSCH_CP_INI_VOL_256TBL_MCS06,0)+IFNULL(PM_NMPDU.PUSCH_CP_INI_VOL_256TBL_MCS07,0)+IFNULL(PM_NMPDU.PUSCH_CP_INI_VOL_256TBL_MCS08,0)+IFNULL(PM_NMPDU.PUSCH_CP_INI_VOL_256TBL_MCS09,0)+IFNULL(PM_NMPDU.PUSCH_CP_INI_VOL_256TBL_MCS10,0)+IFNULL(PM_NMPDU.PUSCH_CP_INI_VOL_256TBL_MCS11,0)+IFNULL(PM_NMPDU.PUSCH_CP_INI_VOL_256TBL_MCS12,0)+IFNULL(PM_NMPDU.PUSCH_CP_INI_VOL_256TBL_MCS13,0)+IFNULL(PM_NMPDU.PUSCH_CP_INI_VOL_256TBL_MCS14,0)+IFNULL(PM_NMPDU.PUSCH_CP_INI_VOL_256TBL_MCS15,0)+IFNULL(PM_NMPDU.PUSCH_CP_INI_VOL_256TBL_MCS16,0)+IFNULL(PM_NMPDU.PUSCH_CP_INI_VOL_256TBL_MCS17,0)+IFNULL(PM_NMPDU.PUSCH_CP_INI_VOL_256TBL_MCS18,0)+IFNULL(PM_NMPDU.PUSCH_CP_INI_VOL_256TBL_MCS19,0)+IFNULL(PM_NMPDU.PUSCH_CP_INI_VOL_256TBL_MCS20,0)+IFNULL(PM_NMPDU.PUSCH_CP_INI_VOL_256TBL_MCS21,0)+IFNULL(PM_NMPDU.PUSCH_CP_INI_VOL_256TBL_MCS22,0)+IFNULL(PM_NMPDU.PUSCH_CP_INI_VOL_256TBL_MCS23,0)+IFNULL(PM_NMPDU.PUSCH_CP_INI_VOL_256TBL_MCS24,0)+IFNULL(PM_NMPDU.PUSCH_CP_INI_VOL_256TBL_MCS25,0)+IFNULL(PM_NMPDU.PUSCH_CP_INI_VOL_256TBL_MCS26,0)+IFNULL(PM_NMPDU.PUSCH_CP_INI_VOL_256TBL_MCS27,0))/SUM(IFNULL(PM_NCELA.DATA_SLOT_PUSCH_TIME,0)+IFNULL(PM_NCELA.PRACH_SLOTS_PUSCH_TIME,0)),2);;;;PM_NMPDU,PM_NCELA;MRBTS,NRBTS,NRCELL;;
WIRELESS;MEX;NOKIA;RAN_5G;PM;COVERAGE;NCELL;UL_INTERFERENCE;UL_INTERFERENCE;Interferencia UpLink;Nivel medio de interferencia en uplink de la celda.;;;;float;;2;dBm;;;;;;;;ROUND((-114*SUM(IFNULL(PM_NULSQ.UE_RSSI_PUSCH_LEVEL_01,0))-113*SUM(IFNULL(PM_NULSQ.UE_RSSI_PUSCH_LEVEL_02,0))-111*SUM(IFNULL(PM_NULSQ.UE_RSSI_PUSCH_LEVEL_03,0))-109*SUM(IFNULL(PM_NULSQ.UE_RSSI_PUSCH_LEVEL_04,0))-107*SUM(IFNULL(PM_NULSQ.UE_RSSI_PUSCH_LEVEL_05,0))-105*SUM(IFNULL(PM_NULSQ.UE_RSSI_PUSCH_LEVEL_06,0))-103*SUM(IFNULL(PM_NULSQ.UE_RSSI_PUSCH_LEVEL_07,0))-101*SUM(IFNULL(PM_NULSQ.UE_RSSI_PUSCH_LEVEL_08,0))-99*SUM(IFNULL(PM_NULSQ.UE_RSSI_PUSCH_LEVEL_09,0))-97*SUM(IFNULL(PM_NULSQ.UE_RSSI_PUSCH_LEVEL_10,0))-95*SUM(IFNULL(PM_NULSQ.UE_RSSI_PUSCH_LEVEL_11,0))-93*SUM(IFNULL(PM_NULSQ.UE_RSSI_PUSCH_LEVEL_12,0))-91*SUM(IFNULL(PM_NULSQ.UE_RSSI_PUSCH_LEVEL_12,0))-89*SUM(IFNULL(PM_NULSQ.UE_RSSI_PUSCH_LEVEL_14,0))-87*SUM(IFNULL(PM_NULSQ.UE_RSSI_PUSCH_LEVEL_15,0))-85*SUM(IFNULL(PM_NULSQ.UE_RSSI_PUSCH_LEVEL_16,0))-83*SUM(IFNULL(PM_NULSQ.UE_RSSI_PUSCH_LEVEL_17,0))-81*SUM(IFNULL(PM_NULSQ.UE_RSSI_PUSCH_LEVEL_18,0))-79*SUM(IFNULL(PM_NULSQ.UE_RSSI_PUSCH_LEVEL_19,0))-77*SUM(IFNULL(PM_NULSQ.UE_RSSI_PUSCH_LEVEL_20,0))-75*SUM(IFNULL(PM_NULSQ.UE_RSSI_PUSCH_LEVEL_21,0))-73*SUM(IFNULL(PM_NULSQ.UE_RSSI_PUSCH_LEVEL_22,0))-71*SUM(IFNULL(PM_NULSQ.UE_RSSI_PUSCH_LEVEL_23,0))-69*SUM(IFNULL(PM_NULSQ.UE_RSSI_PUSCH_LEVEL_24,0))-67*SUM(IFNULL(PM_NULSQ.UE_RSSI_PUSCH_LEVEL_25,0))-65*SUM(IFNULL(PM_NULSQ.UE_RSSI_PUSCH_LEVEL_26,0))-63*SUM(IFNULL(PM_NULSQ.UE_RSSI_PUSCH_LEVEL_27,0))-61*SUM(IFNULL(PM_NULSQ.UE_RSSI_PUSCH_LEVEL_28,0))-59*SUM(IFNULL(PM_NULSQ.UE_RSSI_PUSCH_LEVEL_29,0))-57*SUM(IFNULL(PM_NULSQ.UE_RSSI_PUSCH_LEVEL_30,0))-55*SUM(IFNULL(PM_NULSQ.UE_RSSI_PUSCH_LEVEL_31,0))-53*SUM(IFNULL(PM_NULSQ.UE_RSSI_PUSCH_LEVEL_32,0))-51*SUM(IFNULL(PM_NULSQ.UE_RSSI_PUSCH_LEVEL_33,0))-49*SUM(IFNULL(PM_NULSQ.UE_RSSI_PUSCH_LEVEL_34,0))-47*SUM(IFNULL(PM_NULSQ.UE_RSSI_PUSCH_LEVEL_35,0))-45*SUM(IFNULL(PM_NULSQ.UE_RSSI_PUSCH_LEVEL_36,0))-43*SUM(IFNULL(PM_NULSQ.UE_RSSI_PUSCH_LEVEL_37,0))-41*SUM(IFNULL(PM_NULSQ.UE_RSSI_PUSCH_LEVEL_38,0))-39*SUM(IFNULL(PM_NULSQ.UE_RSSI_PUSCH_LEVEL_39,0))-37*SUM(IFNULL(PM_NULSQ.UE_RSSI_PUSCH_LEVEL_40,0))-35*SUM(IFNULL(PM_NULSQ.UE_RSSI_PUSCH_LEVEL_41,0))-33*SUM(IFNULL(PM_NULSQ.UE_RSSI_PUSCH_LEVEL_42,0))-31*SUM(IFNULL(PM_NULSQ.UE_RSSI_PUSCH_LEVEL_43,0))-30*SUM(IFNULL(PM_NULSQ.UE_RSSI_PUSCH_LEVEL_44,0)))/SUM(IFNULL(PM_NULSQ.UE_RSSI_PUSCH_LEVEL_01,0)+IFNULL(PM_NULSQ.UE_RSSI_PUSCH_LEVEL_02,0)+IFNULL(PM_NULSQ.UE_RSSI_PUSCH_LEVEL_03,0)+IFNULL(PM_NULSQ.UE_RSSI_PUSCH_LEVEL_04,0)+IFNULL(PM_NULSQ.UE_RSSI_PUSCH_LEVEL_05,0)+IFNULL(PM_NULSQ.UE_RSSI_PUSCH_LEVEL_06,0)+IFNULL(PM_NULSQ.UE_RSSI_PUSCH_LEVEL_07,0)+IFNULL(PM_NULSQ.UE_RSSI_PUSCH_LEVEL_08,0)+IFNULL(PM_NULSQ.UE_RSSI_PUSCH_LEVEL_09,0)+IFNULL(PM_NULSQ.UE_RSSI_PUSCH_LEVEL_10,0)+IFNULL(PM_NULSQ.UE_RSSI_PUSCH_LEVEL_11,0)+IFNULL(PM_NULSQ.UE_RSSI_PUSCH_LEVEL_12,0)+IFNULL(PM_NULSQ.UE_RSSI_PUSCH_LEVEL_13,0)+IFNULL(PM_NULSQ.UE_RSSI_PUSCH_LEVEL_14,0)+IFNULL(PM_NULSQ.UE_RSSI_PUSCH_LEVEL_15,0)+IFNULL(PM_NULSQ.UE_RSSI_PUSCH_LEVEL_16,0)+IFNULL(PM_NULSQ.UE_RSSI_PUSCH_LEVEL_17,0)+IFNULL(PM_NULSQ.UE_RSSI_PUSCH_LEVEL_18,0)+IFNULL(PM_NULSQ.UE_RSSI_PUSCH_LEVEL_19,0)+IFNULL(PM_NULSQ.UE_RSSI_PUSCH_LEVEL_20,0)+IFNULL(PM_NULSQ.UE_RSSI_PUSCH_LEVEL_21,0)+IFNULL(PM_NULSQ.UE_RSSI_PUSCH_LEVEL_22,0)+IFNULL(PM_NULSQ.UE_RSSI_PUSCH_LEVEL_23,0)+IFNULL(PM_NULSQ.UE_RSSI_PUSCH_LEVEL_24,0)+IFNULL(PM_NULSQ.UE_RSSI_PUSCH_LEVEL_25,0)+IFNULL(PM_NULSQ.UE_RSSI_PUSCH_LEVEL_26,0)+IFNULL(PM_NULSQ.UE_RSSI_PUSCH_LEVEL_27,0)+IFNULL(PM_NULSQ.UE_RSSI_PUSCH_LEVEL_28,0)+IFNULL(PM_NULSQ.UE_RSSI_PUSCH_LEVEL_29,0)+IFNULL(PM_NULSQ.UE_RSSI_PUSCH_LEVEL_30,0)+IFNULL(PM_NULSQ.UE_RSSI_PUSCH_LEVEL_31,0)+IFNULL(PM_NULSQ.UE_RSSI_PUSCH_LEVEL_32,0)+IFNULL(PM_NULSQ.UE_RSSI_PUSCH_LEVEL_33,0)+IFNULL(PM_NULSQ.UE_RSSI_PUSCH_LEVEL_34,0)+IFNULL(PM_NULSQ.UE_RSSI_PUSCH_LEVEL_35,0)+IFNULL(PM_NULSQ.UE_RSSI_PUSCH_LEVEL_36,0)+IFNULL(PM_NULSQ.UE_RSSI_PUSCH_LEVEL_37,0)+IFNULL(PM_NULSQ.UE_RSSI_PUSCH_LEVEL_38,0)+IFNULL(PM_NULSQ.UE_RSSI_PUSCH_LEVEL_39,0)+IFNULL(PM_NULSQ.UE_RSSI_PUSCH_LEVEL_40,0)+IFNULL(PM_NULSQ.UE_RSSI_PUSCH_LEVEL_41,0)+IFNULL(PM_NULSQ.UE_RSSI_PUSCH_LEVEL_42,0)+IFNULL(PM_NULSQ.UE_RSSI_PUSCH_LEVEL_43,0)+IFNULL(PM_NULSQ.UE_RSSI_PUSCH_LEVEL_44,0)),2);;;;PM_NULSQ;MRBTS,NRBTS,NRCELL;;
WIRELESS;MEX;ERICSSON;RAN_5G;PM;ID;NCELL;nr_agg;SUBNETWORK;?;Nombre del NR aggregator;;;;string;;;;;;;;;;no;MIN(PM_NRCELLDU.PMCELLDOWNTIMEMAN+PM_NRCELLDU.PMCELLDOWNTIMEAUTO);;xxx.xxx.xxx.xxx;wdna_operator_vendor;PM_NRCELLDU;ManagedElement,GNBDUFunction,NRCellDU;;
WIRELESS;MEX;ERICSSON;RAN_5G;PM;ID;NCELL;nr_id;MECONTEXT;?;Nombre del node radio;;;;string;;;;;;;;;;no;MIN(PM_NRCELLDU.PMCELLDOWNTIMEMAN+PM_NRCELLDU.PMCELLDOWNTIMEAUTO);;xxx.xxx.xxx.xxx;wdna_operator_vendor;PM_NRCELLDU;ManagedElement,GNBDUFunction,NRCellDU;;
WIRELESS;MEX;ERICSSON;RAN_5G;PM;ID;NCELL;nrcell_id;NRCELLDU;?;Nombre de la celda;;;;string;;;;;;;;;;no;MIN(PM_NRCELLDU.PMCELLDOWNTIMEMAN+PM_NRCELLDU.PMCELLDOWNTIMEAUTO);;xxx.xxx.xxx.xxx;wdna_operator_vendor;PM_NRCELLDU;ManagedElement,GNBDUFunction,NRCellDU;;
WIRELESS;MEX;NOKIA;RAN_5G;PM;ID;NCELL;nr_agg;NE_NAME;;Nombre del NR aggregator;;;;string;;;;;;;;;;;;;;;PM_NULSQ;MRBTS,NRBTS,NRCELL;;
WIRELESS;MEX;NOKIA;RAN_5G;PM;ID;NCELL;nr_id;NE_NAME;;Nombre del node radio;;;;string;;;;;;;;;;;;;;;PM_NULSQ;MRBTS,NRBTS,NRCELL;;
WIRELESS;MEX;NOKIA;RAN_5G;PM;ID;NCELL;ncell_id;CELL_NAME;;Nombre de la celda;;;;string;;;;;;;;;;;;;;;PM_NULSQ;MRBTS,NRBTS,NRCELL;;
WIRELESS;MEX;NOKIA;RAN_5G;PM;ID;N4G CELL;nr_agg;NE_NAME;;Nombre del NR aggregator;;;;string;;;;;;;;;;;;;;;PM_LTE_EPS_BEARER;MRBTS,LNBTS,LNCEL,MCC,MNC;;
WIRELESS;MEX;NOKIA;RAN_5G;PM;ID;N4G CELL;nr_id;NE_NAME;;Nombre del node radio;;;;string;;;;;;;;;;;;;;;PM_LTE_EPS_BEARER;MRBTS,LNBTS,LNCEL,MCC,MNC;;
WIRELESS;MEX;NOKIA;RAN_5G;PM;ID;N4G CELL;ncell_id;CELL_NAME;;Nombre de la celda;;;;string;;;;;;;;;;;;;;;PM_LTE_EPS_BEARER;MRBTS,LNBTS,LNCEL,MCC,MNC;;
WIRELESS;MEX;NOKIA;RAN_5G;AUDIT;ID;NCELL;enb_agg;MANAGED_OBJECT1;Enodeb aggregato;Enodeb aggregato;;;;string;;;;;;;;;;;;AGUAGU0002;xxx.xxx.xxx.xxx;wdna_operator_vendor;cm_audit_mastercells;managed_object1,managed_object2,managed_object3;;
WIRELESS;MEX;NOKIA;RAN_5G;AUDIT;ID;NCELL;enb_id;MANAGED_OBJECT2;enodeb name;Nombre del eNodeB;;;;string;;;;;;;;;;;;AGUAGU0002;xxx.xxx.xxx.xxx;wdna_operator_vendor;cm_audit_mastercells;managed_object1,managed_object2,managed_object3;;
WIRELESS;MEX;NOKIA;RAN_5G;AUDIT;ID;NCELL;cell_id;MANAGED_OBJECT3;cell name;Nombre identificativo de la celda, etiqueta.;;;;string;;;;;;;;;;;;MLAGUAGU0002_1_A;xxx.xxx.xxx.xxx;wdna_operator_vendor;cm_audit_mastercells;managed_object1,managed_object2,managed_object3;;
WIRELESS;MEX;NOKIA;RAN_5G;AUDIT;LOCATION;NCELL;node_location;RBS_NAME;;Nombre del emplazamiento AT&T (American Telephone and Telegraph);;;;string;;;;;;;;;;;;AGUASCALIENTES;xxx.xxx.xxx.xxx;wdna_operator_vendor;cm_audit_mastercells;managed_object1,managed_object2,managed_object3;;
WIRELESS;MEX;NOKIA;RAN_5G;AUDIT;LOCATION;NCELL;CLUSTER;CLUSTER;;Agrupación de elementos en estudio;;;;string;;;;;;;;;;;;AGUASCALIENTES;xxx.xxx.xxx.xxx;wdna_operator_vendor;cm_audit_mastercells;managed_object1,managed_object2,managed_object3;;
WIRELESS;MEX;NOKIA;RAN_5G;AUDIT;LOCATION;NCELL;REGION;REGION;;Agrupación de provincias custom del operador. ;;;;string;;;;;;;;;;;;PACIFIC;xxx.xxx.xxx.xxx;wdna_operator_vendor;cm_audit_mastercells;managed_object1,managed_object2,managed_object3;;
WIRELESS;MEX;NOKIA;RAN_5G;AUDIT;LOCATION;NCELL;PROVINCE;PROVINCE;;Provincia;;;;string;;;;;;;;;;;;AGUASCALIENTES;xxx.xxx.xxx.xxx;wdna_operator_vendor;cm_audit_mastercells;managed_object1,managed_object2,managed_object3;;
WIRELESS;MEX;NOKIA;RAN_5G;AUDIT;LOCATION;NCELL;MUNICIPALITY;MUNICIPALITY;;Municipio;;;;string;;;;;;;;;;;;AGUASCALIENTES;xxx.xxx.xxx.xxx;wdna_operator_vendor;cm_audit_mastercells;managed_object1,managed_object2,managed_object3;;
WIRELESS;MEX;NOKIA;RAN_5G;AUDIT;LOCATION;NCELL;CITY;CITY;City;Ciudad;;;;string;;;;;;;;;;;;AGUASCALIENTES;xxx.xxx.xxx.xxx;wdna_operator_vendor;cm_audit_mastercells;managed_object1,managed_object2,managed_object3;;
WIRELESS;MEX;NOKIA;RAN_5G;AUDIT;CONFIGURATION;NCELL;IP;IP;;Internet Protocol;;;;string;;;;;;;;;;;;10.251.198.155;xxx.xxx.xxx.xxx;wdna_operator_vendor;cm_audit_mastercells;managed_object1,managed_object2,managed_object3;;
WIRELESS;MEX;NOKIA;RAN_5G;AUDIT;LOCATION;NCELL;longitude;LONG_WGS84;Geographics longitude;Longitud geográfica;;;;float;;6;;;-180 to 180;;;;;;;-102.269.997;xxx.xxx.xxx.xxx;wdna_operator_vendor;cm_audit_mastercells;managed_object1,managed_object2,managed_object3;;
WIRELESS;MEX;NOKIA;RAN_5G;AUDIT;LOCATION;NCELL;lattitude;LAT_WGS84;Geographics latitude;Latitud geográfica;;;;float;;6;;;-90 to 90;;;;;;;21,872722;xxx.xxx.xxx.xxx;wdna_operator_vendor;cm_audit_mastercells;managed_object1,managed_object2,managed_object3;;
WIRELESS;MEX;NOKIA;RAN_5G;AUDIT;CONFIGURATION;NCELL;TAC;TAC;Tracking Area Code;Tracking Area Code;;;;integer;;0;;;;;;;;;;6312;xxx.xxx.xxx.xxx;wdna_operator_vendor;cm_audit_mastercells;managed_object1,managed_object2,managed_object3;;
WIRELESS;MEX;NOKIA;RAN_5G;AUDIT;ID;NRNODE;enb_agg;MANAGED_OBJECT1;Enodeb aggregato;Enodeb aggregato;;;;string;;;;;;;;;;;;AGUAGU0002;xxx.xxx.xxx.xxx;wdna_operator_vendor;cm_audit_mastersites;managed_object1,managed_object2;;
WIRELESS;MEX;NOKIA;RAN_5G;AUDIT;ID;NRNODE;enb_id;MANAGED_OBJECT2;enodeb name;Nombre del eNodeB;;;;string;;;;;;;;;;;;AGUAGU0002;xxx.xxx.xxx.xxx;wdna_operator_vendor;cm_audit_mastersites;managed_object1,managed_object2;;
WIRELESS;MEX;NOKIA;RAN_5G;AUDIT;LOCATION;NRNODE;node_location;RBS_NAME;;Nombre del emplazamiento AT&T (American Telephone and Telegraph);;;;string;;;;;;;;;;;;AGUASCALIENTES;xxx.xxx.xxx.xxx;wdna_operator_vendor;cm_audit_mastersites;managed_object1,managed_object2;;
WIRELESS;MEX;NOKIA;RAN_5G;AUDIT;LOCATION;NRNODE;CLUSTER;CLUSTER;;Agrupación de elementos en estudio;;;;string;;;;;;;;;;;;AGUASCALIENTES;xxx.xxx.xxx.xxx;wdna_operator_vendor;cm_audit_mastersites;managed_object1,managed_object2;;
WIRELESS;MEX;NOKIA;RAN_5G;AUDIT;LOCATION;NRNODE;REGION;REGION;;Agrupación de provincias custom del operador. ;;;;string;;;;;;;;;;;;PACIFIC;xxx.xxx.xxx.xxx;wdna_operator_vendor;cm_audit_mastersites;managed_object1,managed_object2;;
WIRELESS;MEX;NOKIA;RAN_5G;AUDIT;LOCATION;NRNODE;PROVINCE;PROVINCE;;Provincia;;;;string;;;;;;;;;;;;AGUASCALIENTES;xxx.xxx.xxx.xxx;wdna_operator_vendor;cm_audit_mastersites;managed_object1,managed_object2;;
WIRELESS;MEX;NOKIA;RAN_5G;AUDIT;LOCATION;NRNODE;MUNICIPALITY;MUNICIPALITY;;Municipio;;;;string;;;;;;;;;;;;AGUASCALIENTES;xxx.xxx.xxx.xxx;wdna_operator_vendor;cm_audit_mastersites;managed_object1,managed_object2;;
WIRELESS;MEX;NOKIA;RAN_5G;AUDIT;LOCATION;NRNODE;CITY;CITY;City;Ciudad;;;;string;;;;;;;;;;;;AGUASCALIENTES;xxx.xxx.xxx.xxx;wdna_operator_vendor;cm_audit_mastersites;managed_object1,managed_object2;;
WIRELESS;MEX;NOKIA;RAN_5G;AUDIT;CONFIGURATION;NRNODE;IP;IP;;Internet Protocol;;;;string;;;;;;;;;;;;10.251.198.155;xxx.xxx.xxx.xxx;wdna_operator_vendor;cm_audit_mastersites;managed_object1,managed_object2;;
WIRELESS;MEX;NOKIA;RAN_5G;AUDIT;LOCATION;NRNODE;longitude;LONG_WGS84;Geographics longitude;Longitud geográfica;;;;float;;6;;;-180 to 180;;;;;;;-102.269.997;xxx.xxx.xxx.xxx;wdna_operator_vendor;cm_audit_mastersites;managed_object1,managed_object2;;
WIRELESS;MEX;NOKIA;RAN_5G;AUDIT;LOCATION;NRNODE;lattitude;LAT_WGS84;Geographics latitude;Latitud geográfica;;;;float;;6;;;-90 to 90;;;;;;;21,872722;xxx.xxx.xxx.xxx;wdna_operator_vendor;cm_audit_mastersites;managed_object1,managed_object2;;
WIRELESS;MEX;NOKIA;RAN_5G;AUDIT;CONFIGURATION;NRNODE;TAC;TAC;Tracking Area Code;Tracking Area Code;;;;integer;;0;;;;;;;;;;6312;xxx.xxx.xxx.xxx;wdna_operator_vendor;cm_audit_mastersites;managed_object1,managed_object2;;
WIRELESS;MEX;ERICSSON;RAN_5G;AUDIT;ID;NRNODE;enb_agg;MANAGED_OBJECT1;Enodeb aggregato;Enodeb aggregato;;;;string;;;;;;;;;;;;AGUAGU0002;xxx.xxx.xxx.xxx;wdna_operator_vendor;cm_audit_mastersites;managed_object1,managed_object2;;
WIRELESS;MEX;ERICSSON;RAN_5G;AUDIT;ID;NRNODE;enb_id;MANAGED_OBJECT2;enodeb name;Nombre del eNodeB;;;;string;;;;;;;;;;;;AGUAGU0002;xxx.xxx.xxx.xxx;wdna_operator_vendor;cm_audit_mastersites;managed_object1,managed_object2;;
WIRELESS;MEX;ERICSSON;RAN_5G;AUDIT;LOCATION;NRNODE;node_location;RBS_NAME;;Nombre del emplazamiento AT&T (American Telephone and Telegraph);;;;string;;;;;;;;;;;;AGUASCALIENTES;xxx.xxx.xxx.xxx;wdna_operator_vendor;cm_audit_mastersites;managed_object1,managed_object2;;
WIRELESS;MEX;ERICSSON;RAN_5G;AUDIT;LOCATION;NRNODE;CLUSTER;CLUSTER;;Agrupación de elementos en estudio;;;;string;;;;;;;;;;;;AGUASCALIENTES;xxx.xxx.xxx.xxx;wdna_operator_vendor;cm_audit_mastersites;managed_object1,managed_object2;;
WIRELESS;MEX;ERICSSON;RAN_5G;AUDIT;LOCATION;NRNODE;REGION;REGION;;Agrupación de provincias custom del operador. ;;;;string;;;;;;;;;;;;PACIFIC;xxx.xxx.xxx.xxx;wdna_operator_vendor;cm_audit_mastersites;managed_object1,managed_object2;;
WIRELESS;MEX;ERICSSON;RAN_5G;AUDIT;LOCATION;NRNODE;PROVINCE;PROVINCE;;Provincia;;;;string;;;;;;;;;;;;AGUASCALIENTES;xxx.xxx.xxx.xxx;wdna_operator_vendor;cm_audit_mastersites;managed_object1,managed_object2;;
WIRELESS;MEX;ERICSSON;RAN_5G;AUDIT;LOCATION;NRNODE;MUNICIPALITY;MUNICIPALITY;;Municipio;;;;string;;;;;;;;;;;;AGUASCALIENTES;xxx.xxx.xxx.xxx;wdna_operator_vendor;cm_audit_mastersites;managed_object1,managed_object2;;
WIRELESS;MEX;ERICSSON;RAN_5G;AUDIT;LOCATION;NRNODE;CITY;CITY;City;Ciudad;;;;string;;;;;;;;;;;;AGUASCALIENTES;xxx.xxx.xxx.xxx;wdna_operator_vendor;cm_audit_mastersites;managed_object1,managed_object2;;
WIRELESS;MEX;ERICSSON;RAN_5G;AUDIT;CONFIGURATION;NRNODE;IP;IP;;Internet Protocol;;;;string;;;;;;;;;;;;10.251.198.155;xxx.xxx.xxx.xxx;wdna_operator_vendor;cm_audit_mastersites;managed_object1,managed_object2;;
WIRELESS;MEX;ERICSSON;RAN_5G;AUDIT;LOCATION;NRNODE;longitude;LONG_WGS84;Geographics longitude;Longitud geográfica;;;;float;;6;;;-180 to 180;;;;;;;-102.269.997;xxx.xxx.xxx.xxx;wdna_operator_vendor;cm_audit_mastersites;managed_object1,managed_object2;;
WIRELESS;MEX;NOKIA;RAN_5G;AUDIT;LOCATION;NRNODE;LATTITUDE;LAT_WGS84;Geographics latitude;Latitud geográfica;;;;float;;6;;;-90 to 90;;;;;;;21,872722;xxx.xxx.xxx.xxx;wdna_operator_vendor;cm_audit_mastersites;managed_object1,managed_object2;;
WIRELESS;MEX;NOKIA;RAN_5G;AUDIT;CONFIGURATION;NRNODE;TAC;TAC;Tracking Area Code;Tracking Area Code;;;;integer;;0;;;;;;;;;;6312;xxx.xxx.xxx.xxx;wdna_operator_vendor;cm_audit_mastersites;managed_object1,managed_object2;;
WIRELESS;MEX;NOKIA;RAN_3G;PM;MOBILITY;UCELL;IFHO_SR;;;Tasa de éxito de traspaso (HandOver) para los servicios de Voz y Datos en 3G;;;;percentage;;2;%;;0 to 100;;;;;;ROUND(IFNULL(100*SUM(IFNULL(PM_INTRA_SYSTEM_HANDOVER.SUCC_INTRA_INTRA_HHO_ATT_RT,0)+IFNULL(PM_INTRA_SYSTEM_HANDOVER.SUCC_INTRA_INTER_HHO_ATT_RT,0)+IFNULL(PM_INTRA_SYSTEM_HANDOVER.SUCC_INTER_HHO_ATT_RT,0)+IFNULL(PM_INTRA_SYSTEM_HANDOVER.SUCC_INTRA_INTRA_HHO_ATT_NRT,0)+IFNULL(PM_INTRA_SYSTEM_HANDOVER.SUCC_INTRA_INTER_HHO_ATT_NRT,0)+IFNULL(PM_INTRA_SYSTEM_HANDOVER.SUCC_INTER_HHO_ATT_NRT,0))/SUM(IFNULL(PM_INTRA_SYSTEM_HANDOVER.INTRA_INTRA_HHO_ATT_RT,0)+IFNULL(PM_INTRA_SYSTEM_HANDOVER.INTRA_INTER_HHO_ATT_RT,0)+IFNULL(PM_INTRA_SYSTEM_HANDOVER.INTER_HHO_ATT_RT,0)+IFNULL(PM_INTRA_SYSTEM_HANDOVER.INTRA_INTRA_HHO_ATT_NRT,0)+IFNULL(PM_INTRA_SYSTEM_HANDOVER.INTRA_INTER_HHO_ATT_NRT,0)+IFNULL(PM_INTRA_SYSTEM_HANDOVER.INTER_HHO_ATT_NRT,0)),0),2);;;;PM_INTRA_SYSTEM_HANDOVER;;;
WIRELESS;MEX;NOKIA;RAN_3G;PM;MOBILITY;UCELL;IFHO_SR_PS-HS;;;Tasa de éxito de traspaso (HandOver) para los servicios de Datos en 3G;;;;percentage;;2;%;;0 to 100;;;;;;ROUND(IFNULL(100*SUM(IFNULL(PM_INTRA_SYSTEM_HANDOVER.SUCC_INTRA_INTRA_HHO_ATT_NRT,0)+IFNULL(PM_INTRA_SYSTEM_HANDOVER.SUCC_INTRA_INTER_HHO_ATT_NRT,0)+IFNULL(PM_INTRA_SYSTEM_HANDOVER.SUCC_INTER_HHO_ATT_NRT,0))/SUM(IFNULL(PM_INTRA_SYSTEM_HANDOVER.INTRA_INTRA_HHO_ATT_NRT,0)+IFNULL(PM_INTRA_SYSTEM_HANDOVER.INTRA_INTER_HHO_ATT_NRT,0)+IFNULL(PM_INTRA_SYSTEM_HANDOVER.INTER_HHO_ATT_NRT,0)),0),2);;;;PM_INTRA_SYSTEM_HANDOVER;;;
WIRELESS;MEX;NOKIA;RAN_3G;PM;MOBILITY;UCELL;IFHO_SR_SPEECH;;;Tasa de éxito de traspaso (HandOver) para los servicios de Voz en 3G;;;;percentage;;2;%;;0 to 100;;;;;;ROUND(IFNULL(100*SUM(IFNULL(PM_INTRA_SYSTEM_HANDOVER.SUCC_INTRA_INTRA_HHO_ATT_RT,0)+IFNULL(PM_INTRA_SYSTEM_HANDOVER.SUCC_INTRA_INTER_HHO_ATT_RT,0)+IFNULL(PM_INTRA_SYSTEM_HANDOVER.SUCC_INTER_HHO_ATT_RT,0))/SUM(IFNULL(PM_INTRA_SYSTEM_HANDOVER.INTRA_INTRA_HHO_ATT_RT,0)+IFNULL(PM_INTRA_SYSTEM_HANDOVER.INTRA_INTER_HHO_ATT_RT,0)+IFNULL(PM_INTRA_SYSTEM_HANDOVER.INTER_HHO_ATT_RT,0)),0),2);;;;PM_INTRA_SYSTEM_HANDOVER;;;
WIRELESS;MEX;NOKIA;RAN_3G;CM;CONFIGURATION;UCELL;PTXCELLMAX;;;Total Cell Transmission Power Target;;;;;;;;;;;;;;;;;;;cm_wcel;;;
WIRELESS;MEX;NOKIA;RAN_3G;CM;CONFIGURATION;UCELL;PRXTARGET;;;Downlink Power Control Limits;;;;;;;;;;;;;;;;;;;cm_wcel;;;
WIRELESS;MEX;NOKIA;RAN_3G;CM;CONFIGURATION;UCELL;CODETREEUSAGE;;;DL Code Usage;;;;;;;;;;;;;;;;;;;cm_wcel;;;
WIRELESS;MEX;NOKIA;RAN_3G;CM;CONFIGURATION;UCELL;MAXINCRINTERFERENCEUL;;;Received Total Interference Target;;;;;;;;;;;;;;;;;;;cm_wcel;;;
WIRELESS;MEX;NOKIA;RAN_3G;CM;CONFIGURATION;UCELL;HSPDSCHCODESET;;;Número de códigos PDSCH configurados para el servicio de HSDPA;;;;;;;;;;;;;;;;;;;cm_wcel;;;
WIRELESS;MEX;NOKIA;RAN_3G;CM;CONFIGURATION;UCELL;MAXNUMBERHSDPAUSERS;;;Número máximo de usuarios HSDPA configurados en la celda;;;;;;;;;;;;;;;;;;;cm_wcel;;;
WIRELESS;MEX;NOKIA;RAN_3G;CM;MOBILITY;UCELL;HHOECNOTHRESHOLD;;;Parámetro que inicia la toma de mediciones para cambiar una tecnología distinta (como GSM) cuando el nivel de señal cae por debajo de cierto umbral de Ec/No.;;;;;;;;;;;;;;;;;;;cm_fmcs;;;
WIRELESS;MEX;NOKIA;RAN_3G;CM;MOBILITY;UCELL;HHORSCPTHRESHOLD;;;Parámetro que inicia la toma de mediciones para cambiar una tecnología distinta (como GSM) cuando el nivel de señal cae por debajo de cierto umbral de RSRP, lo que activa el Event 2d.;;;;;;;;;;;;;;;;;;;cm_fmcs;;;
WIRELESS;MEX;HUAWEI;RAN_3G;CM;MOBILITY;UCELL;LAC;LAC;;Location Area Code. Es un número de 16 bits que identifica una zona geográfica dentro de una red de telefonía móvil, agrupar varias celdas de transmisión de radio, y es fundamental para que el dispositivo móvil solicite actualizaciones de ubicación y para la llegada de llamadas entrantes y SMS. ;;;;integer;;0;;;1 to 65534;;;;;;;30755;;;cm_ucell;;;
WIRELESS;MEX;ERICSSON;RAN_3G;CM;MOBILITY;UCELL;LAC;LAC;;Location Area Code. Es un número de 16 bits que identifica una zona geográfica dentro de una red de telefonía móvil, agrupar varias celdas de transmisión de radio, y es fundamental para que el dispositivo móvil solicite actualizaciones de ubicación y para la llegada de llamadas entrantes y SMS. ;;;;integer;;0;;;1 to 65534;;;;;;;30755;;;cm_utrancell;;;
WIRELESS;MEX;NOKIA;RAN_3G;CM;MOBILITY;UCELL;LAC;LAC;;Location Area Code. Es un número de 16 bits que identifica una zona geográfica dentro de una red de telefonía móvil, agrupar varias celdas de transmisión de radio, y es fundamental para que el dispositivo móvil solicite actualizaciones de ubicación y para la llegada de llamadas entrantes y SMS. ;;;;integer;;0;;;1 to 65534;;;;;;;30755;;;cm_wcel;;;
WIRELESS;MEX;HUAWEI;RAN_3G;CM;MOBILITY;UCELL;RAC;RAC;;Routing Area Code. Identifica el área de routing para sesiones de datos (PS). Fundamental para movilidad de datos. 0 y 255 son valores reservados (255 broadcast/desconocido);;;;integer;;0;;;1 to 254;;;;;;;174;;;cm_ucell;;;
WIRELESS;MEX;ERICSSON;RAN_3G;CM;MOBILITY;UCELL;RAC;RAC;;Routing Area Code. Identifica el área de routing para sesiones de datos (PS). Fundamental para movilidad de datos. 0 y 255 son valores reservados (255 broadcast/desconocido);;;;integer;;0;;;1 to 254;;;;;;;174;;;cm_utrancell;;;
WIRELESS;MEX;NOKIA;RAN_3G;CM;MOBILITY;UCELL;RAC;RAC;;Routing Area Code. Identifica el área de routing para sesiones de datos (PS). Fundamental para movilidad de datos. 0 y 255 son valores reservados (255 broadcast/desconocido);;;;integer;;0;;;1 to 254;;;;;;;174;;;cm_wcel;;;
WIRELESS;MEX;HUAWEI;RAN_3G;CM;MOBILITY;UCELL;PSCRAMBCODE;PSCRAMBCODE;;Código de scrambling primario (PSC). Identifica la celda físicamente en el aire. Debe ser único en el área de cobertura. Crítico para decodificación de señal CPICH y mediciones UE. El PSC se transmite en el Primary Common Pilot Channel (P-CPICH) y permite al móvil sincronizarse con la celda;;;;integer;;0;;;0 to 511;;;;;;;37;;;cm_ucell;;;
WIRELESS;MEX;ERICSSON;RAN_3G;CM;MOBILITY;UCELL;PRIMARYSCRAMBLINGCODE;PRIMARYSCRAMBLINGCODE;;Código de scrambling primario (PSC). Identifica la celda físicamente en el aire. Debe ser único en el área de cobertura. Crítico para decodificación de señal CPICH y mediciones UE. El PSC se transmite en el Primary Common Pilot Channel (P-CPICH) y permite al móvil sincronizarse con la celda;;;;integer;;0;;;0 to 511;;;;;;;37;;;cm_utrancell;;;
WIRELESS;MEX;NOKIA;RAN_3G;CM;MOBILITY;UCELL;PRISCRCODE;PRISCRCODE;;Código de scrambling primario (PSC). Identifica la celda físicamente en el aire. Debe ser único en el área de cobertura. Crítico para decodificación de señal CPICH y mediciones UE. El PSC se transmite en el Primary Common Pilot Channel (P-CPICH) y permite al móvil sincronizarse con la celda;;;;integer;;0;;;0 to 511;;;;;;;37;;;cm_wcel;;;
WIRELESS;MEX;HUAWEI;RAN_3G;CM;CONFIGURATION;UCELL;UARFCNDOWNLINK;UARFCNDOWNLINK;;UARFCN (UTRA Absolute Radio Frequency Channel Number) identifica la frecuencia de operación de un portador WCDMA. Es el número absoluto asignado a una portadora, tanto en Downlink (DL) como en Uplink (UL). Downlink (DL): La frecuencia sobre la que la estación base (NodeB) transmite y el teléfono móvil (UE) recibe. Es la portadora principal que el UE busca y mide para conectarse a la red.;;;;integer;;0;;;;;;;;;;687;;;cm_ucell;;;
WIRELESS;MEX;ERICSSON;RAN_3G;CM;CONFIGURATION;UCELL;UARFCNDL;UARFCNDL;;UARFCN (UTRA Absolute Radio Frequency Channel Number) identifica la frecuencia de operación de un portador WCDMA. Es el número absoluto asignado a una portadora, tanto en Downlink (DL) como en Uplink (UL). Downlink (DL): La frecuencia sobre la que la estación base (NodeB) transmite y el teléfono móvil (UE) recibe. Es la portadora principal que el UE busca y mide para conectarse a la red.;;;;integer;;0;;;;;;;;;;687;;;cm_utrancell;;;
WIRELESS;MEX;NOKIA;RAN_3G;CM;CONFIGURATION;UCELL;UARFCN;UARFCN;;UARFCN (UTRA Absolute Radio Frequency Channel Number) identifica la frecuencia de operación de un portador WCDMA. Es el número absoluto asignado a una portadora, tanto en Downlink (DL) como en Uplink (UL). Downlink (DL): La frecuencia sobre la que la estación base (NodeB) transmite y el teléfono móvil (UE) recibe. Es la portadora principal que el UE busca y mide para conectarse a la red.;;;;integer;;0;;;;;;;;;;687;;;cm_wcel;;;
WIRELESS;MEX;HUAWEI;RAN_3G;CM;CONFIGURATION;UCELL;UARFCNUPLINK;UARFCNUPLINK;;UARFCN (UTRA Absolute Radio Frequency Channel Number) identifica la frecuencia de operación de un portador WCDMA. Es el número absoluto asignado a una portadora, tanto en Downlink (DL) como en Uplink (UL). Uplink (UL): La frecuencia sobre la que el teléfono móvil (UE) transmite y la estación base (NodeB) recibe.;;;;integer;;0;;;;;;;;;;287;;;cm_ucell;;;
WIRELESS;MEX;ERICSSON;RAN_3G;CM;CONFIGURATION;UCELL;UARFCNUL;UARFCNUL;;UARFCN (UTRA Absolute Radio Frequency Channel Number) identifica la frecuencia de operación de un portador WCDMA. Es el número absoluto asignado a una portadora, tanto en Downlink (DL) como en Uplink (UL). Uplink (UL): La frecuencia sobre la que el teléfono móvil (UE) transmite y la estación base (NodeB) recibe.;;;;integer;;0;;;;;;;;;;287;;;cm_utrancell;;;
WIRELESS;MEX;HUAWEI;RAN_3G;CM;MOBILITY;UCELL;QQUALMIN;QQUALMIN;;Mínimo CPICH Ec/No para la celda vecina en la reselección de celda. La celda vecina solo puede participar en la clasificación de celdas para la reselección cuando su CPICH Ec/No supera este umbral. ;;;;integer;;0;dB;;;;;;;;;-18;;;cm_ucellselresel;;;
WIRELESS;MEX;ERICSSON;RAN_3G;CM;MOBILITY;UCELL;QQUALMIN;QQUALMIN;;Nivel mínimo de calidad para selección de celda;;;;integer;;0;dB;;;;;;;;;-18;;;cm_utrancell;;;
WIRELESS;MEX;NOKIA;RAN_3G;CM;MOBILITY;UCELL;QQUALMIN;QQUALMIN;;Nivel mínimo de calidad para selección de celda;;;;integer;;0;dB;;;;;;;;;-18;;;cm_wcel;;;
WIRELESS;MEX;HUAWEI;RAN_3G;CM;COVERAGE;UCELL;QRXLEVMIN;QRXLEVMIN;;Nivel mínimo de señal recibida requerido (UE) para acceder a la celda. Controla el acceso y la planificación de cobertura.;;;;integer;;0;dB;;;;;;;;;-115;;;cm_ucellselresel;;;
WIRELESS;MEX;ERICSSON;RAN_3G;CM;COVERAGE;UCELL;QRXLEVMIN;QRXLEVMIN;;Nivel mínimo de señal recibida requerido (UE) para acceder a la celda. Controla el acceso y la planificación de cobertura.;;;;integer;;0;dB;;;;;;;;;-115;;;cm_utrancell;;;
WIRELESS;MEX;NOKIA;RAN_3G;CM;COVERAGE;UCELL;QRXLEVMIN;QRXLEVMIN;;Nivel mínimo de señal recibida requerido (UE) para acceder a la celda. Controla el acceso y la planificación de cobertura.;;;;integer;;0;dB;;;;;;;;;-115;;;cm_wcel;;;
WIRELESS;MEX;HUAWEI;RAN_3G;CM;COVERAGE;UCELL;PCPICHPOWER;PCPICHPOWER;;Potencia del Canal Piloto (CPICH). Determina la cobertura real de la celda y es clave para las mediciones de handover.;;;;integer;;0;dBm;;;;;;;;;330;;;cm_upcpich;;;
WIRELESS;MEX;ERICSSON;RAN_3G;CM;COVERAGE;UCELL;PRIMARYCPICHPOWER;PRIMARYCPICHPOWER;;Potencia del Canal Piloto (CPICH). Determina la cobertura real de la celda y es clave para las mediciones de handover.;;;;integer;;0;dBm;;;;;;;;;330;;;cm_utrancell;;;
WIRELESS;MEX;NOKIA;RAN_3G;CM;COVERAGE;UCELL;PTXPRIMARYCPICH;PTXPRIMARYCPICH;;Potencia del Canal Piloto (CPICH). Determina la cobertura real de la celda y es clave para las mediciones de handover.;;;;integer;;0;dBm;;;;;;;;;330;;;cm_wcel;;;
WIRELESS;MEX;HUAWEI;RAN_3G;CM;MOBILITY;UCELL;CONNSINTRASEARCH;CONNSINTRASEARCH;;Umbral de Ec/No de la celda servidora en modo Connected por debajo del cual el UE empieza a medir celdas vecinas de la misma frecuencia.;;;;integer;;0;dB;;;;;;;;;8;;;cm_ucellselresel;;;
WIRELESS;MEX;HUAWEI;RAN_3G;CM;MOBILITY;UCELL;IDLESINTRASEARCH;IDLESINTRASEARCH;;Umbral de Ec/No de la celda servidora en modo Idle por debajo del cual el UE empieza a medir celdas vecinas de la misma frecuencia.;;;;integer;;0;dB;;;;;;;;;8;;;cm_ucellselresel;;;
WIRELESS;MEX;ERICSSON;RAN_3G;CM;MOBILITY;UCELL;SINTRASEARCH;SINTRASEARCH;;Indica el umbral para iniciar la reselección de celda intrafrecuencia para UE en modo inactivo. Cuando un UE detecta que la calidad de la señal (es decir, la Ec/No de CPICH medida por el UE) en la celda de servicio es inferior a la suma de este umbral y el nivel de calidad mínimo requerido (es decir, el valor del parámetro Qqualmin), el UE inicia la reselección de celda intrafrecuencia. Si este parámetro se configura con un valor alto, el UE inicia reselecciones de celda con frecuencia, lo que aumenta el consumo de batería. Si se configura con un valor bajo, se dificulta iniciar reselecciones de celda y, por lo tanto, el UE podría no establecerse en una celda mejor a tiempo, lo que afecta la comunicación entre el AP y el UE.;;;;integer;;0;dB;;;;;;;;;8;;;cm_utrancell;;;
WIRELESS;MEX;NOKIA;RAN_3G;CM;MOBILITY;UCELL;SINTRASEARCH;SINTRASEARCH;;Indica el umbral para iniciar la reselección de celda intrafrecuencia para UE en modo inactivo. Cuando un UE detecta que la calidad de la señal (es decir, la Ec/No de CPICH medida por el UE) en la celda de servicio es inferior a la suma de este umbral y el nivel de calidad mínimo requerido (es decir, el valor del parámetro Qqualmin), el UE inicia la reselección de celda intrafrecuencia. Si este parámetro se configura con un valor alto, el UE inicia reselecciones de celda con frecuencia, lo que aumenta el consumo de batería. Si se configura con un valor bajo, se dificulta iniciar reselecciones de celda y, por lo tanto, el UE podría no establecerse en una celda mejor a tiempo, lo que afecta la comunicación entre el AP y el UE.;;;;integer;;0;dB;;;;;;;;;8;;;cm_wcel;;;
WIRELESS;MEX;ERICSSON;RAN_3G;CM;MOBILITY;UCELL;SINTERSEARCH;SINTERSEARCH;;Indica el umbral para iniciar la reselección de celdas interfrecuencia en modo inactivo. Cuando un UE detecta que el CPICH Ec/No medido en la celda de servicio es inferior a la suma de este umbral y el nivel de calidad mínimo requerido (es decir, el valor del parámetro Qqualmin), el UE inicia la reselección de celdas interfrecuencia. Si este parámetro se configura con un valor alto, el UE inicia reselecciones de celda con frecuencia, lo que aumenta el consumo de batería. Si se configura con un valor bajo, se dificulta iniciar reselecciones de celda y, por lo tanto, el UE podría no establecerse en una celda mejor a tiempo, lo que afecta la comunicación entre el AP y el UE.;;;;integer;;0;dB;;;;;;;;;6;;;cm_utrancell;;;
WIRELESS;MEX;NOKIA;RAN_3G;CM;MOBILITY;UCELL;SINTERSEARCH;SINTERSEARCH;;Indica el umbral para iniciar la reselección de celdas interfrecuencia en modo inactivo. Cuando un UE detecta que el CPICH Ec/No medido en la celda de servicio es inferior a la suma de este umbral y el nivel de calidad mínimo requerido (es decir, el valor del parámetro Qqualmin), el UE inicia la reselección de celdas interfrecuencia. Si este parámetro se configura con un valor alto, el UE inicia reselecciones de celda con frecuencia, lo que aumenta el consumo de batería. Si se configura con un valor bajo, se dificulta iniciar reselecciones de celda y, por lo tanto, el UE podría no establecerse en una celda mejor a tiempo, lo que afecta la comunicación entre el AP y el UE.;;;;integer;;0;dB;;;;;;;;;6;;;cm_wcel;;;
WIRELESS;MEX;HUAWEI;RAN_3G;CM;TRAFFIC;UCELL;ACTSTATUS;ACTSTATUS;Estado celda;Define si la celda está transmitiendo señal de radio (deactivated (Parada)=0 / activated (Activa)=1). Afecta a todos los usuarios.;;;;boolean;;;;;0 or 1;;;;;;;1;;;cm_ucell;;;
WIRELESS;MEX;ERICSSON;RAN_3G;CM;TRAFFIC;UCELL;ADMINCELLSTATE;ADMINISTRATIVESTATE;Estado celda;"Define si la celda está transmitiendo señal de radio (1 = Unlocked / 0 = Shutting Down). Afecta a todos los usuarios. Nota: El valor 1 lleva la celda a un estado operativo ""disabled"".";;;;boolean;;;;;0 or 1;;;;;;;1;;;cm_utrancell;;;
WIRELESS;MEX;NOKIA;RAN_3G;CM;TRAFFIC;UCELL;ADMINCELLSTATE;ADMINCELLSTATE;Estado celda;Define si la celda está transmitiendo señal de radio (activa=1/parada=0). Afecta a todos los usuarios.;;;;boolean;;;;;0 or 1;;;;;;;1;;;cm_wcel;;;
WIRELESS;MEX;ERICSSON;RAN_4G;CM;MOBILITY;LCELL;TAC;TAC;Tracking Area Code;Tracking Area Code - Para movilidad y paging. Similar al LAC en 3G;;;;integer;;0;;;;;;;;;;24003;;;cm_eutrancellfdd;;;
WIRELESS;MEX;NOKIA;RAN_4G;CM;MOBILITY;LCELL;TAC;TAC;Tracking Area Code;Tracking Area Code - Para movilidad y paging. Similar al LAC en 3G;;;;integer;;0;;;;;;;;;;24003;;;cm_lncel;;;
WIRELESS;MEX;HUAWEI;RAN_4G;CM;MOBILITY;LCELL;TAC;TAC;Tracking Area Code;Tracking Area Code - Para movilidad y paging. Similar al LAC en 3G;;;;integer;;0;;;;;;;;;;24003;;;cm_cnoperatorta;;;
WIRELESS;MEX;ERICSSON;RAN_4G;CM;MOBILITY;LCELL;PHYCELLID;PHYSICALLAYERCELLID;Physical CellID;"Physical Cell ID (PCI) usado en sincronización y HO; evita colisión/confusión y guía HO/selección.";;;;integer;;0;;;;;;;;;;304;;;cm_eutrancellfdd;;;
WIRELESS;MEX;NOKIA;RAN_4G;CM;MOBILITY;LCELL;PHYCELLID;PHYCELLID;Physical CellID;"Physical Cell ID (PCI) usado en sincronización y HO; evita colisión/confusión y guía HO/selección.";;;;integer;;0;;;;;;;;;;304;;;cm_lncel;;;
WIRELESS;MEX;HUAWEI;RAN_4G;CM;MOBILITY;LCELL;PHYCELLID;PHYCELLID;Physical CellID;"Physical Cell ID (PCI) usado en sincronización y HO; evita colisión/confusión y guía HO/selección.";;;;integer;;0;;;;;;;;;;304;;;cm_cell;managed_object1,managed_object2,managed_object3;;
WIRELESS;MEX;SAMSUNG;RAN_4G;CM;MOBILITY;LCELL;PHYCELLID;PHYSICAL_CELL_ID;Physical CellID;"Physical Cell ID (PCI) usado en sincronización y HO; evita colisión/confusión y guía HO/selección.";;;;integer;;0;;;;;;;;;;304;;;cm_eutran_cell_conf_idle;;;
WIRELESS;MEX;ERICSSON;RAN_4G;CM;CONFIGURATION;LCELL;EARFCNDL;EARFCNDL;Downlink EARFCN ;"Canal DL (DownLink) configurado mediante EARFCN; define banda/frecuencia y es base de planificación y compatibilidad UE.";;;;integer;;0;;;;;;;;;;3150;;;cm_eutrancellfdd;;;
WIRELESS;MEX;NOKIA;RAN_4G;CM;CONFIGURATION;LCELL;EARFCNDL;EARFCNDL;Downlink EARFCN ;"Canal DL (DownLink) configurado mediante EARFCN; define banda/frecuencia y es base de planificación y compatibilidad UE.";;;;integer;;0;;;;;;;;;;3150;;;cm_lncel;;;
WIRELESS;MEX;HUAWEI;RAN_4G;CM;CONFIGURATION;LCELL;DLEARFCN;DLEARFCN;Downlink EARFCN ;"Canal DL (DownLink) configurado mediante EARFCN; define banda/frecuencia y es base de planificación y compatibilidad UE.";;;;integer;;0;;;;;;;;;;3150;;;cm_cell;managed_object1,managed_object2,managed_object3;;
WIRELESS;MEX;SAMSUNG;RAN_4G;CM;CONFIGURATION;LCELL;EARFCN_DL;EARFCN_DL;Downlink EARFCN ;"Canal DL (DownLink) configurado mediante EARFCN; define banda/frecuencia y es base de planificación y compatibilidad UE.";;;;integer;;0;;;;;;;;;;3150;;;cm_eutran_cell_conf_idle;;;
WIRELESS;MEX;ERICSSON;RAN_4G;CM;CONFIGURATION;LCELL;EARFCNUL;EARFCNUL;UpLink EARFCN ;Canal UL (EARFCN) pareado con DL.;;;;integer;;0;;;;;;;;;;21150;;;cm_eutrancellfdd;;;
WIRELESS;MEX;NOKIA;RAN_4G;CM;CONFIGURATION;LCELL;EARFCNUL;EARFCNUL;UpLink EARFCN ;Canal UL (EARFCN) pareado con DL.;;;;integer;;0;;;;;;;;;;21150;;;cm_lncel;;;
WIRELESS;MEX;HUAWEI;RAN_4G;CM;CONFIGURATION;LCELL;EARFCNUL;ULEARFCN;UpLink EARFCN ;Canal UL (EARFCN) pareado con DL.;;;;integer;;0;;;;;;;;;;21150;;;cm_cell;managed_object1,managed_object2,managed_object3;;
WIRELESS;MEX;SAMSUNG;RAN_4G;CM;CONFIGURATION;LCELL;EARFCNUL;EARFCN_UL;UpLink EARFCN ;Canal UL (EARFCN) pareado con DL.;;;;integer;;0;;;;;;;;;;21150;;;cm_eutran_cell_conf_idle;;;
WIRELESS;MEX;ERICSSON;RAN_4G;CM;COVERAGE;LCELL;QRXLEVMIN;QRXLEVMIN;Minimo nivel de potencia;Umbral mínimo de RSRP para selección/camping. Control de acceso y reselección.;;;;integer;;0;dB;;;;;;;;;-140;;;cm_eutrancellfdd;;;
WIRELESS;MEX;NOKIA;RAN_4G;CM;COVERAGE;LCELL;QRXLEVMIN;QRXLEVMIN;Minimo nivel de potencia;Umbral mínimo de RSRP para selección/camping. Control de acceso y reselección.;;;;integer;;0;dB;;;;;;;;;-140;;;cm_sib;;;
WIRELESS;MEX;HUAWEI;RAN_4G;CM;COVERAGE;LCELL;QRXLEVMIN;QRXLEVMIN;Minimo nivel de potencia para selección;Umbral mínimo de RSRP para selección de acceso;;;;integer;;0;dB;;;;;;;;;-64;;;cm_cellsel;managed_object1,managed_object2,managed_object3;;
WIRELESS;MEX;HUAWEI;RAN_4G;CM;COVERAGE;LCELL;QRXLEVMIN;QRXLEVMIN;Minimo nivel de potencia para reselección;Umbral mínimo de RSRP para reselección.;;;;integer;;0;dB;;;;;;;;;-62;;;cm_cellresel;managed_object1,managed_object2,managed_object3;;
WIRELESS;MEX;SAMSUNG;RAN_4G;CM;COVERAGE;LCELL;QRXLEVMIN;Q_RX_LEV_MIN;Minimo nivel de potencia;Umbral mínimo de RSRP para selección/camping. Control de acceso y reselección.;;;;integer;;0;dB;;;;;;;;;-140;;;cm_cell_select_info_logic;;;
WIRELESS;MEX;ERICSSON;RAN_4G;CM;MOBILITY;LCELL;QQUALMIN;QQUALMIN;Minimo nivel de Calidad;Umbral mínimo de calidad (RSRQ) para selección/camping.;;;;integer;;0;dB;;;;;;;no;;-18;;;cm_eutrancellfdd;;;
WIRELESS;MEX;HUAWEI;RAN_4G;CM;MOBILITY;LCELL;QQUALMIN;QQUALMIN;Minimo nivel de Calidad para selección;Umbral mínimo de calidad (RSRQ) para selección;;;;integer;;0;dB;;;;;;;no;;0;;;cm_cellsel;managed_object1,managed_object2,managed_object3;;
WIRELESS;MEX;HUAWEI;RAN_4G;CM;MOBILITY;LCELL;QQUALMIN;QQUALMIN;Minimo nivel de Calidad para reselección;Umbral mínimo de calidad (RSRQ) para reselección;;;;integer;;0;dB;;;;;;;no;;-18;;;cm_cellresel;managed_object1,managed_object2,managed_object3;;
WIRELESS;MEX;SAMSUNG;RAN_4G;CM;MOBILITY;LCELL;QQUALMIN;Q_QUAL_MIN;Minimo nivel de Calidad;Umbral mínimo de calidad (RSRQ) para selección/camping.;;;;integer;;0;dB;;;;;;;;;-18;;;cm_cell_select_info_logic;;;
WIRELESS;MEX;ERICSSON;RAN_4G;CM;MOBILITY;LCELL;SINTRASEARCH;SINTRASEARCHDELTAP;Intrafrequency Cell Reselection;"Dispara medidas intra-frecuencia en idle; controla balance cobertura/medición. Umbral de búsqueda intra-frecuencia. Si no funciona con SINTRASEARCH usar SINTRASEARCHDELTAP";;;;integer;;0;dB;;;;;;;;;60;;;cm_eutrancellfdd;;;
WIRELESS;MEX;NOKIA;RAN_4G;CM;MOBILITY;LCELL;SINTRASEARCH;SINTRASEARCH;Intrafrequency Cell Reselection;"Dispara medidas intra-frecuencia en idle; controla balance cobertura/medición. Umbral de búsqueda intra-frecuencia";;;;integer;;0;dB;;;;;;;;;60;;;cm_sib;;;
WIRELESS;MEX;HUAWEI;RAN_4G;CM;MOBILITY;LCELL;SINTRASEARCH;SINTRASEARCH;Intrafrequency Cell Reselection;"Dispara medidas intra-frecuencia en idle; controla balance cobertura/medición. Umbral de búsqueda intra-frecuencia";;;;integer;;0;dB;;;;;;;;;60;;;cm_cellresel;managed_object1,managed_object2,managed_object3;;
WIRELESS;MEX;SAMSUNG;RAN_4G;CM;MOBILITY;LCELL;SINTRASEARCH;S_INTRA_SEARCH;Intrafrequency Cell Reselection;"Dispara medidas intra-frecuencia en idle; controla balance cobertura/medición. Umbral de búsqueda intra-frecuencia";;;;integer;;0;dB;;;;;;;;;60;;;cm_eutran_fa_prior_info_func;;;
WIRELESS;MEX;NOKIA;RAN_4G;CM;MOBILITY;LCELL;SINTERSEARCH;SNONINTRSEARCH;Interfrequency Cell Reselection;Umbral de búsqueda inter-frecuencia. Optimiza handover a otras bandas;;;;integer;;0;dB;;;;;;;;;6;;;cm_sib;;;
WIRELESS;MEX;HUAWEI;RAN_4G;CM;MOBILITY;LCELL;SINTERSEARCH;SNONINTRASEARCH;Interfrequency Cell Reselection;Umbral de búsqueda inter-frecuencia. Optimiza handover a otras bandas;;;;integer;;0;dB;;;;;;;;;6;;;cm_cellresel;managed_object1,managed_object2,managed_object3;;
WIRELESS;MEX;SAMSUNG;RAN_4G;CM;MOBILITY;LCELL;SINTERSEARCH;S_NON_INTRA_SEARCH;Interfrequency Cell Reselection;Umbral de búsqueda inter-frecuencia. Optimiza handover a otras bandas;;;;integer;;0;dB;;;;;;;;;6;;;cm_eutran_fa_prior_info_func;;;
WIRELESS;MEX;ERICSSON;RAN_4G;CM;TRAFFIC;LCELL;CELLBARRED;CELLBARRED;CELL_BARRED;Acceso permitido o no a la celda. Si CELL_BARRED esta activo la celda está encendida pero no deja entrar usuarios.;;;;boolean;;;;;0 or 1;;;;;;;1;;;cm_eutrancellfdd;;;
WIRELESS;MEX;NOKIA;RAN_4G;CM;TRAFFIC;LCELL;CELLBARRED;CELLBARRED;CELL_BARRED;Acceso permitido o no a la celda. Si CELL_BARRED esta activo la celda está encendida pero no deja entrar usuarios.;;;;boolean;;;;;0 or 1;;;;;;;1;;;cm_sib;;;
WIRELESS;MEX;HUAWEI;RAN_4G;CM;TRAFFIC;LCELL;CELLBARRED;CELLBARRED;CELL_BARRED;Acceso permitido o no a la celda. Si CELL_BARRED esta activo la celda está encendida pero no deja entrar usuarios.;;;;boolean;;;;;0 or 1;;;;;;;1;;;cm_cellaccess;managed_object1,managed_object2,managed_object3;;
WIRELESS;MEX;SAMSUNG;RAN_4G;CM;TRAFFIC;LCELL;CELL_BARRED;CELL_BARRED;CELL_BARRED;Acceso permitido o no a la celda. Si CELL_BARRED esta activo la celda está encendida pero no deja entrar usuarios.;;;;boolean;;;;;0 or 1;;;;;;;1;;;cm_cell_access_info_logic;;;
WIRELESS;MEX;ERICSSON;RAN_4G;AUDIT;TRAFFIC;LCELL;ACTSTATUS;ACTSTATUS;Estado celda;Estado administrativo de la celda: 1=ON AIR, 0=OFF AIR;;;;boolean;;;;;0 or 1;;;;;;;1;xxx.xxx.xxx.xxx;wdna_operator_vendor;cm_audit_mastercells;managed_object1,managed_object2,managed_object3;;
WIRELESS;MEX;NOKIA;RAN_4G;AUDIT;TRAFFIC;LCELL;ACTSTATUS;ACTSTATUS;Estado celda;Estado administrativo de la celda: 1=ON AIR, 0=OFF AIR;;;;boolean;;;;;0 or 1;;;;;;;1;xxx.xxx.xxx.xxx;wdna_operator_vendor;cm_audit_mastercells;managed_object1,managed_object2,managed_object3;;
WIRELESS;MEX;HUAWEI;RAN_4G;AUDIT;TRAFFIC;LCELL;ACTSTATUS;ACTSTATUS;Estado celda;Estado administrativo de la celda: 1=ON AIR, 0=OFF AIR;;;;boolean;;;;;0 or 1;;;;;;;1;xxx.xxx.xxx.xxx;wdna_operator_vendor;cm_audit_mastercells;managed_object1,managed_object2,managed_object3;;
WIRELESS;MEX;SAMSUNG;RAN_4G;AUDIT;TRAFFIC;LCELL;ACTSTATUS;ACTSTATUS;Estado celda;Estado administrativo de la celda: 1=ON AIR, 0=OFF AIR;;;;boolean;;;;;0 or 1;;;;;;;1;xxx.xxx.xxx.xxx;wdna_operator_vendor;cm_audit_mastercells;managed_object1,managed_object2,managed_object3;;
WIRELESS;MEX;HUAWEI;TX;CM;CONFIGURATION;LNK;SOURCE_PROTECT_TYPE;SOURCE_PROTECT_TYPE;;Configuración del enlace de MW para la punta SOURCE;;;;string;;;;;;;;daily;;;;;;;CM_MICROWAVE_LINK;date,lnk_id,lnk_name;;
WIRELESS;MEX;HUAWEI;TX;CM;CONFIGURATION;LNK;SINK_PROTECT_TYPE;SINK_PROTECT_TYPE;;Configuración del enlace de MW para la punta SINK;;;;string;;;;;;;;daily;;;;;;;CM_MICROWAVE_LINK;date,lnk_id,lnk_name;;
WIRELESS;MEX;HUAWEI;TX;CM;CONFIGURATION;LNK;SOURCE_NE_RADIO_WORK_MODE;SOURCE_NE_RADIO_WORK_MODE;;Modulación configurada para la punta SOURCE del enlace de MW, tercer valor separado por comas;;;;string;;;;;;;;daily;;;;;;;CM_MICROWAVE_LINK;date,lnk_id,lnk_name;;
WIRELESS;MEX;HUAWEI;TX;CM;CONFIGURATION;LNK;SINK_NE_RADIO_WORK_MODE;SINK_NE_RADIO_WORK_MODE;;Modulación configurada para la punta SINK del enlace de MW, tercer valor separado por comas;;;;string;;;;;;;;daily;;;;;;;CM_MICROWAVE_LINK;date,lnk_id,lnk_name;;
WIRELESS;MEX;HUAWEI;TX;CM;CONFIGURATION;LNK;SOURCE_NE_RADIO_WORK_MODE;SOURCE_NE_RADIO_WORK_MODE;;Ancho de banda configurado para la punta SOURCE del enlace de MW, segundo valor separado por comas;;;;string;;;MHz;;;;;daily;;;;;;;CM_MICROWAVE_LINK;date,lnk_id,lnk_name;;
WIRELESS;MEX;HUAWEI;TX;CM;CONFIGURATION;LNK;SINK_NE_RADIO_WORK_MODE;SINK_NE_RADIO_WORK_MODE;;Ancho de banda configurado para la punta SINK del enlace de MW, segundo valor separado por comas;;;;string;;;MHz;;;;;daily;;;;;;;CM_MICROWAVE_LINK;date,lnk_id,lnk_name;;
WIRELESS;MEX;HUAWEI;TX;CM;CONFIGURATION;LNK;SOURCE_NE_FREQUENCY;SOURCE_NE_FREQUENCY;;Frecuencia de operación configurado en el radio (ODU) para la punta SOURCE del enlace de MW;;;;float;;2;;;;;;daily;;;;;;;CM_MICROWAVE_LINK;date,lnk_id,lnk_name;;
WIRELESS;MEX;HUAWEI;TX;CM;CONFIGURATION;LNK;SINK_NE_FREQUENCY;SINK_NE_FREQUENCY;;Frecuencia de operación configurado en el radio (ODU) para la punta SINK del enlace de MW;;;;float;;2;;;;;;daily;;;;;;;CM_MICROWAVE_LINK;date,lnk_id,lnk_name;;
WIRELESS;MEX;NEC;TX;CM;CONFIGURATION;LNK;LOCAL;LOCAL;;Configuración del enlace de MW para la punta SOURCE;;;;string;;;;;;;;daily;;;;;;;CM_NELINKS;date,lnk_id,lnk_name;;
WIRELESS;MEX;NEC;TX;CM;CONFIGURATION;LNK;REMOTE;REMOTE;;Configuración del enlace de MW para la punta SINK;;;;string;;;;;;;;daily;;;;;;;CM_NELINKS;date,lnk_id,lnk_name;;
WIRELESS;MEX;NEC;TX;CM;CONFIGURATION;MW;Reference Modulation ;Reference Modulation ;;Modulación configurada para la punta SOURCE del enlace de MW, tercer valor separado por comas;;;;string;;;;;;;;daily;;;;;;;CM_IPASOLINK_EQUIPMENT_SETUP_RADIO;resourcename,deviceid,devicename;;
WIRELESS;MEX;NEC;TX;CM;CONFIGURATION;MW;CHANNEL_SPACING;CHANNEL_SPACING;;Ancho de banda configurado para la punta SOURCE del enlace de MW, segundo valor separado por comas;;;;integer;;;;;;;;daily;;;;;;;CM_IPASOLINK_EQUIPMENT_SETUP_RADIO;resourcename,deviceid,devicename;;
WIRELESS;MEX;NEC;TX;CM;CONFIGURATION;MW;TX RF Frequency;TX RF Frequency;;Frecuencia de operación configurado en el radio (ODU) para la punta SOURCE del enlace de MW;;;;string;;;;;;;;daily;;;;;;;CM_IPASOLINK_EQUIPMENT_SETUP_RADIO;resourcename,deviceid,devicename;;
WIRELESS;MEX;NEC;TX;CM;CONFIGURATION;MW;RX RF Frequency;RX RF Frequency;;Frecuencia de operación configurado en el radio (ODU) para la punta SINK del enlace de MW;;;;string;;;;;;;;daily;;;;;;;CM_IPASOLINK_EQUIPMENT_SETUP_RADIO;resourcename,deviceid,devicename;;
WIRELESS;MEX;CERAGON;TX;CM;CONFIGURATION;LNK;LINK_CONFIGURATION;LINK_CONFIGURATION;;Configuración del enlace de MW para la punta SOURCE;;;;string;;;;;;;;daily;;;;;;;pm_fulllinkreportip ;date,lnk_id,lnk_name;;
WIRELESS;MEX;CERAGON;TX;CM;CONFIGURATION;LNK;MRMC Script Profile;MRMC Script Profile;;Modulación configurada para la punta SOURCE del enlace de MW, tercer valor separado por comas;;;;string;;;;;;;;daily;;;;;;;pm_fulllinkreportip ;date,lnk_id,lnk_name;;
WIRELESS;MEX;CERAGON;TX;CM;CONFIGURATION;LNK;SITE_A_RADIO_SCRIPT;SITE_A_RADIO_SCRIPT;;Ancho de banda configurado para la punta SOURCE del enlace de MW, segundo valor separado por comas;;;;string;;;MHz;;;;;daily;;;;;;;pm_fulllinkreportip ;date,lnk_id,lnk_name;;
WIRELESS;MEX;CERAGON;TX;CM;CONFIGURATION;LNK;SITE_Z_RADIO_SCRIPT;SITE_Z_RADIO_SCRIPT;;Ancho de banda configurado para la punta SINK del enlace de MW, segundo valor separado por comas;;;;string;;;MHz;;;;;daily;;;;;;;pm_fulllinkreportip ;date,lnk_id,lnk_name;;
WIRELESS;MEX;CERAGON;TX;CM;CONFIGURATION;LNK;SITE_A_TX_FREQ;SITE_A_TX_FREQ;;Frecuencia de operación configurado en el radio (ODU) para la punta SOURCE del enlace de MW;;;;float;;2;;;;;;daily;;;;;;;pm_fulllinkreportip ;date,lnk_id,lnk_name;;
WIRELESS;MEX;CERAGON;TX;CM;CONFIGURATION;LNK;SITE_Z_TX_FREQ;SITE_Z_TX_FREQ;;Frecuencia de operación configurado en el radio (ODU) para la punta SINK del enlace de MW;;;;float;;2;;;;;;daily;;;;;;;pm_fulllinkreportip ;date,lnk_id,lnk_name;;
WIRELESS;MEX;ERICSSON;RAN_5G;CM;MOBILITY;NCELL;NRPCI;NRPCI;;"NRPCI (NR Physical Cell Identity) usado en sincronización y HO; evita colisión/confusión y guía HO/selección.";;;;integer;;0;;;;;;;;;;304;;;cm_nrcelldu;;;
WIRELESS;MEX;NOKIA;RAN_5G;CM;MOBILITY;NCELL;PHYSCELLID;PHYSCELLID;;"Physical Cell ID usado en sincronización y HO; evita colisión/confusión y guía HO/selección.";;;;integer;;0;;;;;;;;;;304;;;cm_nrcell;;;
WIRELESS;MEX;ERICSSON;RAN_5G;CM;CONFIGURATION;NCELL;NCI;NCI;;Identificador único de la celda 5G NR en la RAN. Clave para toda gestión y correlación.;;;;integer;;0;;;;;;;;;;2507358220;;;cm_nrcellcu;;;
WIRELESS;MEX;NOKIA;RAN_5G;CM;CONFIGURATION;NCELL;NRCELLIDENTITY;NRCELLIDENTITY;;Identificador único de la celda 5G NR en la RAN. Clave para toda gestión y correlación.;;;;integer;;0;;;;;;;;;;4966629388;;;cm_nrcell;;;
WIRELESS;MEX;ERICSSON;RAN_5G;CM;COVERAGE;NCELL;PMAX;PMAX;;Potencia máxima que puede transmitir el UE (User Equipment) en el enlace ascendente (UE no puede excederlo, aunque pueda físicamente).;;;;integer;;dBm;;;;;;;;;;23;;;cm_nrcelldu;;;
WIRELESS;MEX;NOKIA;RAN_5G;CM;COVERAGE;NCELL;PMAX;PMAX;;límite de potencia real aplicado/ejecutado enla celda. El concepto difiere entre NOKIA y ERICSSON;;;;integer;;dBm;;;;;;;;;;430;;;cm_nrcell;;;
WIRELESS;MEX;ERICSSON;RAN_5G;CM;COVERAGE;NCELL;CONFIGUREDMAXTXPOWER;CONFIGUREDMAXTXPOWER;;Límite de potencia configurado por O&M. Potencia máxima radiada total por la antena. Define el alcance máximo de cobertura de la celda.;;;;integer;;;;;;;;;;;;120000;;;cm_nrsectorcarrier;;;
WIRELESS;MEX;ERICSSON;RAN_5G;CM;COVERAGE;NCELL;MAXTXPOWER;MAXTXPOWER;;límite de potencia real aplicado/ejecutado en red. Puede ser menor o igual que configuredMaxTxPower ;;;;integer;;;;;;;;;;;;120000;;;cm_nrsectorcarrier;;;
WIRELESS;MEX;ERICSSON;RAN_5G;CM;CONFIGURATION;NCELL;ARFCNDL;ARFCNDL;;"Canal DL (DownLink) configurado mediante ARFCN; define banda/frecuencia y es base de planificación y compatibilidad UE.";;;;integer;;0;;;;;;;;;;532000;;;cm_nrsectorcarrier;;;
WIRELESS;MEX;NOKIA;RAN_5G;CM;CONFIGURATION;NCELL;NRARFCNDL;NRARFCNDL;;"Canal DL (DownLink) configurado mediante EARFCN; define banda/frecuencia y es base de planificación y compatibilidad UE.";;;;integer;;0;;;;;;;;;;532000;;;cm_nrcell_fdd;;;
WIRELESS;MEX;ERICSSON;RAN_5G;CM;CONFIGURATION;NCELL;ARFCNUL;ARFCNUL;;Canal UL (ARFCNUL) pareado con DL.;;;;integer;;0;;;;;;;;;;508000;;;cm_nrsectorcarrier;;;
WIRELESS;MEX;NOKIA;RAN_5G;CM;CONFIGURATION;NCELL;NRARFCNUL;NRARFCNUL;;Canal UL (ARFCN) pareado con DL.;;;;integer;;0;;;;;;;;;;508000;;;cm_nrcell_fdd;;;
WIRELESS;MEX;ERICSSON;RAN_5G;CM;COVERAGE;NCELL;QRXLEVMIN;QRXLEVMIN;;Umbral mínimo de RSRP para selección/camping. Control de acceso y reselección.;;;;integer;;0;dB;;;;;;;;;-128;;;cm_nrcelldu;;;
WIRELESS;MEX;NOKIA;RAN_5G;CM;COVERAGE;NCELL;QRXLEVMIN;QRXLEVMIN;;Umbral mínimo de RSRP para selección/camping. Control de acceso y reselección.;;;;integer;;0;dB;;;;;;;;;-65;;;cm_nrcell;;;
WIRELESS;MEX;ERICSSON;RAN_5G;CM;MOBILITY;NCELL;QQUALMIN;QQUALMIN;;Umbral mínimo de calidad (RSRQ) para selección/camping.;;;;integer;;0;dB;;;;;;;;;-34;;;cm_nrcelldu;;;
WIRELESS;MEX;NOKIA;RAN_5G;CM;MOBILITY;NCELL;MINRDLSIGNALQUALITY;MINRDLSIGNALQUALITY;;Umbral mínimo de calidad (RSRQ) para selección/camping.;;;;integer;;0;dB;;;;;;;;;-15;;;cm_nrcell_fdd;;;
WIRELESS;MEX;ERICSSON;RAN_5G;CM;TRAFFIC;NCELL;CELLBARRED;CELLBARRED;;Acceso permitido o no a la celda.;;;;boolean;;;;;0 or 1;;;;;;;1;;;cm_nrcelldu;;;
WIRELESS;MEX;NOKIA;RAN_5G;CM;TRAFFIC;NCELL;CELLBARRED;CELLBARRED;;Acceso permitido o no a la celda.;;;;boolean;;;;;0 or 1;;;;;;;1;;;cm_nrcell;;;
WIRELESS;MEX;ERICSSON;RAN_5G;CM;TRAFFIC;NCELL;ADMINCELLSTATE;ADMINISTRATIVESTATE;Estado celda;Estado administrativo de la celda: 1=ON AIR, 0=OFF AIR;;;;boolean;;;;;0 or 1;;;;;;;1;;;cm_nrsectorcarrier;;;
WIRELESS;MEX;NOKIA;RAN_5G;AUDIT;TRAFFIC;NCELL;ACTSTATUS;ACTSTATUS;Estado celda;Estado administrativo de la celda: 1=ON AIR, 0=OFF AIR;;;;boolean;;;;;0 or 1;;;;;;;1;xxx.xxx.xxx.xxx;wdna_operator_vendor;cm_audit_mastercells;managed_object1,managed_object2,managed_object3;;
WIRELESS;MEX;NOKIA;RAN_5G;CM;QoS;NCELL;CHBWDL;CHBWDL;;Ancho de banda del canal en DownLink;;;;integer;;0;MHZ;;;;;;;;;20;;;cm_nrcell_fdd;;;
WIRELESS;MEX;NOKIA;RAN_5G;CM;QoS;NCELL;CHBWUL;CHBWUL;;Ancho de banda del canal en UpLink;;;;integer;;0;MHZ;;;;;;;;;20;;;cm_nrcell_fdd;;;
WIRELESS;MEX;ERICSSON;RAN_5G;CM;QoS;NCELL;BSCHANNELBWDL;BSCHANNELBWDL;;Ancho de banda del canal en DownLink;;;;integer;;0;MHZ;;;;;;;;;20;;;cm_nrsectorcarrier;;;
WIRELESS;MEX;ERICSSON;RAN_5G;CM;QoS;NCELL;BSCHANNELBWUL;BSCHANNELBWUL;;Ancho de banda del canal en UpLink;;;;integer;;0;MHZ;;;;;;;;;20;;;cm_nrsectorcarrier;;;
WIRELESS;MEX;HUAWEI;RAN_4G;CM;ID;LCELL;enb_agg;MANAGED_OBJECT1;Enodeb aggregato;Enodeb aggregato;;;;string;;;;;;;;;;;;AGUAGU0002;xxx.xxx.xxx.xxx;wdna_operator_vendor;cm_cell;managed_object1,managed_object2,managed_object3;;
WIRELESS;MEX;HUAWEI;RAN_4G;CM;ID;LCELL;enb_id;MANAGED_OBJECT2;enodeb name;Nombre del eNodeB;;;;string;;;;;;;;;;;;AGUAGU0002;xxx.xxx.xxx.xxx;wdna_operator_vendor;cm_cell;managed_object1,managed_object2,managed_object3;;
WIRELESS;MEX;HUAWEI;RAN_4G;CM;ID;LCELL;cell_id;MANAGED_OBJECT3;cell name;Nombre identificativo de la celda, etiqueta.;;;;string;;;;;;;;;;;;MLAGUAGU0002_1_A;xxx.xxx.xxx.xxx;wdna_operator_vendor;cm_cell;managed_object1,managed_object2,managed_object3;;
WIRELESS;MEX;HUAWEI;RAN_4G;CM;DATE;LCELL;date;DATE;DATE;Fecha, estructura básica AÑO-MES-DIA;;;;date;;;;;;;;;;;;;xxx.xxx.xxx.xxx;wdna_operator_vendor;cm_cell;managed_object1,managed_object2,managed_object3;;
WIRELESS;MEX;ERICSSON;RAN_4G;AUDIT;DATE;LCELL;date;DATE;DATE;Fecha, estructura básica AÑO-MES-DIA;;;;date;;;;;;;;;;;;;xxx.xxx.xxx.xxx;wdna_operator_vendor;cm_audit_mastercells;managed_object1,managed_object2,managed_object3;;
WIRELESS;MEX;ERICSSON;RAN_4G;PM;DATE;LCELL;date;DATE;DATE;Fecha, estructura básica AÑO-MES-DIA tambien puede añadir más precisión incluyendo hora y minutos;;;;date;;;;;;;;;;;;;xxx.xxx.xxx.xxx;wdna_operator_vendor;PM_EUTRANCELLFDD;subnetwork,mecontext,eutrancellfdd;;
WIRELESS;MEX;NOKIA;RAN_4G;AUDIT;DATE;LCELL;date;DATE;DATE;Fecha, estructura básica AÑO-MES-DIA;;;;date;;;;;;;;;;;;;xxx.xxx.xxx.xxx;wdna_operator_vendor;cm_audit_mastercells;managed_object1,managed_object2,managed_object3;;
WIRELESS;MEX;NOKIA;RAN_4G;PM;DATE;LCELL;date;DATE;DATE;Fecha, estructura básica AÑO-MES-DIA tambien puede añadir más precisión incluyendo hora y minutos;;;;date;;;;;;;;;;;;;xxx.xxx.xxx.xxx;wdna_operator_vendor;PM_LTE_CELL_AVAIL;subnetwork,mrbts,lnbts,lncell,mcc,mnc,ne_name,cell_name;;
WIRELESS;MEX;SAMSUNG;RAN_4G;AUDIT;DATE;LCELL;date;DATE;DATE;Fecha, estructura básica AÑO-MES-DIA;;;;date;;;;;;;;;;;;;xxx.xxx.xxx.xxx;wdna_operator_vendor;cm_audit_mastercells;managed_object1,managed_object2,managed_object3;;
WIRELESS;MEX;SAMSUNG;RAN_4G;PM;DATE;LCELL;date;DATE;DATE;Fecha, estructura básica AÑO-MES-DIA tambien puede añadir más precisión incluyendo hora y minutos;;;;date;;;;;;;;;;;;;xxx.xxx.xxx.xxx;wdna_operator_vendor;PM_CELL_UNAVAILABLE_TIME;ne_name,cell_name;;
WIRELESS;MEX;NOKIA;RAN_3G;AUDIT;DATE;UCELL;date;DATE;;Fecha;;;;date;;;;;;;;;;;;;xxx.xxx.xxx.xxx;wdna_operator_vendor;cm_audit_mastercells;managed_object1,managed_object2,managed_object3;;
WIRELESS;MEX;NOKIA;RAN_3G;PM;DATE;UCELL;date;DATE;;Fecha;;;;;;;;;;;;;;;;;xxx.xxx.xxx.xxx;wdna_operator_vendor;PM_CELL_RESOURCE;subnetwork,rnc,wbts,wcel,wbts,mcc,mnc;;
WIRELESS;MEX;NOKIA;RAN_5G;AUDIT;DATE;NCELL;date;DATE;;Fecha;;;;date;;;;;;;;;;;;;xxx.xxx.xxx.xxx;wdna_operator_vendor;cm_audit_mastercells;managed_object1,managed_object2,managed_object3;;
WIRELESS;MEX;NOKIA;RAN_5G;PM;DATE;NCELL;date;DATE;;Fecha;;;;;;;;;;;;;;;;;xxx.xxx.xxx.xxx;wdna_operator_vendor;PM_NULSQ;MRBTS,NRBTS,NRCELL;;
WIRELESS;MEX;NOKIA;RAN_5G;AUDIT;DATE;NRNODE;date;DATE;;Fecha;;;;date;;;;;;;;;;;;;xxx.xxx.xxx.xxx;wdna_operator_vendor;cm_audit_mastercells;managed_object1,managed_object2,managed_object3;;
WIRELESS;MEX;NOKIA;RAN_5G;PM;DATE;NRNODE;date;DATE;;Fecha;;;;;;;;;;;;;;;;;xxx.xxx.xxx.xxx;wdna_operator_vendor;PM_LTE_EPS_BEARER;MRBTS,LNBTS,LNCEL,MCC,MNC;;
WIRELESS;MEX;HUAWEI;RAN_3G;AUDIT;DATE;UCELL;date;DATE;;Fecha;;;;date;;;;;;;;;;;;;xxx.xxx.xxx.xxx;wdna_operator_vendor;cm_audit_mastercells;managed_object1,managed_object2,managed_object3;;
WIRELESS;MEX;HUAWEI;RAN_3G;PM;DATE;UCELL;date;DATE;;Fecha;;;;;;;;;;;;;;;;;xxx.xxx.xxx.xxx;wdna_operator_vendor;PM_ALGO_CELL;subnetwork,rbs,label;;
WIRELESS;MEX;ERICSSON;RAN_5G;AUDIT;DATE;NCELL;date;DATE;;Fecha;;;;date;;;;;;;;;;;;;xxx.xxx.xxx.xxx;wdna_operator_vendor;cm_audit_mastercells;managed_object1,managed_object2,managed_object3;;
WIRELESS;MEX;ERICSSON;RAN_5G;PM;DATE;NCELL;date;DATE;;Fecha;;;;;;;;;;;;;;;;;xxx.xxx.xxx.xxx;wdna_operator_vendor;PM_NRCELLDU;ManagedElement,GNBDUFunction,NRCellDU;;
WIRELESS;MEX;ERICSSON;RAN_5G;AUDIT;DATE;NRNODE;date;DATE;;Fecha;;;;date;;;;;;;;;;;;;xxx.xxx.xxx.xxx;wdna_operator_vendor;cm_audit_mastercells;managed_object1,managed_object2,managed_object3;;
WIRELESS;MEX;ERICSSON;RAN_5G;PM;DATE;NRNODE;date;DATE;;Fecha;;;;;;;;;;;;;;;;;xxx.xxx.xxx.xxx;wdna_operator_vendor;PM_NRCELLDU_T;ManagedElement,GNBDUFunction;;
WIRELESS;MEX;ERICSSON;RAN_5G;PM;QoS;NCELL;NSA_ACC_ERAB_ATT_5GENDC_5GLEG;NSA_ACC_ERAB_ATT_5GENDC_5GLEG;;Número total de intentos de establecimiento/modificación de SgNB (NR leg). Indica la demanda de recursos NR en EN-DC.;;;;integer;;0;;;;;;;;no;SUM(IF(ISNULL(PM_NRCELLCU.PMENDCSETUPSCGUEATT)=1,PM_NRCELLCU.PMENDCSETUPUEATT,PM_NRCELLCU.PMENDCSETUPSCGUEATT));;;;PM_NRCELLCU;;;
WIRELESS;MEX;ERICSSON;RAN_5G;PM;QoS;NRNODE;NSA_ACC_ERAB_SUCC_5GENDC_5GLEG;NSA_ACC_ERAB_SUCC_5GENDC_5GLEG;;NSA_ACC_ERAB_SUCC_5GENDC_5GLEG_N=NSA_ACC_ERAB_SUCC_5GENDC_5GLEG. Número de E-RAB exitosos en la portadora NR (SCG) durante EN-DC. Refleja la capacidad de la red para añadir y mantener la portadora NR en NSA.;;;;integer;;0;;;;;;;;no;SUM(IF(PM_NRCELLCU_T.PMENDCSETUPSCGUEATT>0,PM_NRCELLCU_T.PMENDCSETUPSCGUESUCC,PM_NRCELLCU_T.PMENDCSETUPUESUCC));;xxx.xxx.xxx.xxx;wdna_operator_vendor;PM_NRCELLCU_T;ManagedElement,GNBCUCPFunction;;
WIRELESS;MEX;ERICSSON;RAN_5G;PM;QoS;NCELL;NSA_RET_ERAB_DROP_5GENDC_4G5GLEG_NUM;NSA_RET_ERAB_DROP_5GENDC_4G5GLEG_NUM;;;;;;integer;;0;;;;;;;;no;SUM(IFNULL(PM_NRCELLCU.PMENDCRELUEABNORMALMENB,0)+IFNULL(PM_NRCELLCU.PMENDCRELUEABNORMALSGNB,0));;;;PM_NRCELLCU;;;
WIRELESS;MEX;ERICSSON;RAN_5G;PM;QoS;NRNODE;NSA_RET_ERAB_DROP_5GENDC_4G5GLEG_N;NSA_RET_ERAB_DROP_5GENDC_4G5GLEG_N;;;;;;integer;;0;;;;;;;;no;ROUND(IFNULL(100*(1-SUM(IFNULL(PM_NRCELLCU_T.PMENDCRELUEABNORMALMENB,0)+IFNULL(PM_NRCELLCU_T.PMENDCRELUEABNORMALSGNB,0))/SUM(IFNULL(PM_NRCELLCU_T.PMENDCRELUENORMAL,0)+IFNULL(PM_NRCELLCU_T.PMENDCRELUEABNORMALMENB,0)+IFNULL(PM_NRCELLCU_T.PMENDCRELUEABNORMALSGNB,0))),0),2);;;;PM_NRCELLCU_T;;;
WIRELESS;MEX;NOKIA;RAN_5G;PM;QoS;NCELL;NSA_RET_ERAB_DROP_5GENDC_4G5GLEG_NUM;NSA_RET_ERAB_DROP_5GENDC_4G5GLEG_NUM;;;;;;integer;;0;;;;;;;;yes;NSA_RET_ERAB_DROP_5GENDC_4G5GLEG_DEN-SUM(IFNULL(PM_NX2CC.SGNB_RELEASE_REQ_UE_INACT,0)+IFNULL(PM_NX2CC.X2_SGNB_REL_REQUIRED_SENT_A2,0));;;;PM_NX2CC,PM_NNSAUE;;;
WIRELESS;MEX;NOKIA;RAN_5G;PM;QoS;NCELL;NSA_RET_ERAB_DROP_5GENDC_4G5GLEG_DEN;NSA_RET_ERAB_DROP_5GENDC_4G5GLEG_DEN;;;;;;integer;;0;;;;;;;;no;SUM(IFNULL(PM_NX2CC.X2_SGNB_REL_REQUIRED_SENT,0)-IFNULL(PM_NNSAUE.RLF_INITIATED_UE_RACH_FAIL,0)-IFNULL(PM_NNSAUE.RLF_INITIATED_UE_SCG_CHGE_FAIL,0));;;;PM_NX2CC,PM_NNSAUE;;;
WIRELESS;MEX;ERICSSON;RAN_5G;PM;QoS;NCELL;NSA_THPCELL_MAC_DL_AVG_KBPS_5GENDC_5GLEG;NSA_THPCELL_MAC_DL_AVG_KBPS_5GENDC_5GLEG;;;;;;float;;2;KBPS;;;;;;;no;ROUND(IFNULL((SUM(IFNULL(PM_NRCELLDU.PMMACVOLDL,0))*0.008)/(SUM(IFNULL(PM_NRCELLDU.PMPDSCHSCHEDACTIVITY,0))/8000),0),2);;;;PM_NRCELLDU;;;
WIRELESS;MEX;ERICSSON;RAN_5G;PM;QoS;NCELL;NSA_THPCELL_MAC_UL_AVG_KBPS_5GENDC_5GLEG;NSA_THPCELL_MAC_UL_AVG_KBPS_5GENDC_5GLEG;;;;;;float;;2;KBPS;;;;;;;no;ROUND(IFNULL((SUM(IFNULL(PM_NRCELLDU.PMMACVOLUL,0))*0.008)/(SUM(IFNULL(PM_NRCELLDU.PMPUSCHSCHEDACTIVITY,0))/8000),0),2);;;;PM_NRCELLDU;;;
WIRELESS;MEX;ERICSSON;RAN_5G;PM;TRAFFIC;NCELL;NSA_TRAFFIC_MAC_GB_5GENDC_5GLEG;NSA_TRAFFIC_MAC_GB_5GENDC_5GLEG;;;;;;float;;2;GB;;;;;;;no;ROUND(SUM(IFNULL(PM_NRCELLDU.PMMACVOLDL,0)+IFNULL(PM_NRCELLDU.PMMACVOLUL,0))/(1024*1024*1024),2);;;;PM_NRCELLDU;;;
WIRELESS;MEX;NOKIA;RAN_5G;PM;TRAFFIC;NCELL;NSA_TRAFFIC_MAC_GB_5GENDC_5GLEG;NSA_TRAFFIC_MAC_GB_5GENDC_5GLEG;;;;;;float;;2;GB;;;;;;;no;ROUND(SUM(IFNULL(PM_NMSDU.DL_MAC_SDU_VOL_DTCH,0)+IFNULL(PM_NMSDU.UL_MAC_SDU_VOL_DTCH,0))/(1024*1024*1024),2);;;;PM_NMSDU;;;
WIRELESS;MEX;ERICSSON;RAN_5G;PM;QoS;NCELL;NSA_RET_ERAB_DROP_5GENDC_4G5GLEG_DEN;NSA_RET_ERAB_DROP_5GENDC_4G5GLEG_DEN;;;;;;integer;;0;;;;;;;;no;SUM(IFNULL(PM_NRCELLCU.PMENDCRELUENORMAL,0)+IFNULL(PM_NRCELLCU.PMENDCRELUEABNORMALMENB,0)+IFNULL(PM_NRCELLCU.PMENDCRELUEABNORMALSGNB,0));;;;PM_NRCELLCU;;;
WIRELESS;MEX;ERICSSON;RAN_5G;PM;TRAFFIC;NRNODE;NSA_THPT_PDCP_DL_AVG_KBPS_4GENDC_NUM;NSA_THPT_PDCP_DL_AVG_KBPS_4GENDC_NUM_N;;NSA_THPT_PDCP_DL_AVG_KBPS_4GENDC_NUM = NSA_THPT_PDCP_DL_AVG_KBPS_4GENDC_NUM_N. KPI en redes 5G NSA (Non-Standalone) que mide el volumen de datos PDCP Downlink (DL) en la parte LTE del EN-DC (E-UTRAN New Radio Dual Connectivity). Suma del volumen PDCP DL en LTE para usuarios EN-DC, restando el volumen del último TTI para evitar doble conteo.;;;;integer;;0;KB;;;;;;;no;SUM(IFNULL(PM_PMFLEXEUTRANCELLFDD_T.PMFLEXPDCPVOLDLDRB_ENDC1TO99,0)-IFNULL(PM_PMFLEXEUTRANCELLFDD_T.PMFLEXPDCPVOLDLDRBLASTTTI_ENDC1TO99,0));;xxx.xxx.xxx.xxx;wdna_operator_vendor;PM_PMFLEXEUTRANCELLFDD_T;ManagedElement,ENodeBFunction;;
WIRELESS;MEX;ERICSSON;RAN_5G;PM;TRAFFIC;NRNODE;NSA_THPT_PDCP_DL_AVG_KBPS_4GENDC_DENOM;NSA_THPT_PDCP_DL_AVG_KBPS_4GENDC_DENOM_N;;NSA_THPT_PDCP_DL_AVG_KBPS_4GENDC_DENOM=NSA_THPT_PDCP_DL_AVG_KBPS_4GENDC_DENOM_N. Tiempo total de transmisión activa PDCP en downlink (DL), sobre la portadora LTE (MCG) durante operación EN-DC.;;;;integer;;0;seconds;;;;;;;no;SUM(IFNULL(PM_PMFLEXEUTRANCELLFDD_T.PMFLEXUETHPTIMEDL_ENDC1TO99,0));;xxx.xxx.xxx.xxx;wdna_operator_vendor;PM_PMFLEXEUTRANCELLFDD_T;ManagedElement,ENodeBFunction;;
WIRELESS;MEX;ERICSSON;RAN_5G;PM;QoS;NRNODE;NSA_THPT_MAC_DL_AVG_KBPS_5GENDC_5GLEG;NSA_THPT_MAC_DL_AVG_KBPS_5GENDC_5GLEG;;Throughput medio de downlink a nivel MAC en el leg 5G (NR) de una conexión NSA (EN-DC). Velocidad media efectiva de transmisión DL por usuario en 5G-NSA.;;;;float;;2;KBPS;;;;;;;yes;ROUND(IFNULL((NSA_THPT_MAC_DL_AVG_KBPS_5GENDC_5GLEG_NUM)/(NSA_THPT_MAC_DL_AVG_KBPS_5GENDC_5GLEG_DENOM),0),2);;;;PM_NRCELLDU_V_T;;;
WIRELESS;MEX;ERICSSON;RAN_5G;PM;QoS;NRNODE;NSA_THPT_MAC_DL_AVG_KBPS_5GENDC_5GLEG_NUM;NSA_THPT_MAC_DL_AVG_KBPS_5GENDC_5GLEG_NUM;;Total de datos transmitidos en MAC DL en la leg 5G (NR) de sesiones NSA EN-DC.;;;;integer;;0;KB;;;;;;;no;SUM(IFNULL(PM_NRCELLDU_V_T.PMMACVOLDLDRBQOS_1,0)+IFNULL(PM_NRCELLDU_V_T.PMMACVOLDLDRBQOS_2,0)+IFNULL(PM_NRCELLDU_V_T.PMMACVOLDLDRBQOS_3,0)+IFNULL(PM_NRCELLDU_V_T.PMMACVOLDLDRBQOS_4,0)+IFNULL(PM_NRCELLDU_V_T.PMMACVOLDLDRBQOS_5,0)+IFNULL(PM_NRCELLDU_V_T.PMMACVOLDLDRBQOS_6,0)+IFNULL(PM_NRCELLDU_V_T.PMMACVOLDLDRBQOS_7,0)+IFNULL(PM_NRCELLDU_V_T.PMMACVOLDLDRBQOS_8,0)+IFNULL(PM_NRCELLDU_V_T.PMMACVOLDLDRBQOS_9,0))*0.008;;;;PM_NRCELLDU_V_T;;;
WIRELESS;MEX;ERICSSON;RAN_5G;PM;QoS;NRNODE;NSA_THPT_MAC_DL_AVG_KBPS_5GENDC_5GLEG_DENOM;NSA_THPT_MAC_DL_AVG_KBPS_5GENDC_5GLEG_DENOM;;;;;;integer;;0;seconds;;;;;;;no;SUM(IFNULL(PM_NRCELLDU_V_T.PMMACTIMEDLDRBQOS_1,0)+IFNULL(PM_NRCELLDU_V_T.PMMACTIMEDLDRBQOS_2,0)+IFNULL(PM_NRCELLDU_V_T.PMMACTIMEDLDRBQOS_3,0)+IFNULL(PM_NRCELLDU_V_T.PMMACTIMEDLDRBQOS_4,0)+IFNULL(PM_NRCELLDU_V_T.PMMACTIMEDLDRBQOS_5,0)+IFNULL(PM_NRCELLDU_V_T.PMMACTIMEDLDRBQOS_6,0)+IFNULL(PM_NRCELLDU_V_T.PMMACTIMEDLDRBQOS_7,0)+IFNULL(PM_NRCELLDU_V_T.PMMACTIMEDLDRBQOS_8,0)+IFNULL(PM_NRCELLDU_V_T.PMMACTIMEDLDRBQOS_9,0))/8000;;;;PM_NRCELLDU_V_T;;;
WIRELESS;MEX;ERICSSON;RAN_5G;PM;QoS;NRNODE;NSA_DEL_MAC_DL_RAN_MS_5GENDC_5GLEG;NSA_DEL_MAC_DL_RAN_MS_5GENDC_5GLEG;;;;;;float;;2;;;;;;;;yes;ROUND(IFNULL(SUM(IFNULL(PM_NRCELLDU_V_T.PMMACLATTIMEDLNODRXSYNCQOS_1,0)+IFNULL(PM_NRCELLDU_V_T.PMMACLATTIMEDLNODRXSYNCQOS_2,0)+IFNULL(PM_NRCELLDU_V_T.PMMACLATTIMEDLNODRXSYNCQOS_3,0)+IFNULL(PM_NRCELLDU_V_T.PMMACLATTIMEDLNODRXSYNCQOS_4,0)+IFNULL(PM_NRCELLDU_V_T.PMMACLATTIMEDLNODRXSYNCQOS_5,0)+IFNULL(PM_NRCELLDU_V_T.PMMACLATTIMEDLNODRXSYNCQOS_6,0)+IFNULL(PM_NRCELLDU_V_T.PMMACLATTIMEDLNODRXSYNCQOS_7,0)+IFNULL(PM_NRCELLDU_V_T.PMMACLATTIMEDLNODRXSYNCQOS_8,0)+IFNULL(PM_NRCELLDU_V_T.PMMACLATTIMEDLNODRXSYNCQOS_9,0)+IFNULL(PM_NRCELLDU_V_T.PMMACTIMEDLDRBQOS_1,0)+IFNULL(PM_NRCELLDU_V_T.PMMACTIMEDLDRBQOS_2,0)+IFNULL(PM_NRCELLDU_V_T.PMMACTIMEDLDRBQOS_3,0)+IFNULL(PM_NRCELLDU_V_T.PMMACTIMEDLDRBQOS_4,0)+IFNULL(PM_NRCELLDU_V_T.PMMACTIMEDLDRBQOS_5,0)+IFNULL(PM_NRCELLDU_V_T.PMMACTIMEDLDRBQOS_6,0)+IFNULL(PM_NRCELLDU_V_T.PMMACTIMEDLDRBQOS_7,0)+IFNULL(PM_NRCELLDU_V_T.PMMACTIMEDLDRBQOS_8,0)+IFNULL(PM_NRCELLDU_V_T.PMMACTIMEDLDRBQOS_9,0)+IFNULL(PM_NRCELLDU_V_T.PMMACTIMEDLDRBLASTSLOTQOS_1,0)+IFNULL(PM_NRCELLDU_V_T.PMMACTIMEDLDRBLASTSLOTQOS_2,0)+IFNULL(PM_NRCELLDU_V_T.PMMACTIMEDLDRBLASTSLOTQOS_3,0)+IFNULL(PM_NRCELLDU_V_T.PMMACTIMEDLDRBLASTSLOTQOS_4,0)+IFNULL(PM_NRCELLDU_V_T.PMMACTIMEDLDRBLASTSLOTQOS_5,0)+IFNULL(PM_NRCELLDU_V_T.PMMACTIMEDLDRBLASTSLOTQOS_6,0)+IFNULL(PM_NRCELLDU_V_T.PMMACTIMEDLDRBLASTSLOTQOS_7,0)+IFNULL(PM_NRCELLDU_V_T.PMMACTIMEDLDRBLASTSLOTQOS_8,0)+IFNULL(PM_NRCELLDU_V_T.PMMACTIMEDLDRBLASTSLOTQOS_9,0))/(8*SUM(IFNULL(PM_NRCELLDU_V_T.PMMACLATTIMEDLNODRXSYNCSAMPQOS_1,0)+IFNULL(PM_NRCELLDU_V_T.PMMACLATTIMEDLNODRXSYNCSAMPQOS_2,0)+IFNULL(PM_NRCELLDU_V_T.PMMACLATTIMEDLNODRXSYNCSAMPQOS_3,0)+IFNULL(PM_NRCELLDU_V_T.PMMACLATTIMEDLNODRXSYNCSAMPQOS_4,0)+IFNULL(PM_NRCELLDU_V_T.PMMACLATTIMEDLNODRXSYNCSAMPQOS_5,0)+IFNULL(PM_NRCELLDU_V_T.PMMACLATTIMEDLNODRXSYNCSAMPQOS_6,0)+IFNULL(PM_NRCELLDU_V_T.PMMACLATTIMEDLNODRXSYNCSAMPQOS_7,0)+IFNULL(PM_NRCELLDU_V_T.PMMACLATTIMEDLNODRXSYNCSAMPQOS_8,0)+IFNULL(PM_NRCELLDU_V_T.PMMACLATTIMEDLNODRXSYNCSAMPQOS_9,0)+IFNULL(PM_NRCELLDU_V_T.PMMACTIMEDLDRBSAMPQOS_1,0)+IFNULL(PM_NRCELLDU_V_T.PMMACTIMEDLDRBSAMPQOS_2,0)+IFNULL(PM_NRCELLDU_V_T.PMMACTIMEDLDRBSAMPQOS_3,0)+IFNULL(PM_NRCELLDU_V_T.PMMACTIMEDLDRBSAMPQOS_4,0)+IFNULL(PM_NRCELLDU_V_T.PMMACTIMEDLDRBSAMPQOS_5,0)+IFNULL(PM_NRCELLDU_V_T.PMMACTIMEDLDRBSAMPQOS_6,0)+IFNULL(PM_NRCELLDU_V_T.PMMACTIMEDLDRBSAMPQOS_7,0)+IFNULL(PM_NRCELLDU_V_T.PMMACTIMEDLDRBSAMPQOS_8,0)+IFNULL(PM_NRCELLDU_V_T.PMMACTIMEDLDRBSAMPQOS_9,0)+IFNULL(PM_NRCELLDU_V_T.PMMACTIMEDLDRBLASTSLOTSAMPQOS_1,0)+IFNULL(PM_NRCELLDU_V_T.PMMACTIMEDLDRBLASTSLOTSAMPQOS_2,0)+IFNULL(PM_NRCELLDU_V_T.PMMACTIMEDLDRBLASTSLOTSAMPQOS_3,0)+IFNULL(PM_NRCELLDU_V_T.PMMACTIMEDLDRBLASTSLOTSAMPQOS_4,0)+IFNULL(PM_NRCELLDU_V_T.PMMACTIMEDLDRBLASTSLOTSAMPQOS_5,0)+IFNULL(PM_NRCELLDU_V_T.PMMACTIMEDLDRBLASTSLOTSAMPQOS_6,0)+IFNULL(PM_NRCELLDU_V_T.PMMACTIMEDLDRBLASTSLOTSAMPQOS_7,0)+IFNULL(PM_NRCELLDU_V_T.PMMACTIMEDLDRBLASTSLOTSAMPQOS_8,0)+IFNULL(PM_NRCELLDU_V_T.PMMACTIMEDLDRBLASTSLOTSAMPQOS_9,0))),0),2);;;;PM_NRCELLDU_V_T;;;
WIRELESS;MEX;ERICSSON;RAN_5G;PM;QoS;NRNODE;NSA_DEL_MAC_DL_RAN_MS_5GENDC_5GLEG_NUM;NSA_DEL_MAC_DL_RAN_MS_5GENDC_5GLEG_NUM;;;;;;integer;;0;;;;;;;;no;SUM(IFNULL(PM_NRCELLDU_V_T.PMMACLATTIMEDLNODRXSYNCQOS_1,0)+IFNULL(PM_NRCELLDU_V_T.PMMACLATTIMEDLNODRXSYNCQOS_2,0)+IFNULL(PM_NRCELLDU_V_T.PMMACLATTIMEDLNODRXSYNCQOS_3,0)+IFNULL(PM_NRCELLDU_V_T.PMMACLATTIMEDLNODRXSYNCQOS_4,0)+IFNULL(PM_NRCELLDU_V_T.PMMACLATTIMEDLNODRXSYNCQOS_5,0)+IFNULL(PM_NRCELLDU_V_T.PMMACLATTIMEDLNODRXSYNCQOS_6,0)+IFNULL(PM_NRCELLDU_V_T.PMMACLATTIMEDLNODRXSYNCQOS_7,0)+IFNULL(PM_NRCELLDU_V_T.PMMACLATTIMEDLNODRXSYNCQOS_8,0)+IFNULL(PM_NRCELLDU_V_T.PMMACLATTIMEDLNODRXSYNCQOS_9,0)+IFNULL(PM_NRCELLDU_V_T.PMMACTIMEDLDRBQOS_1,0)+IFNULL(PM_NRCELLDU_V_T.PMMACTIMEDLDRBQOS_2,0)+IFNULL(PM_NRCELLDU_V_T.PMMACTIMEDLDRBQOS_3,0)+IFNULL(PM_NRCELLDU_V_T.PMMACTIMEDLDRBQOS_4,0)+IFNULL(PM_NRCELLDU_V_T.PMMACTIMEDLDRBQOS_5,0)+IFNULL(PM_NRCELLDU_V_T.PMMACTIMEDLDRBQOS_6,0)+IFNULL(PM_NRCELLDU_V_T.PMMACTIMEDLDRBQOS_7,0)+IFNULL(PM_NRCELLDU_V_T.PMMACTIMEDLDRBQOS_8,0)+IFNULL(PM_NRCELLDU_V_T.PMMACTIMEDLDRBQOS_9,0)+IFNULL(PM_NRCELLDU_V_T.PMMACTIMEDLDRBLASTSLOTQOS_1,0)+IFNULL(PM_NRCELLDU_V_T.PMMACTIMEDLDRBLASTSLOTQOS_2,0)+IFNULL(PM_NRCELLDU_V_T.PMMACTIMEDLDRBLASTSLOTQOS_3,0)+IFNULL(PM_NRCELLDU_V_T.PMMACTIMEDLDRBLASTSLOTQOS_4,0)+IFNULL(PM_NRCELLDU_V_T.PMMACTIMEDLDRBLASTSLOTQOS_5,0)+IFNULL(PM_NRCELLDU_V_T.PMMACTIMEDLDRBLASTSLOTQOS_6,0)+IFNULL(PM_NRCELLDU_V_T.PMMACTIMEDLDRBLASTSLOTQOS_7,0)+IFNULL(PM_NRCELLDU_V_T.PMMACTIMEDLDRBLASTSLOTQOS_8,0)+IFNULL(PM_NRCELLDU_V_T.PMMACTIMEDLDRBLASTSLOTQOS_9,0));;;;PM_NRCELLDU_V_T;;;
WIRELESS;MEX;ERICSSON;RAN_5G;PM;QoS;NRNODE;NSA_DEL_MAC_DL_RAN_MS_5GENDC_5GLEG_DEN;NSA_DEL_MAC_DL_RAN_MS_5GENDC_5GLEG_DEN;;;;;;integer;;0;;;;;;;;no;8*SUM(IFNULL(PM_NRCELLDU_V_T.PMMACLATTIMEDLNODRXSYNCSAMPQOS_1,0)+IFNULL(PM_NRCELLDU_V_T.PMMACLATTIMEDLNODRXSYNCSAMPQOS_2,0)+IFNULL(PM_NRCELLDU_V_T.PMMACLATTIMEDLNODRXSYNCSAMPQOS_3,0)+IFNULL(PM_NRCELLDU_V_T.PMMACLATTIMEDLNODRXSYNCSAMPQOS_4,0)+IFNULL(PM_NRCELLDU_V_T.PMMACLATTIMEDLNODRXSYNCSAMPQOS_5,0)+IFNULL(PM_NRCELLDU_V_T.PMMACLATTIMEDLNODRXSYNCSAMPQOS_6,0)+IFNULL(PM_NRCELLDU_V_T.PMMACLATTIMEDLNODRXSYNCSAMPQOS_7,0)+IFNULL(PM_NRCELLDU_V_T.PMMACLATTIMEDLNODRXSYNCSAMPQOS_8,0)+IFNULL(PM_NRCELLDU_V_T.PMMACLATTIMEDLNODRXSYNCSAMPQOS_9,0)+IFNULL(PM_NRCELLDU_V_T.PMMACTIMEDLDRBSAMPQOS_1,0)+IFNULL(PM_NRCELLDU_V_T.PMMACTIMEDLDRBSAMPQOS_2,0)+IFNULL(PM_NRCELLDU_V_T.PMMACTIMEDLDRBSAMPQOS_3,0)+IFNULL(PM_NRCELLDU_V_T.PMMACTIMEDLDRBSAMPQOS_4,0)+IFNULL(PM_NRCELLDU_V_T.PMMACTIMEDLDRBSAMPQOS_5,0)+IFNULL(PM_NRCELLDU_V_T.PMMACTIMEDLDRBSAMPQOS_6,0)+IFNULL(PM_NRCELLDU_V_T.PMMACTIMEDLDRBSAMPQOS_7,0)+IFNULL(PM_NRCELLDU_V_T.PMMACTIMEDLDRBSAMPQOS_8,0)+IFNULL(PM_NRCELLDU_V_T.PMMACTIMEDLDRBSAMPQOS_9,0)+IFNULL(PM_NRCELLDU_V_T.PMMACTIMEDLDRBLASTSLOTSAMPQOS_1,0)+IFNULL(PM_NRCELLDU_V_T.PMMACTIMEDLDRBLASTSLOTSAMPQOS_2,0)+IFNULL(PM_NRCELLDU_V_T.PMMACTIMEDLDRBLASTSLOTSAMPQOS_3,0)+IFNULL(PM_NRCELLDU_V_T.PMMACTIMEDLDRBLASTSLOTSAMPQOS_4,0)+IFNULL(PM_NRCELLDU_V_T.PMMACTIMEDLDRBLASTSLOTSAMPQOS_5,0)+IFNULL(PM_NRCELLDU_V_T.PMMACTIMEDLDRBLASTSLOTSAMPQOS_6,0)+IFNULL(PM_NRCELLDU_V_T.PMMACTIMEDLDRBLASTSLOTSAMPQOS_7,0)+IFNULL(PM_NRCELLDU_V_T.PMMACTIMEDLDRBLASTSLOTSAMPQOS_8,0)+IFNULL(PM_NRCELLDU_V_T.PMMACTIMEDLDRBLASTSLOTSAMPQOS_9,0));;;;PM_NRCELLDU_V_T;;;
WIRELESS;MEX;NOKIA;RAN_5G;PM;TRAFFIC;NRNODE;NSA_THPT_MAC_DL_AVG_MBPS_5GENDC_5GLEG_NUM_N;NSA_THPT_MAC_DL_AVG_MBPS_5GENDC_5GLEG_NUM_N;;Total de datos transmitidos en MAC DL en la leg 5G (NR) de sesiones NSA EN-DC.;;;;float;;2;MB;;;;;;;no;SUM(IFNULL(PM_NMSDU_T.DL_MAC_SDU_VOL_DTCH,0))*(8/1000000);;;;PM_NMSDU_T;;;
WIRELESS;MEX;NOKIA;RAN_5G;PM;TRAFFIC;NRNODE;NSA_THPT_MAC_DL_AVG_MBPS_5GENDC_5GLEG_DENOM_N;NSA_THPT_MAC_DL_AVG_MBPS_5GENDC_5GLEG_DENOM_N;;Tiempo efectivo de transmisión DL en la leg 5G.;;;;float;;2;seconds;;;;;;;no;SUM(IFNULL(PM_NCELA_T.ACC_UE_DL_DRB_DATA,0)-IFNULL(PM_NCELA_T.ACC_UE_DL_SLEEP_DATA,0))*(SUM(IFNULL(PM_NCELA_T.DATA_SLOT_PDSCH_TIME,0))/SUM(IFNULL(PM_NCELA_T.DATA_SLOT_PDSCH,0)))/1000000;;;;PM_NCELA_T;;;
WIRELESS;MEX;ERICSSON;RAN_5G;PM;TRAFFIC;NRNODE;NSA_TRAFFIC_PDCP_GB_4GENDC;NSA_TRAFFIC_PDCP_GB_4GENDC;;;;;;float;;2;GB;;;;;;;no;ROUND(SUM(IFNULL(PM_PMFLEXEUTRANCELLFDD_T.PMFLEXPDCPVOLDLDRB_ENDC1TO99,0)+IFNULL(PM_PMFLEXEUTRANCELLFDD_T.PMFLEXPDCPVOLULDRB_ENDC1TO99,0))*1000/(8*1024*1024*1024),2);;;;PM_PMFLEXEUTRANCELLFDD_T;;;
WIRELESS;MEX;NOKIA;RAN_5G;PM;TRAFFIC;N4GCELL;NSA_TRAFFIC_PDCP_GB_4GENDC;NSA_TRAFFIC_PDCP_GB_4GENDC;;;;;;float;;2;GB;;;;;;;no;ROUND(IFNULL(SUM(IFNULL(PM_LTE_X2_GNB_PER_LNCEL.PDCP_PDU_UL_MCG,0)+IFNULL(PM_LTE_X2_GNB_PER_LNCEL.PDCP_PDU_DL_MCG,0))/(1024*1024*1024),0),2);;;;PM_LTE_X2_GNB_PER_LNCEL;;;
WIRELESS;MEX;ERICSSON;RAN_5G;PM;QoS;NRNODE;NSA_ACC_ERAB_SR_4GENDC;NSA_ACC_ERAB_SR_4GENDC;;;;;;float;;2;;;;;;;;yes;ROUND(100*IFNULL(NSA_ACC_ERAB_SR_4GENDC_NUM_N/(SUM(IFNULL(PM_PMFLEXEUTRANCELLFDD_T.PMFLEXERABESTABATTINIT_ENDC1TO99,0)+IFNULL(PM_PMFLEXEUTRANCELLFDD_T.PMFLEXERABESTABATTADDED_ENDC1TO99,0))-(SUM(IFNULL(PM_PMFLEXEUTRANCELLFDD_T.PMFLEXERABESTABATTADDEDHOONGOING_ENDC1TO99,0))*(SUM(IFNULL(PM_PMFLEXEUTRANCELLFDD_T.PMFLEXCELLHOEXESUCCLTEINTRAF_ENDC1TO99,0)+IFNULL(PM_PMFLEXEUTRANCELLFDD_T.PMFLEXCELLHOEXESUCCLTEINTERF_ENDC1TO99,0))/SUM(IFNULL(PM_PMFLEXEUTRANCELLFDD_T.PMFLEXCELLHOEXEATTLTEINTRAF_ENDC1TO99,0)+IFNULL(PM_PMFLEXEUTRANCELLFDD_T.PMFLEXCELLHOEXEATTLTEINTERF_ENDC1TO99,0))))),0),2);;;;PM_PMFLEXEUTRANCELLFDD_T;;;
WIRELESS;MEX;ERICSSON;RAN_5G;PM;QoS;NRNODE;NSA_ACC_ERAB_SR_4GENDC_NUM_N;NSA_ACC_ERAB_SR_4GENDC_NUM_N;;;;;;integer;;0;;;;;;;;no;SUM(IFNULL(PM_PMFLEXEUTRANCELLFDD_T.PMFLEXERABESTABSUCCINIT_ENDC1TO99,0)+IFNULL(PM_PMFLEXEUTRANCELLFDD_T.PMFLEXERABESTABSUCCADDED_ENDC1TO99,0));;;;PM_PMFLEXEUTRANCELLFDD_T;;;
WIRELESS;MEX;ERICSSON;RAN_5G;PM;QoS;NRNODE;NSA_ACC_ERAB_SR_4GENDC_DEN_N;NSA_ACC_ERAB_SR_4GENDC_DEN_N;;;;;;integer;;0;;;;;;;;no;IFNULL(SUM(IFNULL(PM_PMFLEXEUTRANCELLFDD_T.PMFLEXERABESTABATTINIT_ENDC1TO99,0)+IFNULL(PM_PMFLEXEUTRANCELLFDD_T.PMFLEXERABESTABATTADDED_ENDC1TO99,0))-(SUM(IFNULL(PM_PMFLEXEUTRANCELLFDD_T.PMFLEXERABESTABATTADDEDHOONGOING_ENDC1TO99,0))*(SUM(IFNULL(PM_PMFLEXEUTRANCELLFDD_T.PMFLEXCELLHOEXESUCCLTEINTRAF_ENDC1TO99,0)+IFNULL(PM_PMFLEXEUTRANCELLFDD_T.PMFLEXCELLHOEXESUCCLTEINTERF_ENDC1TO99,0))/SUM(IFNULL(PM_PMFLEXEUTRANCELLFDD_T.PMFLEXCELLHOEXEATTLTEINTRAF_ENDC1TO99,0)+IFNULL(PM_PMFLEXEUTRANCELLFDD_T.PMFLEXCELLHOEXEATTLTEINTERF_ENDC1TO99,0)))),0);;;;PM_PMFLEXEUTRANCELLFDD_T;;;
WIRELESS;MEX;NOKIA;RAN_5G;PM;QoS;NRNODE;NSA_ACC_ERAB_SR_4GENDC_NUM_N;NSA_ACC_ERAB_SR_4GENDC_NUM_N;;NSA_ACC_ERAB_SUCC_4GENDC_4GLEG_N=NSA_ACC_ERAB_SR_4GENDC_NUM_N. Número de conexiones ERAB exitosas en el contexto de NSA 5G con EN-DC, pero desde la perspectiva del nodo LTE (4G leg);;;;integer;;0;;;;;;;;no;SUM(IFNULL(PM_LTE_EPS_BEARER_T.ERAB_STP_SUCC_MCG_NR_PDCP,0)+IFNULL(PM_LTE_EPS_BEARER_T.ERAB_ADD_STP_SUCC_MCG_NR_PDCP,0));;;;PM_LTE_EPS_BEARER_T;MRBTS,NRBTS;;
WIRELESS;MEX;NOKIA;RAN_5G;PM;QoS;NRNODE;NSA_ACC_ERAB_SR_4GENDC_DEN_N;NSA_ACC_ERAB_SR_4GENDC_DEN_N;;NSA_ACC_ERAB_ATT_4GENDC_4GLEG_N=NSA_ACC_ERAB_SR_4GENDC_DEN_N.;;;;integer;;0;;;;;;;;no;SUM(IFNULL(PM_LTE_EPS_BEARER_T.ERAB_STP_ATT_MCG_NR_PDCP,0)+IFNULL(PM_LTE_EPS_BEARER_T.ERAB_ADD_STP_ATT_MCG_NR_PDCP,0));;;;PM_LTE_EPS_BEARER_T;MRBTS,NRBTS;;
WIRELESS;MEX;ERICSSON;RAN_5G;PM;QoS;NRNODE;NSA_THP_MN;NSA_THP_MN;;Calcula el throughput medio (Mbps) en el Secondary Cell Group (SCG) en escenarios EN-DC. Throughput promedio de celda en downlink para el tráfico 5G NSA que es manejado por la capa 4G (LTE).;;;;float;;2;MBPS;;;;;;;yes;ROUND(IFNULL((NSA_THP_MN_NUM)/(SUM(IFNULL(PM_PMFLEXEUTRANCELLFDD_T.PMFLEXUETHPTIMEDL_ENDC2TO99,0))/1000),0),2);;;;PM_PMFLEXEUTRANCELLFDD_T;;;
WIRELESS;MEX;ERICSSON;RAN_5G;PM;QoS;NRNODE;NSA_THP_MN_NUM;NSA_THP_MN_NUM;;NSA_THP_MN_NUM=NSA_THP_MN_DEN;;;;integer;;0;;;;;;;;no;SUM(IFNULL(PM_PMFLEXEUTRANCELLFDD_T.PMFLEXPDCPVOLDLDRB_ENDC2TO99,0)-IFNULL(PM_PMFLEXEUTRANCELLFDD_T.PMFLEXPDCPVOLDLDRBLASTTTI_ENDC2TO99,0))/1000;;;;PM_PMFLEXEUTRANCELLFDD_T;;;
WIRELESS;MEX;ERICSSON;RAN_5G;PM;QoS;NRNODE;NSA_THP_MN_DEN;NSA_THP_MN_DEN;;NSA_THP_MN_NUM=NSA_THP_MN_DEN;;;;integer;;0;;;;;;;;no;SUM(IFNULL(PM_PMFLEXEUTRANCELLFDD_T.PMFLEXPDCPVOLDLDRB_ENDC2TO99,0)-IFNULL(PM_PMFLEXEUTRANCELLFDD_T.PMFLEXPDCPVOLDLDRBLASTTTI_ENDC2TO99,0))/1000;;;;PM_PMFLEXEUTRANCELLFDD_T;;;
WIRELESS;MEX;ERICSSON;RAN_5G;PM;;;;NSA_RET_ERAB_ATT_4GENDC;;;;;;;;;;;;;;;;no;SUM(IFNULL(PM_PMFLEXEUTRANCELLFDD.PMFLEXERABRELNORMALENB_ENDC1TO99,0)+IFNULL(PM_PMFLEXEUTRANCELLFDD.PMFLEXERABRELABNORMALENB_ENDC1TO99,0)+IFNULL(PM_PMFLEXEUTRANCELLFDD.PMFLEXERABRELMME_ENDC1TO99,0)+IFNULL(PM_PMFLEXEUTRANCELLFDD.PMFLEXCELLHOEXESUCCUTRAN_ENDC1TO99,0));;;;;;;
WIRELESS;MEX;ERICSSON;RAN_5G;PM;;;;NSA_RET_ERAB_ATT_4GENDC_4GLEG;;;;;;;;;;;;;;;;no;SUM(IFNULL(PM_PMFLEXEUTRANCELLFDD.PMFLEXERABRELNORMALENB_ENDC2TO99,0)+IFNULL(PM_PMFLEXEUTRANCELLFDD.PMFLEXERABRELABNORMALENB_ENDC2TO99,0)+IFNULL(PM_PMFLEXEUTRANCELLFDD.PMFLEXERABRELMME_ENDC2TO99,0));;;;;;;
WIRELESS;MEX;ERICSSON;RAN_5G;PM;QoS;;;NSA_RET_ERAB_SR_4GENDC;;;;;;;;;;;;;;;;yes;ROUND(IFNULL(100*(1- (SUM(IFNULL(PM_PMFLEXEUTRANCELLFDD.PMFLEXERABRELABNORMALENBACT_ENDC1TO99,0)+IFNULL(PM_PMFLEXEUTRANCELLFDD.PMFLEXERABRELABNORMALMMEACT_ENDC1TO99,0))/NSA_RET_ERAB_ATT_4GENDC)),0),2);;;;;;;
WIRELESS;MEX;ERICSSON;RAN_5G;PM;QoS;;;NSA_RET_ERAB_SR_4GENDC_N;;;;;;;;;;;;;;;;yes;ROUND(IFNULL(100*(1- (NSA_RET_ERAB_DROP_4GENDC/SUM(IFNULL(PM_PMFLEXEUTRANCELLFDD_T.PMFLEXERABRELNORMALENB_ENDC1TO99,0)+IFNULL(PM_PMFLEXEUTRANCELLFDD_T.PMFLEXERABRELABNORMALENB_ENDC1TO99,0)+IFNULL(PM_PMFLEXEUTRANCELLFDD_T.PMFLEXERABRELMME_ENDC1TO99,0)+IFNULL(PM_PMFLEXEUTRANCELLFDD_T.PMFLEXCELLHOEXESUCCUTRAN_ENDC1TO99,0)))),0),2);;;;;;;
WIRELESS;MEX;ERICSSON;RAN_5G;PM;QoS;NRNODE;NSA_RET_ERAB_DROP_4GENDC;NSA_RET_ERAB_DROP_4GENDC_N;;NSA_RET_ERAB_DROP_4GENDC=NSA_RET_ERAB_DROP_4GENDC_N. Total de caídas anormales de E-RAB en sesiones 4G EN-DC desde el lado LTE, independientemente de la causa exacta;;;;integer;;0;;;;;;;;no;SUM(IFNULL(PM_PMFLEXEUTRANCELLFDD_T.PMFLEXERABRELABNORMALENBACT_ENDC1TO99,0)+IFNULL(PM_PMFLEXEUTRANCELLFDD_T.PMFLEXERABRELABNORMALMMEACT_ENDC1TO99,0));;;;PM_PMFLEXEUTRANCELLFDD_T;ManagedElement,ENodeBFunction;;
WIRELESS;MEX;NOKIA;RAN_5G;PM;;;;NSA_RET_ERAB_DROP_4GENDC_N;;;;;;;;;;;;;;;;no;SUM(IFNULL(PM_LTE_ERAB_STATISTICS_PER_PMQAP_PROFILE_BTS_T.ERAB_REL_ABNORMAL_ACT_PROFILE_1,0)+IFNULL(PM_LTE_ERAB_STATISTICS_PER_PMQAP_PROFILE_BTS_T.ERAB_REL_ABNORMAL_ACT_PROFILE_2,0)+IFNULL(PM_LTE_ERAB_STATISTICS_PER_PMQAP_PROFILE_BTS_T.ERAB_REL_ABNORMAL_ACT_PROFILE_17,0));;;;;;;
WIRELESS;MEX;ERICSSON;RAN_5G;PM;;;;NSA_RET_ERAB_DROP_5GENDC_5GLEG;;NSA_RET_ERAB_DROP_5GENDC_5GLEG=NSA_RET_ERAB_DROP_5GENDC_5GLEG_N;;;;;;;;;;;;;;no;SUM(IFNULL(PM_NRCELLCU_T.PMENDCRELUEABNORMALSGNBACT,0));;;;;;;
WIRELESS;MEX;ERICSSON;RAN_5G;PM;QoS;NRNODE;NSA_ACC_SR_4G5G;NSA_ACC_SR_4G5G;;Tasa de éxito global de Accesibilidad (Service Request / RRC + S1 + ERAB + X2) en escenarios NSA 4G+5G. % de sesiones exitosas desde el intento de conexión inicial hasta la activación de recursos en 4G y 5G.;;;;percentage;;2;%;;0 to 100;;;;;yes;ROUND(100*IFNULL((SUM(PM_EUTRANCELLFDD_X_T.PMRRCCONNESTABSUCC)/SUM(PM_EUTRANCELLFDD_X_T.PMRRCCONNESTABATT))*(SUM(PM_EUTRANCELLFDD_X_T.PMS1SIGCONNESTABSUCC)/SUM(PM_EUTRANCELLFDD_X_T.PMS1SIGCONNESTABATT))*((SUM(IF(PM_EUTRANCELLFDD_X_T.PMENDCSETUPSCGUEATT>0,PM_EUTRANCELLFDD_X_T.PMENDCSETUPSCGUESUCC,PM_EUTRANCELLFDD_X_T.PMENDCSETUPUESUCC))/SUM(IF(PM_EUTRANCELLFDD_X_T.PMENDCSETUPSCGUEATT>0,PM_EUTRANCELLFDD_X_T.PMENDCSETUPSCGUEATT,PM_EUTRANCELLFDD_X_T.PMENDCSETUPUEATT)))*(NSA_ACC_ERAB_SUCC_5GENDC_5GLEG_N/SUM(IF(PM_NRCELLCU_T.PMENDCSETUPSCGUEATT>0,PM_NRCELLCU_T.PMENDCSETUPSCGUEATT,PM_NRCELLCU_T.PMENDCSETUPUEATT)))),0),2);;;;;;;
WIRELESS;MEX;ERICSSON;RAN_5G;PM;QoS;NRNODE;NSA_ACC_SR_4G5G_NUM;NSA_ACC_SR_4G5G_NUM;;;;;;;;;;;;;;;;yes;SUM(PM_EUTRANCELLFDD_X_T.PMRRCCONNESTABSUCC)*SUM(PM_EUTRANCELLFDD_X_T.PMS1SIGCONNESTABSUCC)*SUM(IF(PM_EUTRANCELLFDD_X_T.PMENDCSETUPSCGUEATT>0,PM_EUTRANCELLFDD_X_T.PMENDCSETUPSCGUESUCC,PM_EUTRANCELLFDD_X_T.PMENDCSETUPUESUCC))*NSA_ACC_ERAB_SUCC_5GENDC_5GLEG_N;;;;;;;
WIRELESS;MEX;ERICSSON;RAN_5G;PM;QoS;NRNODE;NSA_ACC_SR_4G5G_DENOM;NSA_ACC_SR_4G5G_DENOM;;;;;;;;;;;;;;;;no;SUM(PM_EUTRANCELLFDD_X_T.PMRRCCONNESTABATT)*SUM(PM_EUTRANCELLFDD_X_T.PMS1SIGCONNESTABATT)*SUM(IF(PM_EUTRANCELLFDD_X_T.PMENDCSETUPSCGUEATT>0,PM_EUTRANCELLFDD_X_T.PMENDCSETUPSCGUEATT,PM_EUTRANCELLFDD_X_T.PMENDCSETUPUEATT))*SUM(IF(PM_NRCELLCU_T.PMENDCSETUPSCGUEATT>0,PM_NRCELLCU_T.PMENDCSETUPSCGUEATT,PM_NRCELLCU_T.PMENDCSETUPUEATT));;;;;;;
WIRELESS;MEX;ERICSSON;RAN_5G;PM;;;;NSA_ACC_4GENDC;;;;;;;;;;;;;;;;yes;ROUND(100*IFNULL(SUM(IFNULL(PM_EUTRANCELLFDD_X_T.PMRRCCONNESTABSUCC,0))/SUM(IFNULL(PM_EUTRANCELLFDD_X_T.PMRRCCONNESTABATT,0) - IFNULL(PM_EUTRANCELLFDD_X_T.PMRRCCONNESTABATTREATT,0)),0)*IFNULL(SUM(IFNULL(PM_EUTRANCELLFDD_X_T.PMS1SIGCONNESTABSUCC,0))/SUM(IFNULL(PM_EUTRANCELLFDD_X_T.PMS1SIGCONNESTABATT,0)),0)*IFNULL(SUM(IFNULL(PM_PMFLEXEUTRANCELLFDD_T.PMFLEXERABESTABSUCCINIT_ENDC1TO99,0)+IFNULL(PM_PMFLEXEUTRANCELLFDD_T.PMFLEXERABESTABSUCCADDED_ENDC1TO99,0))/(SUM(IFNULL(PM_PMFLEXEUTRANCELLFDD_T.PMFLEXERABESTABATTINIT_ENDC1TO99,0)+IFNULL(PM_PMFLEXEUTRANCELLFDD_T.PMFLEXERABESTABATTADDED_ENDC1TO99,0))-(SUM(IFNULL(PM_PMFLEXEUTRANCELLFDD_T.PMFLEXERABESTABATTADDEDHOONGOING_ENDC1TO99,0))*(SUM(IFNULL(PM_PMFLEXEUTRANCELLFDD_T.PMFLEXCELLHOEXESUCCLTEINTRAF_ENDC1TO99,0)+IFNULL(PM_PMFLEXEUTRANCELLFDD_T.PMFLEXCELLHOEXESUCCLTEINTERF_ENDC1TO99,0))/SUM(IFNULL(PM_PMFLEXEUTRANCELLFDD_T.PMFLEXCELLHOEXEATTLTEINTRAF_ENDC1TO99,0)+IFNULL(PM_PMFLEXEUTRANCELLFDD_T.PMFLEXCELLHOEXEATTLTEINTERF_ENDC1TO99,0))))),0),2);;;;;;;
WIRELESS;MEX;ERICSSON;RAN_5G;PM;;;;NSA_THPT_PDCP_DL_AVG_KBPS_5GENDC_4GLEG_N;;;;;;;;;;;;;;;;no;ROUND(IFNULL(SUM(IFNULL(PM_PMFLEXEUTRANCELLFDD_T.PMFLEXPDCPVOLDLDRB_ENDC2TO99,0)-IFNULL(PM_PMFLEXEUTRANCELLFDD_T.PMFLEXPDCPVOLDLDRBLASTTTI_ENDC2TO99,0))/SUM(IFNULL(PM_PMFLEXEUTRANCELLFDD_T.PMFLEXUETHPTIMEDL_ENDC2TO99,0)),0),2);;;;;;;
WIRELESS;MEX;ERICSSON;RAN_5G;PM;QoS;;;NSA_ACC_ERAB_SR_5GENDC_5GLEG;;;;;;;;;;;;;;;;no;ROUND(IFNULL(100*SUM(IF(ISNULL(PM_NRCELLCU_T.PMENDCSETUPSCGUEATT)=1,PM_NRCELLCU_T.PMENDCSETUPUESUCC,PM_NRCELLCU_T.PMENDCSETUPSCGUESUCC))/SUM(IF(ISNULL(PM_NRCELLCU_T.PMENDCSETUPSCGUEATT)=1,PM_NRCELLCU_T.PMENDCSETUPUEATT,PM_NRCELLCU_T.PMENDCSETUPSCGUEATT)),0),2);;;;;;;
WIRELESS;MEX;ERICSSON;RAN_5G;PM;;NCELL;;NSA_AVAILABILITY_DU;;;;;;percentage;;2;%;;0 to 100;;;;;no;ROUND(IFNULL((100*(1-(SUM(IFNULL(PM_NRCELLDU.PMCELLDOWNTIMEMAN,0)+IFNULL(PM_NRCELLDU.PMCELLDOWNTIMEAUTO,0)))/(24*4*900*COUNT(1)))),0),2);;;;PM_NRCELLDU;;;
WIRELESS;MEX;ERICSSON;RAN_5G;PM;;NRNODE;NSA_PKTLOSS_PDCP_NR_5GENDC_5GLEG;NSA_PKTLOSS_PDCP_NR_5GENDC_5GLEG;;;;;;percentage;;2;%;;0 to 100;;;;;yes;ROUND(100*IFNULL(SUM(IFNULL(PM_S1ULINK_V_T.PMPDCPPKTRECDLDISC5QI_1,0)+IFNULL(PM_S1ULINK_V_T.PMPDCPPKTRECDLDISC5QI_2,0)+IFNULL(PM_S1ULINK_V_T.PMPDCPPKTRECDLDISC5QI_3,0)+IFNULL(PM_S1ULINK_V_T.PMPDCPPKTRECDLDISC5QI_4,0)+IFNULL(PM_S1ULINK_V_T.PMPDCPPKTRECDLDISC5QI_5,0)+IFNULL(PM_S1ULINK_V_T.PMPDCPPKTRECDLDISC5QI_6,0)+IFNULL(PM_S1ULINK_V_T.PMPDCPPKTRECDLDISC5QI_7,0)+IFNULL(PM_S1ULINK_V_T.PMPDCPPKTRECDLDISC5QI_8,0)+IFNULL(PM_S1ULINK_V_T.PMPDCPPKTRECDLDISC5QI_9,0)+IFNULL(PM_RPUSERPLANELINK_V_T_INTERNAL.PMPDCPPKTTRANSDLDISCQOS_1,0)+IFNULL(PM_RPUSERPLANELINK_V_T_EXTERNAL.PMPDCPPKTTRANSDLDISCQOS_1,0)+IFNULL(PM_RPUSERPLANELINK_V_T_INTERNAL.PMPDCPPKTTRANSDLDISCQOS_2,0)+IFNULL(PM_RPUSERPLANELINK_V_T_EXTERNAL.PMPDCPPKTTRANSDLDISCQOS_2,0)+IFNULL(PM_RPUSERPLANELINK_V_T_INTERNAL.PMPDCPPKTTRANSDLDISCQOS_3,0)+IFNULL(PM_RPUSERPLANELINK_V_T_EXTERNAL.PMPDCPPKTTRANSDLDISCQOS_3,0)+IFNULL(PM_RPUSERPLANELINK_V_T_INTERNAL.PMPDCPPKTTRANSDLDISCQOS_4,0)+IFNULL(PM_RPUSERPLANELINK_V_T_EXTERNAL.PMPDCPPKTTRANSDLDISCQOS_4,0)+IFNULL(PM_RPUSERPLANELINK_V_T_INTERNAL.PMPDCPPKTTRANSDLDISCQOS_5,0)+IFNULL(PM_RPUSERPLANELINK_V_T_EXTERNAL.PMPDCPPKTTRANSDLDISCQOS_5,0)+IFNULL(PM_RPUSERPLANELINK_V_T_INTERNAL.PMPDCPPKTTRANSDLDISCQOS_6,0)+IFNULL(PM_RPUSERPLANELINK_V_T_EXTERNAL.PMPDCPPKTTRANSDLDISCQOS_6,0)+IFNULL(PM_RPUSERPLANELINK_V_T_INTERNAL.PMPDCPPKTTRANSDLDISCQOS_7,0)+IFNULL(PM_RPUSERPLANELINK_V_T_EXTERNAL.PMPDCPPKTTRANSDLDISCQOS_7,0)+IFNULL(PM_RPUSERPLANELINK_V_T_INTERNAL.PMPDCPPKTTRANSDLDISCQOS_8,0)+IFNULL(PM_RPUSERPLANELINK_V_T_EXTERNAL.PMPDCPPKTTRANSDLDISCQOS_8,0)+IFNULL(PM_RPUSERPLANELINK_V_T_INTERNAL.PMPDCPPKTTRANSDLDISCQOS_9,0)+IFNULL(PM_RPUSERPLANELINK_V_T_EXTERNAL.PMPDCPPKTTRANSDLDISCQOS_9,0)+IFNULL(PM_X2UTERMINATION_V.PMPDCPPKTFWDRECDLDISCQOS_1,0)+IFNULL(PM_X2UTERMINATION_V.PMPDCPPKTFWDRECDLDISCQOS_2,0)+IFNULL(PM_X2UTERMINATION_V.PMPDCPPKTFWDRECDLDISCQOS_3,0)+IFNULL(PM_X2UTERMINATION_V.PMPDCPPKTFWDRECDLDISCQOS_4,0)+IFNULL(PM_X2UTERMINATION_V.PMPDCPPKTFWDRECDLDISCQOS_5,0)+IFNULL(PM_X2UTERMINATION_V.PMPDCPPKTFWDRECDLDISCQOS_6,0)+IFNULL(PM_X2UTERMINATION_V.PMPDCPPKTFWDRECDLDISCQOS_7,0)+IFNULL(PM_X2UTERMINATION_V.PMPDCPPKTFWDRECDLDISCQOS_8,0)+IFNULL(PM_X2UTERMINATION_V.PMPDCPPKTFWDRECDLDISCQOS_9,0)+IFNULL(PM_RPUSERPLANELINK_V_T_INTERNAL.PMPDCPPKTRECULQOS_1,0)+IFNULL(PM_RPUSERPLANELINK_V_T_EXTERNAL.PMPDCPPKTRECULQOS_1,0)+IFNULL(PM_RPUSERPLANELINK_V_T_INTERNAL.PMPDCPPKTRECULQOS_2,0)+IFNULL(PM_RPUSERPLANELINK_V_T_EXTERNAL.PMPDCPPKTRECULQOS_2,0)+IFNULL(PM_RPUSERPLANELINK_V_T_INTERNAL.PMPDCPPKTRECULQOS_3,0)+IFNULL(PM_RPUSERPLANELINK_V_T_EXTERNAL.PMPDCPPKTRECULQOS_3,0)+IFNULL(PM_RPUSERPLANELINK_V_T_INTERNAL.PMPDCPPKTRECULQOS_4,0)+IFNULL(PM_RPUSERPLANELINK_V_T_EXTERNAL.PMPDCPPKTRECULQOS_4,0)+IFNULL(PM_RPUSERPLANELINK_V_T_INTERNAL.PMPDCPPKTRECULQOS_5,0)+IFNULL(PM_RPUSERPLANELINK_V_T_EXTERNAL.PMPDCPPKTRECULQOS_5,0)+IFNULL(PM_RPUSERPLANELINK_V_T_INTERNAL.PMPDCPPKTRECULQOS_6,0)+IFNULL(PM_RPUSERPLANELINK_V_T_EXTERNAL.PMPDCPPKTRECULQOS_6,0)+IFNULL(PM_RPUSERPLANELINK_V_T_INTERNAL.PMPDCPPKTRECULQOS_7,0)+IFNULL(PM_RPUSERPLANELINK_V_T_EXTERNAL.PMPDCPPKTRECULQOS_7,0)+IFNULL(PM_RPUSERPLANELINK_V_T_INTERNAL.PMPDCPPKTRECULQOS_8,0)+IFNULL(PM_RPUSERPLANELINK_V_T_EXTERNAL.PMPDCPPKTRECULQOS_8,0)+IFNULL(PM_RPUSERPLANELINK_V_T_INTERNAL.PMPDCPPKTRECULQOS_9,0)+IFNULL(PM_RPUSERPLANELINK_V_T_EXTERNAL.PMPDCPPKTRECULQOS_9,0)-IFNULL(PM_RPUSERPLANELINK_V_T_INTERNAL.PMPDCPPKTLOSSULTODISCQOS_1,0)-IFNULL(PM_RPUSERPLANELINK_V_T_EXTERNAL.PMPDCPPKTLOSSULTODISCQOS_1,0)-IFNULL(PM_RPUSERPLANELINK_V_T_INTERNAL.PMPDCPPKTLOSSULTODISCQOS_2,0)-IFNULL(PM_RPUSERPLANELINK_V_T_EXTERNAL.PMPDCPPKTLOSSULTODISCQOS_2,0)-IFNULL(PM_RPUSERPLANELINK_V_T_INTERNAL.PMPDCPPKTLOSSULTODISCQOS_3,0)-IFNULL(PM_RPUSERPLANELINK_V_T_EXTERNAL.PMPDCPPKTLOSSULTODISCQOS_3,0)-IFNULL(PM_RPUSERPLANELINK_V_T_INTERNAL.PMPDCPPKTLOSSULTODISCQOS_4,0)-IFNULL(PM_RPUSERPLANELINK_V_T_EXTERNAL.PMPDCPPKTLOSSULTODISCQOS_4,0)-IFNULL(PM_RPUSERPLANELINK_V_T_INTERNAL.PMPDCPPKTLOSSULTODISCQOS_5,0)-IFNULL(PM_RPUSERPLANELINK_V_T_EXTERNAL.PMPDCPPKTLOSSULTODISCQOS_5,0)-IFNULL(PM_RPUSERPLANELINK_V_T_INTERNAL.PMPDCPPKTLOSSULTODISCQOS_6,0)-IFNULL(PM_RPUSERPLANELINK_V_T_EXTERNAL.PMPDCPPKTLOSSULTODISCQOS_6,0)-IFNULL(PM_RPUSERPLANELINK_V_T_INTERNAL.PMPDCPPKTLOSSULTODISCQOS_7,0)-IFNULL(PM_RPUSERPLANELINK_V_T_EXTERNAL.PMPDCPPKTLOSSULTODISCQOS_7,0)-IFNULL(PM_RPUSERPLANELINK_V_T_INTERNAL.PMPDCPPKTLOSSULTODISCQOS_8,0)-IFNULL(PM_RPUSERPLANELINK_V_T_EXTERNAL.PMPDCPPKTLOSSULTODISCQOS_8,0)-IFNULL(PM_RPUSERPLANELINK_V_T_INTERNAL.PMPDCPPKTLOSSULTODISCQOS_9,0)-IFNULL(PM_RPUSERPLANELINK_V_T_EXTERNAL.PMPDCPPKTLOSSULTODISCQOS_9,0)+IFNULL(PM_RPUSERPLANELINK_V_T_INTERNAL.PMPDCPPKTLOSSULTOQOS_1,0)+IFNULL(PM_RPUSERPLANELINK_V_T_EXTERNAL.PMPDCPPKTLOSSULTOQOS_1,0)+IFNULL(PM_RPUSERPLANELINK_V_T_INTERNAL.PMPDCPPKTLOSSULTOQOS_2,0)+IFNULL(PM_RPUSERPLANELINK_V_T_EXTERNAL.PMPDCPPKTLOSSULTOQOS_2,0)+IFNULL(PM_RPUSERPLANELINK_V_T_INTERNAL.PMPDCPPKTLOSSULTOQOS_3,0)+IFNULL(PM_RPUSERPLANELINK_V_T_EXTERNAL.PMPDCPPKTLOSSULTOQOS_3,0)+IFNULL(PM_RPUSERPLANELINK_V_T_INTERNAL.PMPDCPPKTLOSSULTOQOS_4,0)+IFNULL(PM_RPUSERPLANELINK_V_T_EXTERNAL.PMPDCPPKTLOSSULTOQOS_4,0)+IFNULL(PM_RPUSERPLANELINK_V_T_INTERNAL.PMPDCPPKTLOSSULTOQOS_5,0)+IFNULL(PM_RPUSERPLANELINK_V_T_EXTERNAL.PMPDCPPKTLOSSULTOQOS_5,0)+IFNULL(PM_RPUSERPLANELINK_V_T_INTERNAL.PMPDCPPKTLOSSULTOQOS_6,0)+IFNULL(PM_RPUSERPLANELINK_V_T_EXTERNAL.PMPDCPPKTLOSSULTOQOS_6,0)+IFNULL(PM_RPUSERPLANELINK_V_T_INTERNAL.PMPDCPPKTLOSSULTOQOS_7,0)+IFNULL(PM_RPUSERPLANELINK_V_T_EXTERNAL.PMPDCPPKTLOSSULTOQOS_7,0)+IFNULL(PM_RPUSERPLANELINK_V_T_INTERNAL.PMPDCPPKTLOSSULTOQOS_8,0)+IFNULL(PM_RPUSERPLANELINK_V_T_EXTERNAL.PMPDCPPKTLOSSULTOQOS_8,0)+IFNULL(PM_RPUSERPLANELINK_V_T_INTERNAL.PMPDCPPKTLOSSULTOQOS_9,0)+IFNULL(PM_RPUSERPLANELINK_V_T_EXTERNAL.PMPDCPPKTLOSSULTOQOS_9,0)-IFNULL(PM_S1ULINK_V_T.PMPDCPPKTTRANSUL5QI_1,0)-IFNULL(PM_S1ULINK_V_T.PMPDCPPKTTRANSUL5QI_2,0)-IFNULL(PM_S1ULINK_V_T.PMPDCPPKTTRANSUL5QI_3,0)-IFNULL(PM_S1ULINK_V_T.PMPDCPPKTTRANSUL5QI_4,0)-IFNULL(PM_S1ULINK_V_T.PMPDCPPKTTRANSUL5QI_5,0)-IFNULL(PM_S1ULINK_V_T.PMPDCPPKTTRANSUL5QI_6,0)-IFNULL(PM_S1ULINK_V_T.PMPDCPPKTTRANSUL5QI_7,0)-IFNULL(PM_S1ULINK_V_T.PMPDCPPKTTRANSUL5QI_8,0)-IFNULL(PM_S1ULINK_V_T.PMPDCPPKTTRANSUL5QI_9,0))/(SUM(IFNULL(PM_S1ULINK_V_T.PMPDCPPKTRECDL5QI_1,0)+IFNULL(PM_S1ULINK_V_T.PMPDCPPKTRECDL5QI_2,0)+IFNULL(PM_S1ULINK_V_T.PMPDCPPKTRECDL5QI_3,0)+IFNULL(PM_S1ULINK_V_T.PMPDCPPKTRECDL5QI_4,0)+IFNULL(PM_S1ULINK_V_T.PMPDCPPKTRECDL5QI_5,0)+IFNULL(PM_S1ULINK_V_T.PMPDCPPKTRECDL5QI_6,0)+IFNULL(PM_S1ULINK_V_T.PMPDCPPKTRECDL5QI_7,0)+IFNULL(PM_S1ULINK_V_T.PMPDCPPKTRECDL5QI_8,0)+IFNULL(PM_S1ULINK_V_T.PMPDCPPKTRECDL5QI_9,0)+IFNULL(PM_X2UTERMINATION_V.PMPDCPPKTFWDRECDLQOS_1,0)+IFNULL(PM_X2UTERMINATION_V.PMPDCPPKTFWDRECDLQOS_2,0)+IFNULL(PM_X2UTERMINATION_V.PMPDCPPKTFWDRECDLQOS_3,0)+IFNULL(PM_X2UTERMINATION_V.PMPDCPPKTFWDRECDLQOS_4,0)+IFNULL(PM_X2UTERMINATION_V.PMPDCPPKTFWDRECDLQOS_5,0)+IFNULL(PM_X2UTERMINATION_V.PMPDCPPKTFWDRECDLQOS_6,0)+IFNULL(PM_X2UTERMINATION_V.PMPDCPPKTFWDRECDLQOS_7,0)+IFNULL(PM_X2UTERMINATION_V.PMPDCPPKTFWDRECDLQOS_8,0)+IFNULL(PM_X2UTERMINATION_V.PMPDCPPKTFWDRECDLQOS_9,0))+2*(SUM(IFNULL(PM_RPUSERPLANELINK_V_T_INTERNAL.PMPDCPPKTRECULQOS_1,0)+IFNULL(PM_RPUSERPLANELINK_V_T_EXTERNAL.PMPDCPPKTRECULQOS_1,0)+IFNULL(PM_RPUSERPLANELINK_V_T_INTERNAL.PMPDCPPKTRECULQOS_2,0)+IFNULL(PM_RPUSERPLANELINK_V_T_EXTERNAL.PMPDCPPKTRECULQOS_2,0)+IFNULL(PM_RPUSERPLANELINK_V_T_INTERNAL.PMPDCPPKTRECULQOS_3,0)+IFNULL(PM_RPUSERPLANELINK_V_T_EXTERNAL.PMPDCPPKTRECULQOS_3,0)+IFNULL(PM_RPUSERPLANELINK_V_T_INTERNAL.PMPDCPPKTRECULQOS_4,0)+IFNULL(PM_RPUSERPLANELINK_V_T_EXTERNAL.PMPDCPPKTRECULQOS_4,0)+IFNULL(PM_RPUSERPLANELINK_V_T_INTERNAL.PMPDCPPKTRECULQOS_5,0)+IFNULL(PM_RPUSERPLANELINK_V_T_EXTERNAL.PMPDCPPKTRECULQOS_5,0)+IFNULL(PM_RPUSERPLANELINK_V_T_INTERNAL.PMPDCPPKTRECULQOS_6,0)+IFNULL(PM_RPUSERPLANELINK_V_T_EXTERNAL.PMPDCPPKTRECULQOS_6,0)+IFNULL(PM_RPUSERPLANELINK_V_T_INTERNAL.PMPDCPPKTRECULQOS_7,0)+IFNULL(PM_RPUSERPLANELINK_V_T_EXTERNAL.PMPDCPPKTRECULQOS_7,0)+IFNULL(PM_RPUSERPLANELINK_V_T_INTERNAL.PMPDCPPKTRECULQOS_8,0)+IFNULL(PM_RPUSERPLANELINK_V_T_EXTERNAL.PMPDCPPKTRECULQOS_8,0)+IFNULL(PM_RPUSERPLANELINK_V_T_INTERNAL.PMPDCPPKTRECULQOS_9,0)+IFNULL(PM_RPUSERPLANELINK_V_T_EXTERNAL.PMPDCPPKTRECULQOS_9,0)-IFNULL(PM_RPUSERPLANELINK_V_T_INTERNAL.PMPDCPPKTLOSSULTODISCQOS_1,0)-IFNULL(PM_RPUSERPLANELINK_V_T_EXTERNAL.PMPDCPPKTLOSSULTODISCQOS_1,0)-IFNULL(PM_RPUSERPLANELINK_V_T_INTERNAL.PMPDCPPKTLOSSULTODISCQOS_2,0)-IFNULL(PM_RPUSERPLANELINK_V_T_EXTERNAL.PMPDCPPKTLOSSULTODISCQOS_2,0)-IFNULL(PM_RPUSERPLANELINK_V_T_INTERNAL.PMPDCPPKTLOSSULTODISCQOS_3,0)-IFNULL(PM_RPUSERPLANELINK_V_T_EXTERNAL.PMPDCPPKTLOSSULTODISCQOS_3,0)-IFNULL(PM_RPUSERPLANELINK_V_T_INTERNAL.PMPDCPPKTLOSSULTODISCQOS_4,0)-IFNULL(PM_RPUSERPLANELINK_V_T_EXTERNAL.PMPDCPPKTLOSSULTODISCQOS_4,0)-IFNULL(PM_RPUSERPLANELINK_V_T_INTERNAL.PMPDCPPKTLOSSULTODISCQOS_5,0)-IFNULL(PM_RPUSERPLANELINK_V_T_EXTERNAL.PMPDCPPKTLOSSULTODISCQOS_5,0)-IFNULL(PM_RPUSERPLANELINK_V_T_INTERNAL.PMPDCPPKTLOSSULTODISCQOS_6,0)-IFNULL(PM_RPUSERPLANELINK_V_T_EXTERNAL.PMPDCPPKTLOSSULTODISCQOS_6,0)-IFNULL(PM_RPUSERPLANELINK_V_T_INTERNAL.PMPDCPPKTLOSSULTODISCQOS_7,0)-IFNULL(PM_RPUSERPLANELINK_V_T_EXTERNAL.PMPDCPPKTLOSSULTODISCQOS_7,0)-IFNULL(PM_RPUSERPLANELINK_V_T_INTERNAL.PMPDCPPKTLOSSULTODISCQOS_8,0)-IFNULL(PM_RPUSERPLANELINK_V_T_EXTERNAL.PMPDCPPKTLOSSULTODISCQOS_8,0)-IFNULL(PM_RPUSERPLANELINK_V_T_INTERNAL.PMPDCPPKTLOSSULTODISCQOS_9,0)-IFNULL(PM_RPUSERPLANELINK_V_T_EXTERNAL.PMPDCPPKTLOSSULTODISCQOS_9,0)+IFNULL(PM_RPUSERPLANELINK_V_T_INTERNAL.PMPDCPPKTLOSSULTOQOS_1,0)+IFNULL(PM_RPUSERPLANELINK_V_T_EXTERNAL.PMPDCPPKTLOSSULTOQOS_1,0)+IFNULL(PM_RPUSERPLANELINK_V_T_INTERNAL.PMPDCPPKTLOSSULTOQOS_2,0)+IFNULL(PM_RPUSERPLANELINK_V_T_EXTERNAL.PMPDCPPKTLOSSULTOQOS_2,0)+IFNULL(PM_RPUSERPLANELINK_V_T_INTERNAL.PMPDCPPKTLOSSULTOQOS_3,0)+IFNULL(PM_RPUSERPLANELINK_V_T_EXTERNAL.PMPDCPPKTLOSSULTOQOS_3,0)+IFNULL(PM_RPUSERPLANELINK_V_T_INTERNAL.PMPDCPPKTLOSSULTOQOS_4,0)+IFNULL(PM_RPUSERPLANELINK_V_T_EXTERNAL.PMPDCPPKTLOSSULTOQOS_4,0)+IFNULL(PM_RPUSERPLANELINK_V_T_INTERNAL.PMPDCPPKTLOSSULTOQOS_5,0)+IFNULL(PM_RPUSERPLANELINK_V_T_EXTERNAL.PMPDCPPKTLOSSULTOQOS_5,0)+IFNULL(PM_RPUSERPLANELINK_V_T_INTERNAL.PMPDCPPKTLOSSULTOQOS_6,0)+IFNULL(PM_RPUSERPLANELINK_V_T_EXTERNAL.PMPDCPPKTLOSSULTOQOS_6,0)+IFNULL(PM_RPUSERPLANELINK_V_T_INTERNAL.PMPDCPPKTLOSSULTOQOS_7,0)+IFNULL(PM_RPUSERPLANELINK_V_T_EXTERNAL.PMPDCPPKTLOSSULTOQOS_7,0)+IFNULL(PM_RPUSERPLANELINK_V_T_INTERNAL.PMPDCPPKTLOSSULTOQOS_8,0)+IFNULL(PM_RPUSERPLANELINK_V_T_EXTERNAL.PMPDCPPKTLOSSULTOQOS_8,0)+IFNULL(PM_RPUSERPLANELINK_V_T_INTERNAL.PMPDCPPKTLOSSULTOQOS_9,0)+IFNULL(PM_RPUSERPLANELINK_V_T_EXTERNAL.PMPDCPPKTLOSSULTOQOS_9,0)))-SUM(IFNULL(PM_RPUSERPLANELINK_V_T_INTERNAL.PMPDCPPKTLOSSULQOS_1,0)+IFNULL(PM_RPUSERPLANELINK_V_T_EXTERNAL.PMPDCPPKTLOSSULQOS_1,0)+IFNULL(PM_RPUSERPLANELINK_V_T_INTERNAL.PMPDCPPKTLOSSULQOS_2,0)+IFNULL(PM_RPUSERPLANELINK_V_T_EXTERNAL.PMPDCPPKTLOSSULQOS_2,0)+IFNULL(PM_RPUSERPLANELINK_V_T_INTERNAL.PMPDCPPKTLOSSULQOS_3,0)+IFNULL(PM_RPUSERPLANELINK_V_T_EXTERNAL.PMPDCPPKTLOSSULQOS_3,0)+IFNULL(PM_RPUSERPLANELINK_V_T_INTERNAL.PMPDCPPKTLOSSULQOS_4,0)+IFNULL(PM_RPUSERPLANELINK_V_T_EXTERNAL.PMPDCPPKTLOSSULQOS_4,0)+IFNULL(PM_RPUSERPLANELINK_V_T_INTERNAL.PMPDCPPKTLOSSULQOS_5,0)+IFNULL(PM_RPUSERPLANELINK_V_T_EXTERNAL.PMPDCPPKTLOSSULQOS_5,0)+IFNULL(PM_RPUSERPLANELINK_V_T_INTERNAL.PMPDCPPKTLOSSULQOS_6,0)+IFNULL(PM_RPUSERPLANELINK_V_T_EXTERNAL.PMPDCPPKTLOSSULQOS_6,0)+IFNULL(PM_RPUSERPLANELINK_V_T_INTERNAL.PMPDCPPKTLOSSULQOS_7,0)+IFNULL(PM_RPUSERPLANELINK_V_T_EXTERNAL.PMPDCPPKTLOSSULQOS_7,0)+IFNULL(PM_RPUSERPLANELINK_V_T_INTERNAL.PMPDCPPKTLOSSULQOS_8,0)+IFNULL(PM_RPUSERPLANELINK_V_T_EXTERNAL.PMPDCPPKTLOSSULQOS_8,0)+IFNULL(PM_RPUSERPLANELINK_V_T_INTERNAL.PMPDCPPKTLOSSULQOS_9,0)+IFNULL(PM_RPUSERPLANELINK_V_T_EXTERNAL.PMPDCPPKTLOSSULQOS_9,0)+IFNULL(PM_S1ULINK_V_T.PMPDCPPKTTRANSUL5QI_1,0)+IFNULL(PM_S1ULINK_V_T.PMPDCPPKTTRANSUL5QI_2,0)+IFNULL(PM_S1ULINK_V_T.PMPDCPPKTTRANSUL5QI_3,0)+IFNULL(PM_S1ULINK_V_T.PMPDCPPKTTRANSUL5QI_4,0)+IFNULL(PM_S1ULINK_V_T.PMPDCPPKTTRANSUL5QI_5,0)+IFNULL(PM_S1ULINK_V_T.PMPDCPPKTTRANSUL5QI_6,0)+IFNULL(PM_S1ULINK_V_T.PMPDCPPKTTRANSUL5QI_7,0)+IFNULL(PM_S1ULINK_V_T.PMPDCPPKTTRANSUL5QI_8,0)+IFNULL(PM_S1ULINK_V_T.PMPDCPPKTTRANSUL5QI_9,0))),0),2);;;;PM_S1ULINK_V_T,PM_RPUSERPLANELINK_V_T_INTERNAL,PM_RPUSERPLANELINK_V_T_EXTERNAL,PM_X2UTERMINATION_V;;;
WIRELESS;MEX;ERICSSON;RAN_5G;PM;;NRNODE;NSA_PKTLOSS_PDCP_NR_5GENDC_5GLEG_NUM;NSA_PKTLOSS_PDCP_NR_5GENDC_5GLEG_NUM;;;;;;;;;;;;;;;;no;SUM(IFNULL(PM_S1ULINK_V_T.PMPDCPPKTRECDLDISC5QI_1,0)+IFNULL(PM_S1ULINK_V_T.PMPDCPPKTRECDLDISC5QI_2,0)+IFNULL(PM_S1ULINK_V_T.PMPDCPPKTRECDLDISC5QI_3,0)+IFNULL(PM_S1ULINK_V_T.PMPDCPPKTRECDLDISC5QI_4,0)+IFNULL(PM_S1ULINK_V_T.PMPDCPPKTRECDLDISC5QI_5,0)+IFNULL(PM_S1ULINK_V_T.PMPDCPPKTRECDLDISC5QI_6,0)+IFNULL(PM_S1ULINK_V_T.PMPDCPPKTRECDLDISC5QI_7,0)+IFNULL(PM_S1ULINK_V_T.PMPDCPPKTRECDLDISC5QI_8,0)+IFNULL(PM_S1ULINK_V_T.PMPDCPPKTRECDLDISC5QI_9,0)+IFNULL(PM_RPUSERPLANELINK_V_T_INTERNAL.PMPDCPPKTTRANSDLDISCQOS_1,0)+IFNULL(PM_RPUSERPLANELINK_V_T_EXTERNAL.PMPDCPPKTTRANSDLDISCQOS_1,0)+IFNULL(PM_RPUSERPLANELINK_V_T_INTERNAL.PMPDCPPKTTRANSDLDISCQOS_2,0)+IFNULL(PM_RPUSERPLANELINK_V_T_EXTERNAL.PMPDCPPKTTRANSDLDISCQOS_2,0)+IFNULL(PM_RPUSERPLANELINK_V_T_INTERNAL.PMPDCPPKTTRANSDLDISCQOS_3,0)+IFNULL(PM_RPUSERPLANELINK_V_T_EXTERNAL.PMPDCPPKTTRANSDLDISCQOS_3,0)+IFNULL(PM_RPUSERPLANELINK_V_T_INTERNAL.PMPDCPPKTTRANSDLDISCQOS_4,0)+IFNULL(PM_RPUSERPLANELINK_V_T_EXTERNAL.PMPDCPPKTTRANSDLDISCQOS_4,0)+IFNULL(PM_RPUSERPLANELINK_V_T_INTERNAL.PMPDCPPKTTRANSDLDISCQOS_5,0)+IFNULL(PM_RPUSERPLANELINK_V_T_EXTERNAL.PMPDCPPKTTRANSDLDISCQOS_5,0)+IFNULL(PM_RPUSERPLANELINK_V_T_INTERNAL.PMPDCPPKTTRANSDLDISCQOS_6,0)+IFNULL(PM_RPUSERPLANELINK_V_T_EXTERNAL.PMPDCPPKTTRANSDLDISCQOS_6,0)+IFNULL(PM_RPUSERPLANELINK_V_T_INTERNAL.PMPDCPPKTTRANSDLDISCQOS_7,0)+IFNULL(PM_RPUSERPLANELINK_V_T_EXTERNAL.PMPDCPPKTTRANSDLDISCQOS_7,0)+IFNULL(PM_RPUSERPLANELINK_V_T_INTERNAL.PMPDCPPKTTRANSDLDISCQOS_8,0)+IFNULL(PM_RPUSERPLANELINK_V_T_EXTERNAL.PMPDCPPKTTRANSDLDISCQOS_8,0)+IFNULL(PM_RPUSERPLANELINK_V_T_INTERNAL.PMPDCPPKTTRANSDLDISCQOS_9,0)+IFNULL(PM_RPUSERPLANELINK_V_T_EXTERNAL.PMPDCPPKTTRANSDLDISCQOS_9,0)+IFNULL(PM_X2UTERMINATION_V.PMPDCPPKTFWDRECDLDISCQOS_1,0)+IFNULL(PM_X2UTERMINATION_V.PMPDCPPKTFWDRECDLDISCQOS_2,0)+IFNULL(PM_X2UTERMINATION_V.PMPDCPPKTFWDRECDLDISCQOS_3,0)+IFNULL(PM_X2UTERMINATION_V.PMPDCPPKTFWDRECDLDISCQOS_4,0)+IFNULL(PM_X2UTERMINATION_V.PMPDCPPKTFWDRECDLDISCQOS_5,0)+IFNULL(PM_X2UTERMINATION_V.PMPDCPPKTFWDRECDLDISCQOS_6,0)+IFNULL(PM_X2UTERMINATION_V.PMPDCPPKTFWDRECDLDISCQOS_7,0)+IFNULL(PM_X2UTERMINATION_V.PMPDCPPKTFWDRECDLDISCQOS_8,0)+IFNULL(PM_X2UTERMINATION_V.PMPDCPPKTFWDRECDLDISCQOS_9,0)+IFNULL(PM_RPUSERPLANELINK_V_T_INTERNAL.PMPDCPPKTRECULQOS_1,0)+IFNULL(PM_RPUSERPLANELINK_V_T_EXTERNAL.PMPDCPPKTRECULQOS_1,0)+IFNULL(PM_RPUSERPLANELINK_V_T_INTERNAL.PMPDCPPKTRECULQOS_2,0)+IFNULL(PM_RPUSERPLANELINK_V_T_EXTERNAL.PMPDCPPKTRECULQOS_2,0)+IFNULL(PM_RPUSERPLANELINK_V_T_INTERNAL.PMPDCPPKTRECULQOS_3,0)+IFNULL(PM_RPUSERPLANELINK_V_T_EXTERNAL.PMPDCPPKTRECULQOS_3,0)+IFNULL(PM_RPUSERPLANELINK_V_T_INTERNAL.PMPDCPPKTRECULQOS_4,0)+IFNULL(PM_RPUSERPLANELINK_V_T_EXTERNAL.PMPDCPPKTRECULQOS_4,0)+IFNULL(PM_RPUSERPLANELINK_V_T_INTERNAL.PMPDCPPKTRECULQOS_5,0)+IFNULL(PM_RPUSERPLANELINK_V_T_EXTERNAL.PMPDCPPKTRECULQOS_5,0)+IFNULL(PM_RPUSERPLANELINK_V_T_INTERNAL.PMPDCPPKTRECULQOS_6,0)+IFNULL(PM_RPUSERPLANELINK_V_T_EXTERNAL.PMPDCPPKTRECULQOS_6,0)+IFNULL(PM_RPUSERPLANELINK_V_T_INTERNAL.PMPDCPPKTRECULQOS_7,0)+IFNULL(PM_RPUSERPLANELINK_V_T_EXTERNAL.PMPDCPPKTRECULQOS_7,0)+IFNULL(PM_RPUSERPLANELINK_V_T_INTERNAL.PMPDCPPKTRECULQOS_8,0)+IFNULL(PM_RPUSERPLANELINK_V_T_EXTERNAL.PMPDCPPKTRECULQOS_8,0)+IFNULL(PM_RPUSERPLANELINK_V_T_INTERNAL.PMPDCPPKTRECULQOS_9,0)+IFNULL(PM_RPUSERPLANELINK_V_T_EXTERNAL.PMPDCPPKTRECULQOS_9,0)-IFNULL(PM_RPUSERPLANELINK_V_T_INTERNAL.PMPDCPPKTLOSSULTODISCQOS_1,0)-IFNULL(PM_RPUSERPLANELINK_V_T_EXTERNAL.PMPDCPPKTLOSSULTODISCQOS_1,0)-IFNULL(PM_RPUSERPLANELINK_V_T_INTERNAL.PMPDCPPKTLOSSULTODISCQOS_2,0)-IFNULL(PM_RPUSERPLANELINK_V_T_EXTERNAL.PMPDCPPKTLOSSULTODISCQOS_2,0)-IFNULL(PM_RPUSERPLANELINK_V_T_INTERNAL.PMPDCPPKTLOSSULTODISCQOS_3,0)-IFNULL(PM_RPUSERPLANELINK_V_T_EXTERNAL.PMPDCPPKTLOSSULTODISCQOS_3,0)-IFNULL(PM_RPUSERPLANELINK_V_T_INTERNAL.PMPDCPPKTLOSSULTODISCQOS_4,0)-IFNULL(PM_RPUSERPLANELINK_V_T_EXTERNAL.PMPDCPPKTLOSSULTODISCQOS_4,0)-IFNULL(PM_RPUSERPLANELINK_V_T_INTERNAL.PMPDCPPKTLOSSULTODISCQOS_5,0)-IFNULL(PM_RPUSERPLANELINK_V_T_EXTERNAL.PMPDCPPKTLOSSULTODISCQOS_5,0)-IFNULL(PM_RPUSERPLANELINK_V_T_INTERNAL.PMPDCPPKTLOSSULTODISCQOS_6,0)-IFNULL(PM_RPUSERPLANELINK_V_T_EXTERNAL.PMPDCPPKTLOSSULTODISCQOS_6,0)-IFNULL(PM_RPUSERPLANELINK_V_T_INTERNAL.PMPDCPPKTLOSSULTODISCQOS_7,0)-IFNULL(PM_RPUSERPLANELINK_V_T_EXTERNAL.PMPDCPPKTLOSSULTODISCQOS_7,0)-IFNULL(PM_RPUSERPLANELINK_V_T_INTERNAL.PMPDCPPKTLOSSULTODISCQOS_8,0)-IFNULL(PM_RPUSERPLANELINK_V_T_EXTERNAL.PMPDCPPKTLOSSULTODISCQOS_8,0)-IFNULL(PM_RPUSERPLANELINK_V_T_INTERNAL.PMPDCPPKTLOSSULTODISCQOS_9,0)-IFNULL(PM_RPUSERPLANELINK_V_T_EXTERNAL.PMPDCPPKTLOSSULTODISCQOS_9,0)+IFNULL(PM_RPUSERPLANELINK_V_T_INTERNAL.PMPDCPPKTLOSSULTOQOS_1,0)+IFNULL(PM_RPUSERPLANELINK_V_T_EXTERNAL.PMPDCPPKTLOSSULTOQOS_1,0)+IFNULL(PM_RPUSERPLANELINK_V_T_INTERNAL.PMPDCPPKTLOSSULTOQOS_2,0)+IFNULL(PM_RPUSERPLANELINK_V_T_EXTERNAL.PMPDCPPKTLOSSULTOQOS_2,0)+IFNULL(PM_RPUSERPLANELINK_V_T_INTERNAL.PMPDCPPKTLOSSULTOQOS_3,0)+IFNULL(PM_RPUSERPLANELINK_V_T_EXTERNAL.PMPDCPPKTLOSSULTOQOS_3,0)+IFNULL(PM_RPUSERPLANELINK_V_T_INTERNAL.PMPDCPPKTLOSSULTOQOS_4,0)+IFNULL(PM_RPUSERPLANELINK_V_T_EXTERNAL.PMPDCPPKTLOSSULTOQOS_4,0)+IFNULL(PM_RPUSERPLANELINK_V_T_INTERNAL.PMPDCPPKTLOSSULTOQOS_5,0)+IFNULL(PM_RPUSERPLANELINK_V_T_EXTERNAL.PMPDCPPKTLOSSULTOQOS_5,0)+IFNULL(PM_RPUSERPLANELINK_V_T_INTERNAL.PMPDCPPKTLOSSULTOQOS_6,0)+IFNULL(PM_RPUSERPLANELINK_V_T_EXTERNAL.PMPDCPPKTLOSSULTOQOS_6,0)+IFNULL(PM_RPUSERPLANELINK_V_T_INTERNAL.PMPDCPPKTLOSSULTOQOS_7,0)+IFNULL(PM_RPUSERPLANELINK_V_T_EXTERNAL.PMPDCPPKTLOSSULTOQOS_7,0)+IFNULL(PM_RPUSERPLANELINK_V_T_INTERNAL.PMPDCPPKTLOSSULTOQOS_8,0)+IFNULL(PM_RPUSERPLANELINK_V_T_EXTERNAL.PMPDCPPKTLOSSULTOQOS_8,0)+IFNULL(PM_RPUSERPLANELINK_V_T_INTERNAL.PMPDCPPKTLOSSULTOQOS_9,0)+IFNULL(PM_RPUSERPLANELINK_V_T_EXTERNAL.PMPDCPPKTLOSSULTOQOS_9,0)-IFNULL(PM_S1ULINK_V_T.PMPDCPPKTTRANSUL5QI_1,0)-IFNULL(PM_S1ULINK_V_T.PMPDCPPKTTRANSUL5QI_2,0)-IFNULL(PM_S1ULINK_V_T.PMPDCPPKTTRANSUL5QI_3,0)-IFNULL(PM_S1ULINK_V_T.PMPDCPPKTTRANSUL5QI_4,0)-IFNULL(PM_S1ULINK_V_T.PMPDCPPKTTRANSUL5QI_5,0)-IFNULL(PM_S1ULINK_V_T.PMPDCPPKTTRANSUL5QI_6,0)-IFNULL(PM_S1ULINK_V_T.PMPDCPPKTTRANSUL5QI_7,0)-IFNULL(PM_S1ULINK_V_T.PMPDCPPKTTRANSUL5QI_8,0)-IFNULL(PM_S1ULINK_V_T.PMPDCPPKTTRANSUL5QI_9,0));;;;PM_S1ULINK_V_T,PM_RPUSERPLANELINK_V_T_INTERNAL,PM_RPUSERPLANELINK_V_T_EXTERNAL,PM_X2UTERMINATION_V;;;
WIRELESS;MEX;ERICSSON;RAN_5G;PM;;NRNODE;NSA_PKTLOSS_PDCP_NR_5GENDC_5GLEG_DEN;NSA_PKTLOSS_PDCP_NR_5GENDC_5GLEG_DEN;;;;;;;;;;;;;;;;no;(SUM(IFNULL(PM_S1ULINK_V_T.PMPDCPPKTRECDL5QI_1,0)+IFNULL(PM_S1ULINK_V_T.PMPDCPPKTRECDL5QI_2,0)+IFNULL(PM_S1ULINK_V_T.PMPDCPPKTRECDL5QI_3,0)+IFNULL(PM_S1ULINK_V_T.PMPDCPPKTRECDL5QI_4,0)+IFNULL(PM_S1ULINK_V_T.PMPDCPPKTRECDL5QI_5,0)+IFNULL(PM_S1ULINK_V_T.PMPDCPPKTRECDL5QI_6,0)+IFNULL(PM_S1ULINK_V_T.PMPDCPPKTRECDL5QI_7,0)+IFNULL(PM_S1ULINK_V_T.PMPDCPPKTRECDL5QI_8,0)+IFNULL(PM_S1ULINK_V_T.PMPDCPPKTRECDL5QI_9,0)+IFNULL(PM_X2UTERMINATION_V.PMPDCPPKTFWDRECDLQOS_1,0)+IFNULL(PM_X2UTERMINATION_V.PMPDCPPKTFWDRECDLQOS_2,0)+IFNULL(PM_X2UTERMINATION_V.PMPDCPPKTFWDRECDLQOS_3,0)+IFNULL(PM_X2UTERMINATION_V.PMPDCPPKTFWDRECDLQOS_4,0)+IFNULL(PM_X2UTERMINATION_V.PMPDCPPKTFWDRECDLQOS_5,0)+IFNULL(PM_X2UTERMINATION_V.PMPDCPPKTFWDRECDLQOS_6,0)+IFNULL(PM_X2UTERMINATION_V.PMPDCPPKTFWDRECDLQOS_7,0)+IFNULL(PM_X2UTERMINATION_V.PMPDCPPKTFWDRECDLQOS_8,0)+IFNULL(PM_X2UTERMINATION_V.PMPDCPPKTFWDRECDLQOS_9,0))+2*(SUM(IFNULL(PM_RPUSERPLANELINK_V_T_INTERNAL.PMPDCPPKTRECULQOS_1,0)+IFNULL(PM_RPUSERPLANELINK_V_T_EXTERNAL.PMPDCPPKTRECULQOS_1,0)+IFNULL(PM_RPUSERPLANELINK_V_T_INTERNAL.PMPDCPPKTRECULQOS_2,0)+IFNULL(PM_RPUSERPLANELINK_V_T_EXTERNAL.PMPDCPPKTRECULQOS_2,0)+IFNULL(PM_RPUSERPLANELINK_V_T_INTERNAL.PMPDCPPKTRECULQOS_3,0)+IFNULL(PM_RPUSERPLANELINK_V_T_EXTERNAL.PMPDCPPKTRECULQOS_3,0)+IFNULL(PM_RPUSERPLANELINK_V_T_INTERNAL.PMPDCPPKTRECULQOS_4,0)+IFNULL(PM_RPUSERPLANELINK_V_T_EXTERNAL.PMPDCPPKTRECULQOS_4,0)+IFNULL(PM_RPUSERPLANELINK_V_T_INTERNAL.PMPDCPPKTRECULQOS_5,0)+IFNULL(PM_RPUSERPLANELINK_V_T_EXTERNAL.PMPDCPPKTRECULQOS_5,0)+IFNULL(PM_RPUSERPLANELINK_V_T_INTERNAL.PMPDCPPKTRECULQOS_6,0)+IFNULL(PM_RPUSERPLANELINK_V_T_EXTERNAL.PMPDCPPKTRECULQOS_6,0)+IFNULL(PM_RPUSERPLANELINK_V_T_INTERNAL.PMPDCPPKTRECULQOS_7,0)+IFNULL(PM_RPUSERPLANELINK_V_T_EXTERNAL.PMPDCPPKTRECULQOS_7,0)+IFNULL(PM_RPUSERPLANELINK_V_T_INTERNAL.PMPDCPPKTRECULQOS_8,0)+IFNULL(PM_RPUSERPLANELINK_V_T_EXTERNAL.PMPDCPPKTRECULQOS_8,0)+IFNULL(PM_RPUSERPLANELINK_V_T_INTERNAL.PMPDCPPKTRECULQOS_9,0)+IFNULL(PM_RPUSERPLANELINK_V_T_EXTERNAL.PMPDCPPKTRECULQOS_9,0)-IFNULL(PM_RPUSERPLANELINK_V_T_INTERNAL.PMPDCPPKTLOSSULTODISCQOS_1,0)-IFNULL(PM_RPUSERPLANELINK_V_T_EXTERNAL.PMPDCPPKTLOSSULTODISCQOS_1,0)-IFNULL(PM_RPUSERPLANELINK_V_T_INTERNAL.PMPDCPPKTLOSSULTODISCQOS_2,0)-IFNULL(PM_RPUSERPLANELINK_V_T_EXTERNAL.PMPDCPPKTLOSSULTODISCQOS_2,0)-IFNULL(PM_RPUSERPLANELINK_V_T_INTERNAL.PMPDCPPKTLOSSULTODISCQOS_3,0)-IFNULL(PM_RPUSERPLANELINK_V_T_EXTERNAL.PMPDCPPKTLOSSULTODISCQOS_3,0)-IFNULL(PM_RPUSERPLANELINK_V_T_INTERNAL.PMPDCPPKTLOSSULTODISCQOS_4,0)-IFNULL(PM_RPUSERPLANELINK_V_T_EXTERNAL.PMPDCPPKTLOSSULTODISCQOS_4,0)-IFNULL(PM_RPUSERPLANELINK_V_T_INTERNAL.PMPDCPPKTLOSSULTODISCQOS_5,0)-IFNULL(PM_RPUSERPLANELINK_V_T_EXTERNAL.PMPDCPPKTLOSSULTODISCQOS_5,0)-IFNULL(PM_RPUSERPLANELINK_V_T_INTERNAL.PMPDCPPKTLOSSULTODISCQOS_6,0)-IFNULL(PM_RPUSERPLANELINK_V_T_EXTERNAL.PMPDCPPKTLOSSULTODISCQOS_6,0)-IFNULL(PM_RPUSERPLANELINK_V_T_INTERNAL.PMPDCPPKTLOSSULTODISCQOS_7,0)-IFNULL(PM_RPUSERPLANELINK_V_T_EXTERNAL.PMPDCPPKTLOSSULTODISCQOS_7,0)-IFNULL(PM_RPUSERPLANELINK_V_T_INTERNAL.PMPDCPPKTLOSSULTODISCQOS_8,0)-IFNULL(PM_RPUSERPLANELINK_V_T_EXTERNAL.PMPDCPPKTLOSSULTODISCQOS_8,0)-IFNULL(PM_RPUSERPLANELINK_V_T_INTERNAL.PMPDCPPKTLOSSULTODISCQOS_9,0)-IFNULL(PM_RPUSERPLANELINK_V_T_EXTERNAL.PMPDCPPKTLOSSULTODISCQOS_9,0)+IFNULL(PM_RPUSERPLANELINK_V_T_INTERNAL.PMPDCPPKTLOSSULTOQOS_1,0)+IFNULL(PM_RPUSERPLANELINK_V_T_EXTERNAL.PMPDCPPKTLOSSULTOQOS_1,0)+IFNULL(PM_RPUSERPLANELINK_V_T_INTERNAL.PMPDCPPKTLOSSULTOQOS_2,0)+IFNULL(PM_RPUSERPLANELINK_V_T_EXTERNAL.PMPDCPPKTLOSSULTOQOS_2,0)+IFNULL(PM_RPUSERPLANELINK_V_T_INTERNAL.PMPDCPPKTLOSSULTOQOS_3,0)+IFNULL(PM_RPUSERPLANELINK_V_T_EXTERNAL.PMPDCPPKTLOSSULTOQOS_3,0)+IFNULL(PM_RPUSERPLANELINK_V_T_INTERNAL.PMPDCPPKTLOSSULTOQOS_4,0)+IFNULL(PM_RPUSERPLANELINK_V_T_EXTERNAL.PMPDCPPKTLOSSULTOQOS_4,0)+IFNULL(PM_RPUSERPLANELINK_V_T_INTERNAL.PMPDCPPKTLOSSULTOQOS_5,0)+IFNULL(PM_RPUSERPLANELINK_V_T_EXTERNAL.PMPDCPPKTLOSSULTOQOS_5,0)+IFNULL(PM_RPUSERPLANELINK_V_T_INTERNAL.PMPDCPPKTLOSSULTOQOS_6,0)+IFNULL(PM_RPUSERPLANELINK_V_T_EXTERNAL.PMPDCPPKTLOSSULTOQOS_6,0)+IFNULL(PM_RPUSERPLANELINK_V_T_INTERNAL.PMPDCPPKTLOSSULTOQOS_7,0)+IFNULL(PM_RPUSERPLANELINK_V_T_EXTERNAL.PMPDCPPKTLOSSULTOQOS_7,0)+IFNULL(PM_RPUSERPLANELINK_V_T_INTERNAL.PMPDCPPKTLOSSULTOQOS_8,0)+IFNULL(PM_RPUSERPLANELINK_V_T_EXTERNAL.PMPDCPPKTLOSSULTOQOS_8,0)+IFNULL(PM_RPUSERPLANELINK_V_T_INTERNAL.PMPDCPPKTLOSSULTOQOS_9,0)+IFNULL(PM_RPUSERPLANELINK_V_T_EXTERNAL.PMPDCPPKTLOSSULTOQOS_9,0)))-SUM(IFNULL(PM_RPUSERPLANELINK_V_T_INTERNAL.PMPDCPPKTLOSSULQOS_1,0)+IFNULL(PM_RPUSERPLANELINK_V_T_EXTERNAL.PMPDCPPKTLOSSULQOS_1,0)+IFNULL(PM_RPUSERPLANELINK_V_T_INTERNAL.PMPDCPPKTLOSSULQOS_2,0)+IFNULL(PM_RPUSERPLANELINK_V_T_EXTERNAL.PMPDCPPKTLOSSULQOS_2,0)+IFNULL(PM_RPUSERPLANELINK_V_T_INTERNAL.PMPDCPPKTLOSSULQOS_3,0)+IFNULL(PM_RPUSERPLANELINK_V_T_EXTERNAL.PMPDCPPKTLOSSULQOS_3,0)+IFNULL(PM_RPUSERPLANELINK_V_T_INTERNAL.PMPDCPPKTLOSSULQOS_4,0)+IFNULL(PM_RPUSERPLANELINK_V_T_EXTERNAL.PMPDCPPKTLOSSULQOS_4,0)+IFNULL(PM_RPUSERPLANELINK_V_T_INTERNAL.PMPDCPPKTLOSSULQOS_5,0)+IFNULL(PM_RPUSERPLANELINK_V_T_EXTERNAL.PMPDCPPKTLOSSULQOS_5,0)+IFNULL(PM_RPUSERPLANELINK_V_T_INTERNAL.PMPDCPPKTLOSSULQOS_6,0)+IFNULL(PM_RPUSERPLANELINK_V_T_EXTERNAL.PMPDCPPKTLOSSULQOS_6,0)+IFNULL(PM_RPUSERPLANELINK_V_T_INTERNAL.PMPDCPPKTLOSSULQOS_7,0)+IFNULL(PM_RPUSERPLANELINK_V_T_EXTERNAL.PMPDCPPKTLOSSULQOS_7,0)+IFNULL(PM_RPUSERPLANELINK_V_T_INTERNAL.PMPDCPPKTLOSSULQOS_8,0)+IFNULL(PM_RPUSERPLANELINK_V_T_EXTERNAL.PMPDCPPKTLOSSULQOS_8,0)+IFNULL(PM_RPUSERPLANELINK_V_T_INTERNAL.PMPDCPPKTLOSSULQOS_9,0)+IFNULL(PM_RPUSERPLANELINK_V_T_EXTERNAL.PMPDCPPKTLOSSULQOS_9,0)+IFNULL(PM_S1ULINK_V_T.PMPDCPPKTTRANSUL5QI_1,0)+IFNULL(PM_S1ULINK_V_T.PMPDCPPKTTRANSUL5QI_2,0)+IFNULL(PM_S1ULINK_V_T.PMPDCPPKTTRANSUL5QI_3,0)+IFNULL(PM_S1ULINK_V_T.PMPDCPPKTTRANSUL5QI_4,0)+IFNULL(PM_S1ULINK_V_T.PMPDCPPKTTRANSUL5QI_5,0)+IFNULL(PM_S1ULINK_V_T.PMPDCPPKTTRANSUL5QI_6,0)+IFNULL(PM_S1ULINK_V_T.PMPDCPPKTTRANSUL5QI_7,0)+IFNULL(PM_S1ULINK_V_T.PMPDCPPKTTRANSUL5QI_8,0)+IFNULL(PM_S1ULINK_V_T.PMPDCPPKTTRANSUL5QI_9,0)));;;;PM_S1ULINK_V_T,PM_X2UTERMINATION_V,PM_RPUSERPLANELINK_V_T_INTERNAL,PM_RPUSERPLANELINK_V_T_EXTERNAL;;;
WIRELESS;MEX;HUAWEI;RAN_3G;PM;MOBILITY;UCELL;;IRAT_LEAKAGE;;;;;;percentage;;2;%;;0 to 100;;;;;yes;IRAT_LEAKAGE_NUM/RAB_SUCCESS_CS*100;;;;PM_INTRAT_HO_CELL,PM_RAB_ESTABCS_CELL;;;
WIRELESS;MEX;HUAWEI;RAN_3G;PM;MOBILITY;UCELL;;IRAT_LEAKAGE_NUM;;;;;;integer;;0;;;;;;;;no;SUM(PM_INTRAT_HO_CELL.IRATHO_SUCCOUTCS);;;;PM_INTRAT_HO_CELL;;;
WIRELESS;MEX;HUAWEI;RAN_3G;PM;MOBILITY;UCELL;RAB_SUCCESS_CS;IRAT_LEAKAGE_DENOM;;RAB_SUCCESS_CS=IRAT_LEAKAGE_DENOM. ;;;;integer;;0;;;;;;;;no;SUM(PM_RAB_ESTABCS_CELL.VS_RAB_SUCCESTABCS_CONV+PM_RAB_ESTABCS_CELL.VS_RAB_SUCCESTABCS_STR);;;;PM_RAB_ESTABCS_CELL;;;
WIRELESS;MEX;HUAWEI;RAN_3G;PM;;UCELL;;AVAILABILITY;;;;;;percentage;;2;%;;0 to 100;;;;;no;ROUND(100-IFNULL((SUM(PM_ALGO_CELL.VS_CELL_UNAVAILTIME_SYS+PM_ALGO_CELL.VS_CELL_UNAVAILTIME))*100/(86400*COUNT(1)),0),2);;;;PM_ALGO_CELL;;;
WIRELESS;MEX;ERICSSON;RAN_3G;PM;;UCELL;;AVAILABILITY_CELL;;;;;;percentage;;2;%;;0 to 100;;;;;no;ROUND(100-(100*SUM(PM_UTRANCELL.PMCELLDOWNTIMEAUTO+PM_UTRANCELL.PMCELLDOWNTIMEMAN)/(24*3600*COUNT(1))),2);;;;PM_UTRANCELL;;;
WIRELESS;MEX;ERICSSON;RAN_3G;PM;;UCELL;;AVAILABILITY_CELL_ROP;;;;;;percentage;;2;%;;0 to 100;;;;;no;ROUND(100-(100*SUM(PM_UTRANCELL.PMCELLDOWNTIMEAUTO+PM_UTRANCELL.PMCELLDOWNTIMEMAN)/(15*60*COUNT(1))),2);;;;PM_UTRANCELL;;;
WIRELESS;MEX;NOKIA;RAN_3G;PM;;UCELL;;AVAILABILITY_CELL;;;;;;percentage;;2;%;;0 to 100;;;;;no;ROUND(IFNULL(100*SUM(IFNULL(PM_CELL_RESOURCE.AVAIL_WCELL_IN_WO_STATE,0))/SUM(IFNULL(PM_CELL_RESOURCE.AVAIL_WCELL_EXISTS_IN_RNW_DB,0)-IFNULL(PM_CELL_RESOURCE.AVAIL_WCELL_BLOCKED_BY_USER,0)),0),2);;;;PM_CELL_RESOURCE;;;
WIRELESS;MEX;HUAWEI;RAN_3G;PM;;UCELL;;HSUPA_THROUGHPUT_Mbps;;;;;;float;;2;;;;;;;;no;IFNULL(ROUND(AVG(PM_HSUPA_CELL.VS_HSUPA_MEANCHTHROUGHPUT)/1024,2),0);;;;PM_HSUPA_CELL;;;
WIRELESS;MEX;HUAWEI;RAN_3G;PM;;UCELL;;HSUPA_THROUGHPUT;;;;;;float;;2;;;;;;;;no;IFNULL(AVG(PM_HSUPA_CELL.VS_HSUPA_MEANCHTHROUGHPUT),0);;;;PM_HSUPA_CELL;;;
WIRELESS;MEX;HUAWEI;RAN_3G;PM;;UCELL;;HSUPA_RAB_SETUP_SUCCESS_RATE;;;;;;percentage;;2;%;;0 to 100;;;;;no;IFNULL(ROUND(SUM(PM_HSUPA_CELL.VS_HSUPA_RAB_SUCCESTAB)/SUM(PM_HSUPA_CELL.VS_HSUPA_RAB_ATTESTAB)*100,2),0);;;;PM_HSUPA_CELL;;;
WIRELESS;MEX;HUAWEI;RAN_3G;PM;;UCELL;;ISDR;;;;;;percentage;;2;%;;0 to 100;;;;;yes;ISDR_NUM/RAB_ATT_CS*100;;;;PM_INTRAT_HO_CELL,PM_RAB_ESTABCS_CELL;;;
WIRELESS;MEX;HUAWEI;RAN_3G;PM;;UCELL;;ISDR_NUM;;;;;;integer;;0;;;;;;;;no;SUM(PM_INTRAT_HO_CELL.VS_IRATHO_SUCCOUTCS_DR);;;;PM_INTRAT_HO_CELL;;;
WIRELESS;MEX;HUAWEI;RAN_3G;PM;;UCELL;;ISDR_DENOM;;ISDR_DENOM=RAB_ATT_CS;;;;integer;;0;;;;;;;;no;SUM(PM_RAB_ESTABCS_CELL.VS_RAB_ATTESTABCS_CONV+PM_RAB_ESTABCS_CELL.VS_RAB_ATTESTABCS_STR);;;;PM_RAB_ESTABCS_CELL;;;
WIRELESS;MEX;HUAWEI;RAN_3G;PM;;UCELL;;CSFB_ACCESSIBILITY_RAB;;;;;;percentage;;2;%;;0 to 100;;;;;no;IFNULL(ROUND(sum(PM_RAB_ESTABCS_CELL.VS_RAB_SUCCESTABCS_CSFB_REDIR)/sum(PM_RAB_ESTABCS_CELL.VS_RAB_ATTESTABCS_CSFB_REDIR)*100,2),0);;;;PM_RAB_ESTABCS_CELL;;;
WIRELESS;MEX;HUAWEI;RAN_3G;PM;;UCELL;;CSFB_ACCESSIBILITY_RRC;;;;;;percentage;;2;%;;0 to 100;;;;;no;IFNULL(ROUND(sum(PM_RRC_SETUP_CELL.VS_RRC_SUCCCONNESTAB_CSFB)/sum(PM_RRC_SETUP_CELL.VS_RRC_ATTCONNESTAB_CSFB)*100,2),0);;;;PM_RRC_SETUP_CELL;;;
WIRELESS;MEX;HUAWEI;RAN_3G;PM;;UCELL;;CSFB_DCR;;;;;;percentage;;2;%;;0 to 100;;;;;no;IFNULL(ROUND(sum(PM_RAB_RELABNORMAL_CELL.VS_RAB_ABNORMREL_CS_CSFB)/sum(PM_RAB_RELABNORMAL_CELL.VS_RAB_ABNORMREL_CS_CSFB+PM_RAB_RELABNORMAL_CELL.VS_RAB_NORMREL_CS_CSFB)*100,2),0);;;;PM_RAB_RELABNORMAL_CELL;;;
WIRELESS;MEX;HUAWEI;RAN_3G;PM;;UCELL;RAB_ATTEMPTS_CS;CS_ATTEMPTS_RAB;;RAB_ATTEMPTS_CS=CS_ATTEMPTS_RAB=NAS_ATTEMPTS_CS=NAS_SUCCESS_CS. Número de intentos de establecimiento de RAB (Radio Access Bearer) para llamadas CS (Circuit Switched);;;;integer;;0;;;;;;;;yes;IFNULL(RAB_ATT_CS,0);;;;PM_RAB_ESTABCS_CELL;;;
WIRELESS;MEX;HUAWEI;RAN_3G;PM;;UCELL;RRC_ATTEMPTS_CS;CS_ATTEMPTS_RRC;Intentos RRC CS;RRC_ATTEMPTS_CS=CS_ATTEMPTS_RRC. Número total de intentos de establecimiento de conexión RRC (Radio Resource Control) para servicios Circuit Switched. Incluye intentos de RRC Setup por llamadas de voz: Originadas (MO), Terminadas (MT), Emergencias e incluye también los intentos vía Cell Update cuando el UE estaba en PCH;;;;integer;;0;;;;;;;;no;IFNULL(SUM(PM_RRC_SETUP_CELL.RRC_ATTCONNESTAB_ORGCONVCALL+PM_RRC_SETUP_CELL.RRC_ATTCONNESTAB_TMCONVCALL+PM_RRC_SETUP_CELL.RRC_ATTCONNESTAB_EMGCALL+PM_CELLUPDATE_CELL.VS_ATTCELLUPDT_ORGCONVCALL_PCH+PM_CELLUPDATE_CELL.VS_ATTCELLUPDT_TMCONVCALL_PCH+PM_CELLUPDATE_CELL.VS_ATTCELLUPDT_EMGCALL_PCH),0);;;;PM_RRC_SETUP_CELL,PM_CELLUPDATE_CELL;subnetwork,rbs,label;;
WIRELESS;MEX;HUAWEI;RAN_3G;PM;QoS;UCELL;;RAB_ATT_CS;;ISDR_DENOM=RAB_ATT_CS;;;;integer;;0;;;;;;;;no;SUM(PM_RAB_ESTABCS_CELL.VS_RAB_ATTESTABCS_CONV+PM_RAB_ESTABCS_CELL.VS_RAB_ATTESTABCS_STR);;;;PM_RAB_ESTABCS_CELL;;;
WIRELESS;MEX;HUAWEI;RAN_3G;PM;;UCELL;;RRC_ATT_CS;;Intentos de Conexión RRC para Voz.;;;;integer;;0;;;;;;;;no;sum(PM_RRC_SETUP_CELL.RRC_ATTCONNESTAB_EMGCALL+PM_RRC_SETUP_CELL.RRC_ATTCONNESTAB_ORGCONVCALL+PM_RRC_SETUP_CELL.RRC_ATTCONNESTAB_TMCONVCALL+PM_CELLUPDATE_CELL.VS_ATTCELLUPDT_ORGCONVCALL_PCH+PM_CELLUPDATE_CELL.VS_ATTCELLUPDT_EMGCALL_PCH+PM_CELLUPDATE_CELL.VS_ATTCELLUPDT_TMCONVCALL_PCH);;;;PM_RRC_SETUP_CELL,PM_CELLUPDATE_CELL;;;
WIRELESS;MEX;ERICSSON;RAN_3G;PM;;UCELL;;TOTAL_CALL_ACC;;;;;;float;;2;;;;;;;;yes;sum(PM_UTRANCELL.PMNORABESTABLISHATTEMPTSPEECH+IFNULL(PM_UTRANCELL.PMNODIRRETRYATT,0)+PM_UTRANCELL.PMNORABESTABLISHATTEMPTCS64)/((sum(PM_UTRANCELL.PMTOTNORRCCONNECTREQCSSUCC+PM_UTRANCELL.PMNOCELLUPDATESUCCMULTICS)/sum(PM_UTRANCELL.PMTOTNORRCCONNECTREQCS+PM_UTRANCELL.PMNOCELLUPDATEATTMULTICS-PM_UTRANCELL.PMNOLOADSHARINGRRCCONNCS))*(NAS_SUCCESS_CS/NAS_ATTEMPTS_CS));;;;PM_UTRANCELL;;;
WIRELESS;MEX;HUAWEI;RAN_3G;PM;;UCELL;;TOTAL_CALL_ACC;;;;;;float;;2;;;;;;;;yes;RAB_ATT_CS/(sum(PM_RRC_SETUP_CELL.RRC_SUCCCONNESTAB_ORGCONVCALL+PM_RRC_SETUP_CELL.RRC_SUCCCONNESTAB_TMCONVCALL+PM_RRC_SETUP_CELL.RRC_SUCCCONNESTAB_EMGCALL+PM_CELLUPDATE_CELL.VS_SUCCCELLUPDT_ORGCONVCALL_PCH+PM_CELLUPDATE_CELL.VS_SUCCCELLUPDT_EMGCALL_PCH+PM_CELLUPDATE_CELL.VS_SUCCCELLUPDT_TMCONVCALL_PCH)/RRC_ATT_CS);;;;PM_RAB_ESTABCS_CELL,PM_RRC_SETUP_CELL,PM_CELLUPDATE_CELL;;;
WIRELESS;MEX;NOKIA;RAN_3G;PM;;UCELL;;TOTAL_CALL_ACC;;;;;;float;;2;;;;;;;;yes;ROUND(IFNULL(RAB_ATTEMPTS_CS/(RRC_SUCCESS_CS/RRC_SUCCESS_CS),0),2);;;;PM_SERVICE_LEVEL,PM_RRC;;;
WIRELESS;MEX;ERICSSON;RAN_3G;PM;;UCELL;;TOTAL_CALL_RET;;;;;;integer;;0;;;;;;;;no;SUM(PM_UTRANCELL.PMNORABESTABLISHSUCCESSSPEECH+PM_UTRANCELL.PMNODIRRETRYSUCCESS+PM_UTRANCELL.PMNORABESTABLISHSUCCESSCS64);;;;PM_UTRANCELL;;;
WIRELESS;MEX;HUAWEI;RAN_3G;PM;;UCELL;DROP_DENOM_CS;TOTAL_CALL_RET;;TOTAL_CALL_RET=DROP_DENOM_CS.;;;;integer;;0;;;;;;;;no;SUM(PM_RAB_RELABNORMAL_CELL.VS_RAB_NORMREL_CS+PM_RAB_RELABNORMAL_CELL.VS_RAB_ABNORMREL_CS);;;;PM_RAB_RELABNORMAL_CELL;;;
WIRELESS;MEX;NOKIA;RAN_3G;PM;;UCELL;;TOTAL_CALL_RET;;;;;;integer;;0;;;;;;;;no;SUM(IFNULL(PM_SERVICE_LEVEL.RAB_ACT_FAIL_CS_VOICE_IU,0)+IFNULL(PM_SERVICE_LEVEL.RAB_ACT_FAIL_CS_VOICE_RADIO,0)+IFNULL(PM_SERVICE_LEVEL.RAB_ACT_FAIL_CS_VOICE_BTS,0)+IFNULL(PM_SERVICE_LEVEL.RAB_ACT_FAIL_CS_VOICE_IUR,0)+IFNULL(PM_SERVICE_LEVEL.RAB_ACT_FAIL_CS_VOICE_RNC,0)+IFNULL(PM_SERVICE_LEVEL.RAB_ACT_FAIL_CS_VOICE_UE,0)+IFNULL(PM_SERVICE_LEVEL.RAB_ACT_FAIL_CS_VOICE_TRANS,0)+IFNULL(PM_SERVICE_LEVEL.RAB_ACT_COMP_CS_VOICE,0)+IFNULL(PM_SERVICE_LEVEL.RAB_ACT_REL_CS_VOICE_SRNC,0)+IFNULL(PM_SERVICE_LEVEL.RAB_ACT_REL_CS_VOICE_P_EMP,0)+IFNULL(PM_SERVICE_LEVEL.RAB_ACT_REL_CS_VOICE_GANHO,0)+IFNULL(PM_SERVICE_LEVEL.RAB_ACT_REL_CS_VOICE_ISHO,0)+IFNULL(PM_SERVICE_LEVEL.RAB_ACT_REL_CS_VOICE_HHO,0));;;;PM_SERVICE_LEVEL;;;
WIRELESS;MEX;HUAWEI;RAN_3G;PM;;UCELL;;TOTAL_MBYTES;;;;;;float;;2;MB;;;;;;;no;IFNULL(ROUND((SUM(PM_HSDPA_CELL.VS_HSDPA_MEANCHTHROUGHPUT_TOTALBYTES+PM_HSUPA_CELL.VS_HSUPA_MEANCHTHROUGHPUT_TOTALBYTES))/1048576,3),0);;;;PM_HSDPA_CELL,PM_HSUPA_CELL;;;
WIRELESS;MEX;ERICSSON;RAN_3G;PM;QoS;UCELL;RAB_ATTEMPTS_PS;PS_RAB_ATTEMPTS;;RAB_ATTEMPTS_PS=PS_RAB_ATTEMPTS.;;;;integer;;0;;;;;;;;no;(SUM(PM_UTRANCELL.PMNORABESTABLISHATTEMPTPACKETINTERACTIVE)+SUM(IFNULL(PM_UTRANCELL.PMCHSWITCHATTEMPTURAHS,0))+SUM(IFNULL(PM_UTRANCELL.PMCHSWITCHATTEMPTURADCH,0))-SUM(IFNULL(PM_UTRANCELL_X.PMCHSWITCHATTEMPTURAHSCSINIT,0))-SUM(IFNULL(PM_UTRANCELL_X.PMCHSWITCHATTEMPTURADCHCSINIT,0)));;;;PM_UTRANCELL,PM_UTRANCELL_X;subnetwork,rbs,utrancell;;
WIRELESS;MEX;HUAWEI;RAN_3G;PM;QoS;UCELL;RAB_ATTEMPTS_PS;PS_ATTEMPTS_RAB;;RAB_ATTEMPTS_PS=PS_ATTEMPTS_RAB=NAS_ATTEMPTS_PS=NAS_SUCCESS_PS.;;;;integer;;0;;;;;;;;no;IFNULL((SUM(PM_RAB_ESTABPS_CELL.VS_RAB_ATTESTABPS_CONV+PM_RAB_ESTABPS_CELL.VS_RAB_ATTESTABPS_STR+PM_RAB_ESTABPS_CELL.VS_RAB_ATTESTABPS_INT+PM_RAB_ESTABPS_CELL.VS_RAB_ATTESTABPS_BKG+PM_ALGO2_CELL.VS_DCCC_ATT_F2D_AFTERP2F)),0);;;;PM_RAB_ESTABPS_CELL,PM_ALGO2_CELL;subnetwork,rbs,label;;
WIRELESS;MEX;ERICSSON;RAN_3G;PM;QoS;UCELL;RAB_SUCCESS_PS;PS_RAB_SUCCESS;;RAB_SUCCESS_PS=PS_RAB_SUCCESS. Número total de RAB PS establecidos con éxito, incluyendo intentos por tipo de tráfico y aquellos generados por movilidad/cambio de canal, excluyendo duplicidades con CS.;;;;integer;;0;;;;;;;;no;(SUM(PM_UTRANCELL.PMNORABESTABLISHSUCCESSPACKETINTERACTIVE)+SUM(IFNULL(PM_UTRANCELL.PMCHSWITCHSUCCURAHS,0))+SUM(IFNULL(PM_UTRANCELL.PMCHSWITCHSUCCURADCH,0))-SUM(IFNULL(PM_UTRANCELL_X.PMCHSWITCHSUCCURAHSCSINIT,0))-SUM(IFNULL(PM_UTRANCELL_X.PMCHSWITCHSUCCURADCHCSINIT,0)));;;;PM_UTRANCELL,PM_UTRANCELL_X;subnetwork,rbs,utrancell;;
WIRELESS;MEX;HUAWEI;RAN_3G;PM;QoS;UCELL;RAB_SUCCESS_PS;PS_SUCCESS_RAB;;RAB_SUCCESS_PS=PS_SUCCESS_RAB. Número total de RAB PS establecidos con éxito, incluyendo intentos por tipo de tráfico y aquellos generados por movilidad/cambio de canal, excluyendo duplicidades con CS.;;;;integer;;0;;;;;;;;no;IFNULL((SUM(PM_RAB_ESTABPS_CELL.VS_RAB_SUCCESTABPS_CONV+PM_RAB_ESTABPS_CELL.VS_RAB_SUCCESTABPS_STR+PM_RAB_ESTABPS_CELL.VS_RAB_SUCCESTABPS_INT+PM_RAB_ESTABPS_CELL.VS_RAB_SUCCESTABPS_BKG+PM_ALGO2_CELL.VS_DCCC_SUCC_F2D_AFTERP2F)),0);;;;PM_RAB_ESTABPS_CELL,PM_ALGO2_CELL;subnetwork,rbs,label;;
WIRELESS;MEX;ERICSSON;RAN_3G;PM;QoS;UCELL;RRC_ATTEMPTS_PS;PS_RRC_ATTEMPTS;Intentos RRC PS;RRC_ATTEMPTS_PS=PS_RRC_ATTEMPTS. Número de veces que se intentó establecer una conexión RRC para servicios de datos (PS). Es el primer paso en el proceso de acceso del usuario a la red para transmitir datos. Ajusta por load sharing;;;;integer;;0;;;;;;;;no;SUM(PM_UTRANCELL.PMTOTNORRCCONNECTREQPS)-SUM(PM_UTRANCELL.PMNOLOADSHARINGRRCCONNPS)+SUM(IFNULL(PM_UTRANCELL.PMCHSWITCHATTEMPTURAFACH,0));;;;PM_UTRANCELL;subnetwork,rbs,utrancell;;
WIRELESS;MEX;HUAWEI;RAN_3G;PM;QoS;UCELL;PS_RRC_ATTEMPTS;PS_ATTEMPTS_RRC;;;;;;;;;;;;;;;;no;IFNULL((SUM(PM_RRC_SETUP_CELL.RRC_ATTCONNESTAB_ORGBKGCALL+PM_RRC_SETUP_CELL.RRC_ATTCONNESTAB_ORGINTERCALL+PM_RRC_SETUP_CELL.RRC_ATTCONNESTAB_TMBKGCALL+PM_RRC_SETUP_CELL.RRC_ATTCONNESTAB_TMINTERCALL+PM_CELLUPDATE_CELL.VS_ATTCELLUPDT_PAGERSP+PM_CELLUPDATE_CELL.VS_ATTCELLUPDT_ULDATATRANS)-(SUM(PM_CELLUPDATE_CELL.VS_ATTCELLUPDT_ORGCONVCALL_PCH+PM_CELLUPDATE_CELL.VS_ATTCELLUPDT_TMCONVCALL_PCH+PM_CELLUPDATE_CELL.VS_ATTCELLUPDT_EMGCALL_PCH))+SUM(PM_RRC_SETUP_CELL.RRC_ATTCONNESTAB_ORGSTRCALL+PM_RRC_SETUP_CELL.RRC_ATTCONNESTAB_ORGSUBCALL+PM_RRC_SETUP_CELL.RRC_ATTCONNESTAB_TMSTRCALL+PM_RRC_SETUP_CELL.RRC_ATTCONNESTAB_UNKNOWN+PM_RRC_SETUP_CELL.RRC_ATTCONNESTAB_ORGHHPRSIG+PM_RRC_SETUP_CELL.RRC_ATTCONNESTAB_ORGLWPRSIG+PM_RRC_SETUP_CELL.RRC_ATTCONNESTAB_CALLREEST+PM_RRC_SETUP_CELL.RRC_ATTCONNESTAB_TMHHPRSIG+PM_RRC_SETUP_CELL.RRC_ATTCONNESTAB_TMLWPRSIG)),0);;;;PM_RRC_SETUP_CELL,PM_CELLUPDATE_CELL;;;
WIRELESS;MEX;NOKIA;RAN_3G;PM;QoS;UCELL;PS_RRC_ATTEMPTS;RRC_ATTEMPTS_PS;Intentos RRC PS;;;;;;;;;;;;;;;no;SUM(IFNULL(PM_SERVICE_LEVEL.MOC_INTER_CALL_ATTS,0)+IFNULL(PM_SERVICE_LEVEL.MOC_BACKG_CALL_ATTS,0)+IFNULL(PM_SERVICE_LEVEL.MOC_HIGH_PRIOR_SIGN_ATTS,0)+IFNULL(PM_SERVICE_LEVEL.MTC_INTER_CALL_ATTS,0)+IFNULL(PM_SERVICE_LEVEL.MTC_BACKG_CALL_ATTS,0)+IFNULL(PM_SERVICE_LEVEL.MTC_HIGH_PRIOR_SIGN_ATTS,0)-IFNULL(PM_SERVICE_LEVEL.RRC_ATT_REP_INTERACTIVE,0)-IFNULL(PM_SERVICE_LEVEL.RRC_ATT_REP_MO_INTERACTIVE,0)-IFNULL(PM_SERVICE_LEVEL.RRC_ATT_REP_MO_HIGH_PR_SIGN,0)-IFNULL(PM_SERVICE_LEVEL.RRC_ATT_REP_MO_BACKGROUND,0)-IFNULL(PM_SERVICE_LEVEL.RRC_ATT_REP_MT_BACKGROUND,0)-IFNULL(PM_SERVICE_LEVEL.RRC_ATT_REP_MT_HIGH_PR_SIGN,0)-IFNULL(PM_SERVICE_LEVEL.RRC_ACC_REL_INTERACTIVE,0)-IFNULL(PM_SERVICE_LEVEL.RRC_ACC_REL_MO_BACKGROUND,0)-IFNULL(PM_SERVICE_LEVEL.RRC_ACC_REL_MO_HIGH_PR_SIGN,0)-IFNULL(PM_SERVICE_LEVEL.RRC_ACC_REL_MO_INTERACTIVE,0)-IFNULL(PM_SERVICE_LEVEL.RRC_ACC_REL_MT_BACKGROUND,0)-IFNULL(PM_SERVICE_LEVEL.RRC_ACC_REL_MT_HIGH_PR_SIGN,0));;;;PM_SERVICE_LEVEL;;;
WIRELESS;MEX;ERICSSON;RAN_3G;PM;QoS;UCELL;RRC_SUCCESS_PS;PS_RRC_SUCCESS;;RRC_SUCCESS_PS=PS_RRC_SUCCESS. Total de RRC Connection Establishments exitosos en el dominio PS, incluyendo transiciones de canal y cell updates válidos. Cell Update es un procedimiento del RRC usado por el UE cuando está en estado CELL_FACH o CELL_PCH / URA_PCH y necesita informar cambios o pedir recursos.;;;;integer;;0;;;;;;;;no;(SUM(PM_UTRANCELL.PMTOTNORRCCONNECTREQPSSUCC)+SUM(IFNULL(PM_UTRANCELL.PMCHSWITCHSUCCURAFACH,0)));;;;PM_UTRANCELL;subnetwork,rbs,utrancell;;
WIRELESS;MEX;HUAWEI;RAN_3G;PM;QoS;UCELL;PS_RRC_SUCCESS;PS_SUCCESS_RRC;;;;;;;;;;;;;;;;no;IFNULL((SUM(PM_RRC_SETUP_CELL.RRC_SUCCCONNESTAB_ORGBKGCALL+PM_RRC_SETUP_CELL.RRC_SUCCCONNESTAB_ORGINTERCALL+PM_RRC_SETUP_CELL.RRC_SUCCCONNESTAB_TMBKGCALL+PM_RRC_SETUP_CELL.RRC_SUCCCONNESTAB_TMITRCALL+PM_CELLUPDATE_CELL.VS_SUCCCELLUPDT_PAGERSP+PM_CELLUPDATE_CELL.VS_SUCCCELLUPDT_ULDATATRANS)-(SUM(PM_CELLUPDATE_CELL.VS_SUCCCELLUPDT_ORGCONVCALL_PCH+PM_CELLUPDATE_CELL.VS_SUCCCELLUPDT_TMCONVCALL_PCH+PM_CELLUPDATE_CELL.VS_SUCCCELLUPDT_EMGCALL_PCH))+SUM(PM_RRC_SETUP_CELL.RRC_SUCCCONNESTAB_ORGSTRCALL+PM_RRC_SETUP_CELL.RRC_SUCCCONNESTAB_ORGSUBCALL+PM_RRC_SETUP_CELL.RRC_SUCCCONNESTAB_TMSTRCALL+PM_RRC_SETUP_CELL.RRC_SUCCCONNESTAB_UNKOWN+PM_RRC_SETUP_CELL.RRC_SUCCCONNESTAB_ORGHHPRSIG+PM_RRC_SETUP_CELL.RRC_SUCCCONNESTAB_ORGLWPRSIG+PM_RRC_SETUP_CELL.RRC_SUCCCONNESTAB_CALLREEST+PM_RRC_SETUP_CELL.RRC_SUCCCONNESTAB_TMHHPRSIG+PM_RRC_SETUP_CELL.RRC_SUCCCONNESTAB_TMLWPRSIG)),0);;;;PM_RRC_SETUP_CELL,PM_CELLUPDATE_CELL;;;
WIRELESS;MEX;NOKIA;RAN_3G;PM;QoS;UCELL;PS_RRC_SUCCESS;RRC_SUCCESS_PS;;;;;;;;;;;;;;;;no;SUM(IFNULL(PM_SERVICE_LEVEL.MOC_INTER_CALL_ATTS,0)-IFNULL(PM_SERVICE_LEVEL.MOC_INTER_CALL_FAILS,0)+IFNULL(PM_SERVICE_LEVEL.MOC_BACKG_CALL_ATTS,0)-IFNULL(PM_SERVICE_LEVEL.MOC_BACKG_CALL_FAILS,0)+IFNULL(PM_SERVICE_LEVEL.MTC_INTER_CALL_ATTS,0)-IFNULL(PM_SERVICE_LEVEL.MTC_INTER_CALL_FAILS,0)+IFNULL(PM_SERVICE_LEVEL.MTC_BACKG_CALL_ATTS,0)-IFNULL(PM_SERVICE_LEVEL.MTC_BACKG_CALL_FAILS,0)+IFNULL(PM_SERVICE_LEVEL.MOC_HIGH_PRIOR_SIGN_ATTS,0)-IFNULL(PM_SERVICE_LEVEL.MOC_HIGH_PRIOR_SIGN_FAILS,0)+IFNULL(PM_SERVICE_LEVEL.MTC_HIGH_PRIOR_SIGN_ATTS,0)-IFNULL(PM_SERVICE_LEVEL.MTC_HIGH_PRIOR_SIGN_FAILS,0)-IFNULL(PM_SERVICE_LEVEL.RRC_ACC_REL_INTERACTIVE,0)-IFNULL(PM_SERVICE_LEVEL.RRC_ACC_REL_MO_BACKGROUND,0)-IFNULL(PM_SERVICE_LEVEL.RRC_ACC_REL_MO_HIGH_PR_SIGN,0)-IFNULL(PM_SERVICE_LEVEL.RRC_ACC_REL_MO_INTERACTIVE,0)-IFNULL(PM_SERVICE_LEVEL.RRC_ACC_REL_MT_BACKGROUND,0)-IFNULL(PM_SERVICE_LEVEL.RRC_ACC_REL_MT_HIGH_PR_SIGN,0));;;;PM_SERVICE_LEVEL;;;
WIRELESS;MEX;HUAWEI;RAN_3G;PM;QoS;UCELL;;MULTIRAB_CSPS_ACCESSIBILITY;;;;;;percentage;;2;%;;0 to 100;;;;;no;IFNULL(ROUND(SUM(PM_RAB_MULTIRAB_CELL.VS_MULTIRAB_SUCCESTAB_CSPS)/SUM(PM_RAB_MULTIRAB_CELL.VS_MULTIRAB_ATTESTAB_CSPS)*100,2),0);;;;PM_RAB_MULTIRAB_CELL;;;
WIRELESS;MEX;HUAWEI;RAN_3G;PM;QoS;UCELL;;MULTIRAB_CS_DCR;;;;;;percentage;;2;%;;0 to 100;;;;;no;IFNULL(ROUND(SUM(PM_RAB_MULTIRAB_CELL.VS_MULTIRAB_CSABNORMREL_CSPS)/SUM(PM_RAB_MULTIRAB_CELL.VS_MULTIRAB_CSNORMREL_CSPS+PM_RAB_MULTIRAB_CELL.VS_MULTIRAB_CSABNORMREL_CSPS+ PM_RAB_MULTIRAB_CELL.VS_MULTIRAB_PSNORMREL_CSPS)*100,2),0);;;;PM_RAB_MULTIRAB_CELL;;;
WIRELESS;MEX;HUAWEI;RAN_3G;PM;QoS;UCELL;;MULTIRAB_PSPS_ACCESSIBILITY;;;;;;percentage;;2;%;;0 to 100;;;;;no;IFNULL(ROUND(SUM(PM_RAB_MULTIRAB_CELL.VS_MULTIRAB_SUCCESTAB_PSPS)/SUM(PM_RAB_MULTIRAB_CELL.VS_MULTIRAB_ATTESTAB_PSPS)*100,2),0);;;;PM_RAB_MULTIRAB_CELL;;;
WIRELESS;MEX;HUAWEI;RAN_3G;PM;QoS;UCELL;;MULTIRAB_PS_DCR;;;;;;percentage;;2;%;;0 to 100;;;;;no;IFNULL(ROUND(SUM(PM_RAB_MULTIRAB_CELL.VS_MULTIRAB_PSABNORMREL_CSPS)/SUM(PM_RAB_MULTIRAB_CELL.VS_MULTIRAB_CSNORMREL_CSPS+PM_RAB_MULTIRAB_CELL.VS_MULTIRAB_PSNORMREL_CSPS+PM_RAB_MULTIRAB_CELL.VS_MULTIRAB_PSABNORMREL_CSPS)*100,2),0);;;;PM_RAB_MULTIRAB_CELL;;;
WIRELESS;MEX;HUAWEI;RAN_3G;PM;QoS;UCELL;;HHO_RATE;;;;;;percentage;;2;%;;0 to 100;;;;;no;ROUND(SUM(PM_HHO_CELL.VS_HHO_SUCCINTERFREQOUT_CS)*100/SUM(PM_HHO_CELL.VS_HHO_ATTINTERFREQOUT_CS),2);;;;PM_HHO_CELL;;;
WIRELESS;MEX;ERICSSON;RAN_3G;PM;QoS;UCELL;BAD_CALL_ACC;BAD_CALL_ACC;;BAD_CALL_ACC=BAD_CALL_ACC_1?;;;;;;;;;;;;;;yes;if (((sum(PM_UTRANCELL.PMTOTNORRCCONNECTREQCSSUCC+PM_UTRANCELL.PMNOCELLUPDATESUCCMULTICS)/sum(PM_UTRANCELL.PMTOTNORRCCONNECTREQCS+PM_UTRANCELL.PMNOCELLUPDATEATTMULTICS-PM_UTRANCELL.PMNOLOADSHARINGRRCCONNCS))*(NAS_SUCCESS_CS/NAS_ATTEMPTS_CS)*(sum(PM_UTRANCELL.PMNORABESTABLISHSUCCESSSPEECH+IFNULL(PM_UTRANCELL.PMNODIRRETRYSUCCESS,0)+PM_UTRANCELL.PMNORABESTABLISHSUCCESSCS64)/sum(PM_UTRANCELL.PMNORABESTABLISHATTEMPTSPEECH+IFNULL(PM_UTRANCELL.PMNODIRRETRYATT,0)+PM_UTRANCELL.PMNORABESTABLISHATTEMPTCS64)))*100<98.5,sum(PM_UTRANCELL.PMNORABESTABLISHATTEMPTSPEECH+PM_UTRANCELL.PMNORABESTABLISHATTEMPTCS64+IFNULL(PM_UTRANCELL.PMNODIRRETRYATT,0))/((sum(PM_UTRANCELL.PMTOTNORRCCONNECTREQCSSUCC+PM_UTRANCELL.PMNOCELLUPDATESUCCMULTICS)/sum(PM_UTRANCELL.PMTOTNORRCCONNECTREQCS+PM_UTRANCELL.PMNOCELLUPDATEATTMULTICS-PM_UTRANCELL.PMNOLOADSHARINGRRCCONNCS))*(NAS_SUCCESS_CS/NAS_ATTEMPTS_CS)),0);;;;PM_UTRANCELL;;;
WIRELESS;MEX;ERICSSON;RAN_3G;PM;QoS;UCELL;BAD_CALL_ACC_1;BAD_CALL_ACC_1;;BAD_CALL_ACC=BAD_CALL_ACC_1?;;;;;;;;;;;;;;yes;if (((sum(PM_UTRANCELL.PMTOTNORRCCONNECTREQCSSUCC+PM_UTRANCELL.PMNOCELLUPDATESUCCMULTICS)/sum(PM_UTRANCELL.PMTOTNORRCCONNECTREQCS+PM_UTRANCELL.PMNOCELLUPDATEATTMULTICS-PM_UTRANCELL.PMNOLOADSHARINGRRCCONNCS))*(NAS_SUCCESS_CS/NAS_ATTEMPTS_CS)*(sum(PM_UTRANCELL.PMNORABESTABLISHSUCCESSSPEECH+IFNULL(PM_UTRANCELL.PMNODIRRETRYSUCCESS,0)+PM_UTRANCELL.PMNORABESTABLISHSUCCESSCS64)/sum(PM_UTRANCELL.PMNORABESTABLISHATTEMPTSPEECH+IFNULL(PM_UTRANCELL.PMNODIRRETRYATT,0)+PM_UTRANCELL.PMNORABESTABLISHATTEMPTCS64)))*100<99,sum(PM_UTRANCELL.PMNORABESTABLISHATTEMPTSPEECH+IFNULL(PM_UTRANCELL.PMNODIRRETRYATT,0)+PM_UTRANCELL.PMNORABESTABLISHATTEMPTCS64)/((sum(PM_UTRANCELL.PMTOTNORRCCONNECTREQCSSUCC+PM_UTRANCELL.PMNOCELLUPDATESUCCMULTICS)/sum(PM_UTRANCELL.PMTOTNORRCCONNECTREQCS+PM_UTRANCELL.PMNOCELLUPDATEATTMULTICS-PM_UTRANCELL.PMNOLOADSHARINGRRCCONNCS))*(NAS_SUCCESS_CS/NAS_ATTEMPTS_CS)),0);;;;PM_UTRANCELL;;;
WIRELESS;MEX;ERICSSON;RAN_3G;PM;QoS;UCELL;BAD_CALL_RET;BAD_CALL_RET;;;;;;;;;;;;;;;;yes;IF(100*(DROPS_VOICE/TOTAL_CALL_RET)>1.5,TOTAL_CALL_RET,0);;;;PM_UTRANCELL;;;
WIRELESS;MEX;ERICSSON;RAN_3G;PM;QoS;UCELL;BAD_CALL_RET_1;BAD_CALL_RET_1;;;;;;;;;;;;;;;;yes;IF(100*(DROP_NUM_CS/TOTAL_CALL_RET)>1,TOTAL_CALL_RET,0);;;;PM_UTRANCELL;;;
WIRELESS;MEX;HUAWEI;RAN_3G;PM;QoS;UCELL;BAD_CALL_ACC;BAD_CALL_ACC;;BAD_CALL_ACC=BAD_CALL_ACC_1?;;;;;;;;;;;;;;yes;if ((sum(PM_RRC_SETUP_CELL.RRC_SUCCCONNESTAB_ORGCONVCALL+PM_RRC_SETUP_CELL.RRC_SUCCCONNESTAB_TMCONVCALL+PM_RRC_SETUP_CELL.RRC_SUCCCONNESTAB_EMGCALL+PM_CELLUPDATE_CELL.VS_SUCCCELLUPDT_ORGCONVCALL_PCH+PM_CELLUPDATE_CELL.VS_SUCCCELLUPDT_EMGCALL_PCH+PM_CELLUPDATE_CELL.VS_SUCCCELLUPDT_TMCONVCALL_PCH)/RRC_ATT_CS)*(RAB_SUCCESS_CS/RAB_ATT_CS)*100<98.5,sum(PM_RAB_ESTABCS_CELL.VS_RAB_ATTESTABCS_CONV+PM_RAB_ESTABCS_CELL.VS_RAB_ATTESTABCS_STR)/(sum(PM_RRC_SETUP_CELL.RRC_SUCCCONNESTAB_ORGCONVCALL+PM_RRC_SETUP_CELL.RRC_SUCCCONNESTAB_TMCONVCALL+PM_RRC_SETUP_CELL.RRC_SUCCCONNESTAB_EMGCALL+PM_CELLUPDATE_CELL.VS_SUCCCELLUPDT_ORGCONVCALL_PCH+PM_CELLUPDATE_CELL.VS_SUCCCELLUPDT_EMGCALL_PCH+PM_CELLUPDATE_CELL.VS_SUCCCELLUPDT_TMCONVCALL_PCH)/RRC_ATT_CS)),0);;;;PM_RRC_SETUP_CELL,PM_CELLUPDATE_CELL,PM_RAB_ESTABCS_CELL;;;
WIRELESS;MEX;HUAWEI;RAN_3G;PM;QoS;UCELL;BAD_CALL_ACC_1;BAD_CALL_ACC_1;;BAD_CALL_ACC=BAD_CALL_ACC_1?;;;;;;;;;;;;;;yes;if ((sum(PM_RRC_SETUP_CELL.RRC_SUCCCONNESTAB_ORGCONVCALL+PM_RRC_SETUP_CELL.RRC_SUCCCONNESTAB_TMCONVCALL+PM_RRC_SETUP_CELL.RRC_SUCCCONNESTAB_EMGCALL+PM_CELLUPDATE_CELL.VS_SUCCCELLUPDT_ORGCONVCALL_PCH+PM_CELLUPDATE_CELL.VS_SUCCCELLUPDT_EMGCALL_PCH+PM_CELLUPDATE_CELL.VS_SUCCCELLUPDT_TMCONVCALL_PCH)/RRC_ATT_CS)*(RAB_SUCCESS_CS/RAB_ATT_CS)*100<99,RAB_ATT_CS/(sum(PM_RRC_SETUP_CELL.RRC_SUCCCONNESTAB_ORGCONVCALL+PM_RRC_SETUP_CELL.RRC_SUCCCONNESTAB_TMCONVCALL+PM_RRC_SETUP_CELL.RRC_SUCCCONNESTAB_EMGCALL+PM_CELLUPDATE_CELL.VS_SUCCCELLUPDT_ORGCONVCALL_PCH+PM_CELLUPDATE_CELL.VS_SUCCCELLUPDT_EMGCALL_PCH+PM_CELLUPDATE_CELL.VS_SUCCCELLUPDT_TMCONVCALL_PCH)/RRC_ATT_CS),0);;;;PM_RRC_SETUP_CELL,PM_CELLUPDATE_CELL,PM_RAB_ESTABCS_CELL;;;
WIRELESS;MEX;HUAWEI;RAN_3G;PM;QoS;UCELL;BAD_CALL_RET;BAD_CALL_RET;;;;;;;;;;;;;;;;yes;if(DROP_NUM_CS/DROP_DENOM_CS*100>1.5,DROP_DENOM_CS,0);;;;PM_RAB_RELABNORMAL_CELL;;;
WIRELESS;MEX;HUAWEI;RAN_3G;PM;QoS;UCELL;BAD_CALL_RET_1;BAD_CALL_RET_1;;;;;;;;;;;;;;;;yes;if(DROP_NUM_CS/DROP_DENOM_CS*100>1,DROP_DENOM_CS,0);;;;PM_RAB_RELABNORMAL_CELL;;;
WIRELESS;MEX;ERICSSON;RAN_3G;PM;QoS;UCELL;GOOD_CALL_ACC;GOOD_CALL_ACC;;GOOD_CALL_ACC=GOOD_CALL_ACC_1?;;;;;;;;;;;;;;yes;if (((sum(PM_UTRANCELL.PMTOTNORRCCONNECTREQCSSUCC+PM_UTRANCELL.PMNOCELLUPDATESUCCMULTICS)/sum(PM_UTRANCELL.PMTOTNORRCCONNECTREQCS+PM_UTRANCELL.PMNOCELLUPDATEATTMULTICS-PM_UTRANCELL.PMNOLOADSHARINGRRCCONNCS))*(NAS_SUCCESS_CS/NAS_ATTEMPTS_CS)*(RAB_SUCCESS_CS/RAB_ATTEMPTS_CS))*100>=98.5,RAB_ATTEMPTS_CS/((sum(PM_UTRANCELL.PMTOTNORRCCONNECTREQCSSUCC+PM_UTRANCELL.PMNOCELLUPDATESUCCMULTICS)/sum(PM_UTRANCELL.PMTOTNORRCCONNECTREQCS+PM_UTRANCELL.PMNOCELLUPDATEATTMULTICS-PM_UTRANCELL.PMNOLOADSHARINGRRCCONNCS))*(NAS_SUCCESS_CS/NAS_ATTEMPTS_CS)),0);;;;PM_UTRANCELL;;;
WIRELESS;MEX;ERICSSON;RAN_3G;PM;QoS;UCELL;GOOD_CALL_RET;GOOD_CALL_ACC_1;;GOOD_CALL_ACC=GOOD_CALL_ACC_1?;;;;;;;;;;;;;;yes;if (((sum(PM_UTRANCELL.PMTOTNORRCCONNECTREQCSSUCC+PM_UTRANCELL.PMNOCELLUPDATESUCCMULTICS)/sum(PM_UTRANCELL.PMTOTNORRCCONNECTREQCS+PM_UTRANCELL.PMNOCELLUPDATEATTMULTICS-PM_UTRANCELL.PMNOLOADSHARINGRRCCONNCS))*(NAS_SUCCESS_CS/NAS_ATTEMPTS_CS)*(RAB_SUCCESS_CS/RAB_ATTEMPTS_CS))*100>=99,RAB_ATTEMPTS_CS/((sum(PM_UTRANCELL.PMTOTNORRCCONNECTREQCSSUCC+PM_UTRANCELL.PMNOCELLUPDATESUCCMULTICS)/sum(PM_UTRANCELL.PMTOTNORRCCONNECTREQCS+PM_UTRANCELL.PMNOCELLUPDATEATTMULTICS-PM_UTRANCELL.PMNOLOADSHARINGRRCCONNCS))*(NAS_SUCCESS_CS/NAS_ATTEMPTS_CS)),0);;;;PM_UTRANCELL;;;
WIRELESS;MEX;ERICSSON;RAN_3G;PM;QoS;UCELL;GOOD_CALL_ACC_1;GOOD_CALL_RET;;;;;;;;;;;;;;;;yes;IF(100*(DROPS_VOICE/TOTAL_CALL_RET)<=1.5,TOTAL_CALL_RET,0);;;;PM_UTRANCELL;;;
WIRELESS;MEX;ERICSSON;RAN_3G;PM;QoS;UCELL;GOOD_CALL_RET_1;GOOD_CALL_RET_1;;;;;;;;;;;;;;;;yes;IF(100*(DROP_NUM_CS/TOTAL_CALL_RET)<=1,TOTAL_CALL_RET,0);;;;PM_UTRANCELL;;;
WIRELESS;MEX;HUAWEI;RAN_3G;PM;QoS;UCELL;GOOD_CALL_ACC;GOOD_CALL_ACC;;GOOD_CALL_ACC=GOOD_CALL_ACC_1?;;;;;;;;;;;;;;yes;if ((sum(PM_RRC_SETUP_CELL.RRC_SUCCCONNESTAB_ORGCONVCALL+PM_RRC_SETUP_CELL.RRC_SUCCCONNESTAB_TMCONVCALL+PM_RRC_SETUP_CELL.RRC_SUCCCONNESTAB_EMGCALL+PM_CELLUPDATE_CELL.VS_SUCCCELLUPDT_ORGCONVCALL_PCH+PM_CELLUPDATE_CELL.VS_SUCCCELLUPDT_EMGCALL_PCH+PM_CELLUPDATE_CELL.VS_SUCCCELLUPDT_TMCONVCALL_PCH)/RRC_ATT_CS)*(RAB_SUCCESS_CS/RAB_ATT_CS)*100>=98.5,RAB_ATT_CS/(sum(PM_RRC_SETUP_CELL.RRC_SUCCCONNESTAB_ORGCONVCALL+PM_RRC_SETUP_CELL.RRC_SUCCCONNESTAB_TMCONVCALL+PM_RRC_SETUP_CELL.RRC_SUCCCONNESTAB_EMGCALL+PM_CELLUPDATE_CELL.VS_SUCCCELLUPDT_ORGCONVCALL_PCH+PM_CELLUPDATE_CELL.VS_SUCCCELLUPDT_EMGCALL_PCH+PM_CELLUPDATE_CELL.VS_SUCCCELLUPDT_TMCONVCALL_PCH)/RRC_ATT_CS),0);;;;PM_RRC_SETUP_CELL,PM_CELLUPDATE_CELL,PM_RAB_ESTABCS_CELL;;;
WIRELESS;MEX;HUAWEI;RAN_3G;PM;QoS;UCELL;GOOD_CALL_ACC_1;GOOD_CALL_ACC_1;;GOOD_CALL_ACC=GOOD_CALL_ACC_1?;;;;;;;;;;;;;;yes;if ((sum(PM_RRC_SETUP_CELL.RRC_SUCCCONNESTAB_ORGCONVCALL+PM_RRC_SETUP_CELL.RRC_SUCCCONNESTAB_TMCONVCALL+PM_RRC_SETUP_CELL.RRC_SUCCCONNESTAB_EMGCALL+PM_CELLUPDATE_CELL.VS_SUCCCELLUPDT_ORGCONVCALL_PCH+PM_CELLUPDATE_CELL.VS_SUCCCELLUPDT_EMGCALL_PCH+PM_CELLUPDATE_CELL.VS_SUCCCELLUPDT_TMCONVCALL_PCH)/RRC_ATT_CS)*(RAB_SUCCESS_CS/RAB_ATT_CS)*100>=99,RAB_ATT_CS/(sum(PM_RRC_SETUP_CELL.RRC_SUCCCONNESTAB_ORGCONVCALL+PM_RRC_SETUP_CELL.RRC_SUCCCONNESTAB_TMCONVCALL+PM_RRC_SETUP_CELL.RRC_SUCCCONNESTAB_EMGCALL+PM_CELLUPDATE_CELL.VS_SUCCCELLUPDT_ORGCONVCALL_PCH+PM_CELLUPDATE_CELL.VS_SUCCCELLUPDT_EMGCALL_PCH+PM_CELLUPDATE_CELL.VS_SUCCCELLUPDT_TMCONVCALL_PCH)/RRC_ATT_CS),0);;;;PM_RRC_SETUP_CELL,PM_CELLUPDATE_CELL,PM_RAB_ESTABCS_CELL;;;
WIRELESS;MEX;HUAWEI;RAN_3G;PM;QoS;UCELL;GOOD_CALL_RET;GOOD_CALL_RET;;;;;;;;;;;;;;;;yes;if(DROP_NUM_CS/DROP_DENOM_CS*100<=1.5,DROP_DENOM_CS,0);;;;PM_RAB_RELABNORMAL_CELL;;;
WIRELESS;MEX;HUAWEI;RAN_3G;PM;QoS;UCELL;GOOD_CALL_RET_1;GOOD_CALL_RET_1;;;;;;;;;;;;;;;;yes;if(DROP_NUM_CS/DROP_DENOM_CS*100<=1,DROP_DENOM_CS,0);;;;PM_RAB_RELABNORMAL_CELL;;;
WIRELESS;MEX;HUAWEI;RAN_3G;PM;QoS;UCELL;CS_ABNORMAL_RELEASES;CS_ABNORMAL_RELEASES;;;;;;integer;;0;;;;;;;;yes;IFNULL(DROP_NUM_CS),0);;;;PM_RAB_RELABNORMAL_CELL;;;
WIRELESS;MEX;HUAWEI;RAN_3G;PM;QoS;UCELL;PS_ABNORMAL_RELEASES;PS_ABNORMAL_RELEASES;;;;;;integer;;0;;;;;;;;yes;IFNULL(DROPS_PS,0);;;;PM_RAB_RELABNORMAL_CELL;;;
WIRELESS;MEX;ERICSSON;RAN_3G;PM;QoS;UCELL;PS_ABNORMAL_RELEASES;PS_ABNORMAL_RELEASES;;;;;;integer;;0;;;;;;;;no;(SUM(PM_UTRANCELL.PMNOSYSTEMRABRELEASEPACKET))-(SUM(PM_UTRANCELL.PMNOSYSTEMRABRELEASEPACKETURA))-(SUM(PM_UTRANCELL.PMCHSWITCHATTEMPTFACHURA))+(SUM(PM_UTRANCELL.PMCHSWITCHSUCCFACHURA))-(SUM(PM_UTRANCELL.PMCHSWITCHATTEMPTDCHURA))+(SUM(PM_UTRANCELL.PMCHSWITCHSUCCDCHURA))-(SUM(PM_UTRANCELL.PMCHSWITCHATTEMPTHSURA))+(SUM(PM_UTRANCELL.PMCHSWITCHSUCCHSURA));;;;PM_UTRANCELL;;;
WIRELESS;MEX;HUAWEI;RAN_3G;PM;QoS;UCELL;PS_DCR;PS_DCR;;Índice de retención o tasa de corte de llamada (Drop Call Rate) para servicios de datos. Mide la probabilidad de que una sesión de datos activa se interrumpa de manera anormal (no por acción del usuario). Considera múltiples causas de fallo: radio, interfaz Iu, Iur, SRNC, BTS, UE, etc.;;;;percentage;;2;%;;0 to 100;;;;;yes;IFNULL(ROUND((DROPS_PS/SUM(PM_RAB_RELABNORMAL_CELL.VS_RAB_ABNORMREL_PS+PM_RAB_RELABNORMAL_CELL.VS_RAB_NORMREL_PS-PM_RAB_RELABNORMAL_CELL.VS_RAB_ABNORMREL_PS_PCH-PM_RAB_RELABNORMAL_CELL.VS_RAB_NORMREL_PS_PCH+PM_ALGO_CELL.VS_DCCC_D2P_SUCC+PM_ALGO_CELL.VS_DCCC_SUCC_F2P+PM_ALGO2_CELL.VS_DCCC_SUCC_F2U+PM_ALGO2_CELL.VS_DCCC_SUCC_D2U))*100,2),0);;;;PM_RAB_RELABNORMAL_CELL,PM_ALGO_CELL,PM_ALGO2_CELL;;;
WIRELESS;MEX;ERICSSON;RAN_3G;PM;QoS;UCELL;PS_DCR;PS_DCR;;Índice de retención o tasa de corte de llamada (Drop Call Rate) para servicios de datos. Mide la probabilidad de que una sesión de datos activa se interrumpa de manera anormal (no por acción del usuario). Considera múltiples causas de fallo: radio, interfaz Iu, Iur, SRNC, BTS, UE, etc.;;;;percentage;;2;%;;0 to 100;;;;;no;IFNULL(ROUND(100*(sum(PM_UTRANCELL.PMNOSYSTEMRABRELEASEPACKET-PM_UTRANCELL.PMNOSYSTEMRABRELEASEPACKETURA-PM_UTRANCELL.PMCHSWITCHATTEMPTFACHURA+PM_UTRANCELL.PMCHSWITCHSUCCFACHURA-PM_UTRANCELL.PMCHSWITCHATTEMPTDCHURA+PM_UTRANCELL.PMCHSWITCHSUCCDCHURA-PM_UTRANCELL.PMCHSWITCHATTEMPTHSURA+PM_UTRANCELL.PMCHSWITCHSUCCHSURA)/sum(PM_UTRANCELL.PMNONORMALRABRELEASEPACKET+PM_UTRANCELL.PMNOSYSTEMRABRELEASEPACKET-PM_UTRANCELL.PMNONORMALRABRELEASEPACKETURA-PM_UTRANCELL.PMNOSYSTEMRABRELEASEPACKETURA+PM_UTRANCELL.PMCHSWITCHSUCCFACHURA+PM_UTRANCELL.PMCHSWITCHSUCCDCHURA+PM_UTRANCELL.PMCHSWITCHSUCCHSURA)),2),0);;;;PM_UTRANCELL;;;
WIRELESS;MEX;HUAWEI;RAN_3G;PM;QoS;UCELL;DROPS_PS;DROPS_PS;;DROPS_PS=PS_RETAINABILITY_NUM.;;;;integer;;0;;;;;;;;no;SUM(PM_RAB_RELABNORMAL_CELL.VS_RAB_ABNORMREL_PS-PM_RAB_RELABNORMAL_CELL.VS_RAB_ABNORMREL_PS_PCH-PM_RAB_RELABNORMAL_CELL.VS_RAB_ABNORMREL_PS_D2P-PM_RAB_RELABNORMAL_CELL.VS_RAB_ABNORMREL_PS_F2P);;;;PM_RAB_RELABNORMAL_CELL;subnetwork,rbs,label;;
WIRELESS;MEX;ERICSSON;RAN_3G;PM;QoS;UCELL;DROP_NUM_CS;DROPS_VOICE;;"DROPS_VOICE=DROP_NUM_CS. Número de conexiones caidas CS (llamadas de voz). Cuenta liberaciones anormales del tipo ""no system""";;;;integer;;0;;;;;;;;no;sum(PM_UTRANCELL.PMNOSYSTEMRABRELEASESPEECH);;;;PM_UTRANCELL;;;
WIRELESS;MEX;HUAWEI;RAN_3G;PM;QoS;UCELL;DROP_NUM_CS;DROPS_VOICE;;;;;;integer;;0;;;;;;;;no;sum(PM_RAB_RELABNORMAL_CELL.VS_RAB_ABNORMREL_CS);;;;PM_RAB_RELABNORMAL_CELL;;;
WIRELESS;MEX;NOKIA;RAN_3G;PM;QoS;UCELL;DROPS_VOICE;DROPS_VOICE;;DROPS_VOICE=DROP_NUM_CS. Número de conexiones caidas CS (llamadas de voz). Suma de múltiples causas de fallo: IU, radio, BTS, IUR, RNC, UE, transporte;;;;integer;;0;;;;;;;;no;SUM(IFNULL(PM_SERVICE_LEVEL.RAB_ACT_FAIL_CS_VOICE_IU,0)+IFNULL(PM_SERVICE_LEVEL.RAB_ACT_FAIL_CS_VOICE_RADIO,0)+IFNULL(PM_SERVICE_LEVEL.RAB_ACT_FAIL_CS_VOICE_BTS,0)+IFNULL(PM_SERVICE_LEVEL.RAB_ACT_FAIL_CS_VOICE_IUR,0)+IFNULL(PM_SERVICE_LEVEL.RAB_ACT_FAIL_CS_VOICE_RNC,0)+IFNULL(PM_SERVICE_LEVEL.RAB_ACT_FAIL_CS_VOICE_UE,0)+IFNULL(PM_SERVICE_LEVEL.RAB_ACT_FAIL_CS_VOICE_TRANS,0));;;;PM_SERVICE_LEVEL;;;
WIRELESS;MEX;HUAWEI;RAN_3G;PM;QoS;UCELL;PS_INTER_FREQUENCY_HARD_HANDOVER_SUCCESS_RATE;PS_INTER_FREQUENCY_HARD_HANDOVER_SUCCESS_RATE;;;;;;percentage;;2;%;;0 to 100;;;;;yes;IFNULL(ROUND((SUM(PM_HHO_CELL.VS_HHO_SUCCINTERFREQOUT_PS)/SUM(PM_HHO_CELL.VS_HHO_ATTINTERFREQOUT_PS))*100,2),0);;;;PM_HHO_CELL;;;
WIRELESS;MEX;ERICSSON;RAN_3G;PM;TRAFFIC;UCELL;MOUS;MOUS;;Tráfico de voz (CS) en minutos. MOUs (Minutes Of Use). MOUS es una métrica de negocio fundamental.;;;;float;;2;minutos;;;;;;;no;15*((SUM(PM_UTRANCELL.PMSUMBESTCS12ESTABLISH)/AVG(PM_UTRANCELL.PMSAMPLESBESTCS12ESTABLISH))+(SUM(PM_UTRANCELL.PMSUMBESTAMR12200RABESTABLISH)/AVG(PM_UTRANCELL.PMSAMPLESBESTAMR12200RABESTABLISH))+(SUM(PM_UTRANCELL.PMSUMBESTAMR7950RABESTABLISH)/AVG(PM_UTRANCELL.PMSAMPLESBESTAMR7950RABESTABLISH))+(SUM(PM_UTRANCELL.PMSUMBESTAMR5900RABESTABLISH)/AVG(PM_UTRANCELL.PMSAMPLESBESTAMR5900RABESTABLISH))+(SUM(PM_UTRANCELL.PMSUMBESTAMR4750RABESTABLISH)/AVG(PM_UTRANCELL.PMSAMPLESBESTAMR4750RABESTABLISH))+(SUM(PM_UTRANCELL.PMSUMBESTAMRWBRABESTABLISH)/AVG(PM_UTRANCELL.PMSAMPLESBESTAMRWBRABESTABLISH))+(SUM(PM_UTRANCELL.PMSUMBESTAMRNBMMRABESTABLISH)/AVG(PM_UTRANCELL.PMSAMPLESBESTAMRNBMMRABESTABLISH)));;;;PM_UTRANCELL;;;
WIRELESS;MEX;HUAWEI;RAN_3G;PM;TRAFFIC;UCELL;MOUS;MOUS;;Tráfico de voz (CS) en minutos. MOUs (Minutes Of Use). MOUS es una métrica de negocio fundamental.;;;;float;;2;minutos;;;;;;;no;IFNULL(ROUND(60*(sum(PM_RB_CELL.VS_RB_AMR_DL_4_75+PM_RB_CELL.VS_RB_AMR_DL_12_2+PM_RB_CELL.VS_RB_AMR_DL_10_2+PM_RB_CELL.VS_RB_AMR_DL_7_95+PM_RB_CELL.VS_RB_AMR_DL_7_4+PM_RB_CELL.VS_RB_AMR_DL_6_7+PM_RB_CELL.VS_RB_AMR_DL_5_9+PM_RB_CELL.VS_RB_AMR_DL_5_15+PM_RB_CELL.VS_RB_AMRWB_DL_23_85+PM_RB_CELL.VS_RB_AMRWB_DL_23_05+PM_RB_CELL.VS_RB_AMRWB_DL_19_85+PM_RB_CELL.VS_RB_AMRWB_DL_18_25+PM_RB_CELL.VS_RB_AMRWB_DL_15_85+PM_RB_CELL.VS_RB_AMRWB_DL_14_25+PM_RB_CELL.VS_RB_AMRWB_DL_12_65+PM_RB_CELL.VS_RB_AMRWB_DL_8_85+PM_RB_CELL.VS_RB_AMRWB_DL_6_60)/2),2),0);;;;PM_RB_CELL;;;
WIRELESS;MEX;NOKIA;RAN_3G;PM;TRAFFIC;UCELL;MOUS;MOUS;;Tráfico de voz (CS) en minutos. MOUs (Minutes Of Use). MOUS es una métrica de negocio fundamental.;;;;float;;2;minutos;;;;;;;no;ROUND((SUM(IFNULL(PM_SERVICE_LEVEL.AVG_RAB_HLD_TM_CS_VOICE,0)+(IFNULL(PM_SERVICE_LEVEL.RAB_HOLD_TIME_CS_CONV_64,0)*64/12.2)+(IFNULL(PM_SERVICE_LEVEL.RAB_HOLD_TIME_CS_STREAM_14_4,0)*14.4/12.2)+(IFNULL(PM_SERVICE_LEVEL.RAB_HOLD_TIME_CS_STREAM_57_6,0)*57.6/12.2))/(60*100*60))*60,2);;;;PM_SERVICE_LEVEL;;;
WIRELESS;MEX;ERICSSON;RAN_3G;PM;QoS;UCELL;PS_ACCESSIBILITY;PS_ACCESSIBILITY;;Probabilidad de que un usuario de datos (PS) acceda al servicio con éxito, considerando tanto la fase RRC como la fase RAB. Es el equivalente al CSSR (Call Setup Success Rate) pero para el dominio de paquetes (PS).;;;;percentage;;2;%;;0 to 100;;;;;yes;IFNULL(ROUND(100*(RRC_SUCCESS_PS/(RRC_ATTEMPTS_PS))*(NAS_SUCCESS_PS/NAS_ATTEMPTS_PS)*(RAB_SUCCESS_PS/RAB_ATTEMPTS_PS),2),0);;;;PM_UTRANCELL,PM_UTRANCELL_X;;;
WIRELESS;MEX;ERICSSON;RAN_3G;PM;QoS;UCELL;PS_ACCESSIBILITY_NUM;PS_ACCESSIBILITY_NUM;;;;;;integer;;0;;;;;;;;yes;RRC_ATTEMPTS_PS*NAS_ATTEMPTS_PS*RAB_ATTEMPTS_PS;;;;PM_UTRANCELL,PM_UTRANCELL_X;;;
WIRELESS;MEX;ERICSSON;RAN_3G;PM;QoS;UCELL;PS_ACCESSIBILITY_DENOM;PS_ACCESSIBILITY_DENOM;;;;;;integer;;0;;;;;;;;yes;RRC_SUCCESS_PS*NAS_SUCCESS_PS*RAB_SUCCESS_PS;;;;PM_UTRANCELL,PM_UTRANCELL_X;;;
WIRELESS;MEX;HUAWEI;RAN_3G;PM;QoS;UCELL;PS_ACCESSIBILITY;PS_ACCESSIBILITY;;Probabilidad de que un usuario de datos (PS) acceda al servicio con éxito, considerando tanto la fase RRC como la fase RAB. Es el equivalente al CSSR (Call Setup Success Rate) pero para el dominio de paquetes (PS).;;;;percentage;;2;%;;0 to 100;;;;;yes;if((SUM(PM_RRC_SETUP_CELL.RRC_ATTCONNESTAB_ORGBKGCALL+PM_RRC_SETUP_CELL.RRC_ATTCONNESTAB_ORGINTERCALL+PM_RRC_SETUP_CELL.RRC_ATTCONNESTAB_TMBKGCALL+PM_RRC_SETUP_CELL.RRC_ATTCONNESTAB_TMINTERCALL+PM_CELLUPDATE_CELL.VS_ATTCELLUPDT_PAGERSP+PM_CELLUPDATE_CELL.VS_ATTCELLUPDT_ULDATATRANS)-(SUM(PM_CELLUPDATE_CELL.VS_ATTCELLUPDT_ORGCONVCALL_PCH+PM_CELLUPDATE_CELL.VS_ATTCELLUPDT_TMCONVCALL_PCH+PM_CELLUPDATE_CELL.VS_ATTCELLUPDT_EMGCALL_PCH)))*(SUM(PM_RAB_ESTABPS_CELL.VS_RAB_ATTESTABPS_CONV+PM_RAB_ESTABPS_CELL.VS_RAB_ATTESTABPS_STR+PM_RAB_ESTABPS_CELL.VS_RAB_ATTESTABPS_INT+PM_RAB_ESTABPS_CELL.VS_RAB_ATTESTABPS_BKG+PM_ALGO2_CELL.VS_DCCC_ATT_F2D_AFTERP2F))=0,0,ROUND(((SUM(PM_RRC_SETUP_CELL.RRC_SUCCCONNESTAB_ORGBKGCALL+PM_RRC_SETUP_CELL.RRC_SUCCCONNESTAB_ORGINTERCALL+PM_RRC_SETUP_CELL.RRC_SUCCCONNESTAB_TMBKGCALL+PM_RRC_SETUP_CELL.RRC_SUCCCONNESTAB_TMITRCALL+PM_CELLUPDATE_CELL.VS_SUCCCELLUPDT_PAGERSP+PM_CELLUPDATE_CELL.VS_SUCCCELLUPDT_ULDATATRANS)-(SUM(PM_CELLUPDATE_CELL.VS_SUCCCELLUPDT_ORGCONVCALL_PCH+PM_CELLUPDATE_CELL.VS_SUCCCELLUPDT_TMCONVCALL_PCH+PM_CELLUPDATE_CELL.VS_SUCCCELLUPDT_EMGCALL_PCH)))/(SUM(PM_RRC_SETUP_CELL.RRC_ATTCONNESTAB_ORGBKGCALL+PM_RRC_SETUP_CELL.RRC_ATTCONNESTAB_ORGINTERCALL+PM_RRC_SETUP_CELL.RRC_ATTCONNESTAB_TMBKGCALL+PM_RRC_SETUP_CELL.RRC_ATTCONNESTAB_TMINTERCALL+PM_CELLUPDATE_CELL.VS_ATTCELLUPDT_PAGERSP+PM_CELLUPDATE_CELL.VS_ATTCELLUPDT_ULDATATRANS)-(SUM(PM_CELLUPDATE_CELL.VS_ATTCELLUPDT_ORGCONVCALL_PCH+PM_CELLUPDATE_CELL.VS_ATTCELLUPDT_TMCONVCALL_PCH+PM_CELLUPDATE_CELL.VS_ATTCELLUPDT_EMGCALL_PCH))))*((SUM(PM_RAB_ESTABPS_CELL.VS_RAB_SUCCESTABPS_CONV+PM_RAB_ESTABPS_CELL.VS_RAB_SUCCESTABPS_STR+PM_RAB_ESTABPS_CELL.VS_RAB_SUCCESTABPS_INT+PM_RAB_ESTABPS_CELL.VS_RAB_SUCCESTABPS_BKG+PM_ALGO2_CELL.VS_DCCC_SUCC_F2D_AFTERP2F))/(SUM(PM_RAB_ESTABPS_CELL.VS_RAB_ATTESTABPS_CONV+PM_RAB_ESTABPS_CELL.VS_RAB_ATTESTABPS_STR+PM_RAB_ESTABPS_CELL.VS_RAB_ATTESTABPS_INT+PM_RAB_ESTABPS_CELL.VS_RAB_ATTESTABPS_BKG+PM_ALGO2_CELL.VS_DCCC_ATT_F2D_AFTERP2F)))*100,2));;;;PM_RRC_SETUP_CELL,PM_CELLUPDATE_CELL,PM_RAB_ESTABPS_CELL,PM_ALGO2_CELL;;;
WIRELESS;MEX;HUAWEI;RAN_3G;PM;QoS;UCELL;PS_ACCESSIBILITY_NUM;PS_ACCESSIBILITY_DENOM;;;;;;integer;;0;;;;;;;;no;(SUM(PM_RRC_SETUP_CELL.RRC_ATTCONNESTAB_ORGBKGCALL+PM_RRC_SETUP_CELL.RRC_ATTCONNESTAB_ORGINTERCALL+PM_RRC_SETUP_CELL.RRC_ATTCONNESTAB_TMBKGCALL+PM_RRC_SETUP_CELL.RRC_ATTCONNESTAB_TMINTERCALL+PM_CELLUPDATE_CELL.VS_ATTCELLUPDT_PAGERSP+PM_CELLUPDATE_CELL.VS_ATTCELLUPDT_ULDATATRANS)-(SUM(PM_CELLUPDATE_CELL.VS_ATTCELLUPDT_ORGCONVCALL_PCH+PM_CELLUPDATE_CELL.VS_ATTCELLUPDT_TMCONVCALL_PCH+PM_CELLUPDATE_CELL.VS_ATTCELLUPDT_EMGCALL_PCH)))*((SUM(PM_RAB_ESTABPS_CELL.VS_RAB_ATTESTABPS_CONV+PM_RAB_ESTABPS_CELL.VS_RAB_ATTESTABPS_STR+PM_RAB_ESTABPS_CELL.VS_RAB_ATTESTABPS_INT+PM_RAB_ESTABPS_CELL.VS_RAB_ATTESTABPS_BKG+PM_ALGO2_CELL.VS_DCCC_ATT_F2D_AFTERP2F)));;;;PM_RRC_SETUP_CELL,PM_CELLUPDATE_CELL,PM_RAB_ESTABPS_CELL,PM_ALGO2_CELL;;;
WIRELESS;MEX;HUAWEI;RAN_3G;PM;QoS;UCELL;PS_ACCESSIBILITY_DENOM;PS_ACCESSIBILITY_NUM;;;;;;integer;;0;;;;;;;;no;(SUM(PM_RRC_SETUP_CELL.RRC_SUCCCONNESTAB_ORGBKGCALL+PM_RRC_SETUP_CELL.RRC_SUCCCONNESTAB_ORGINTERCALL+PM_RRC_SETUP_CELL.RRC_SUCCCONNESTAB_TMBKGCALL+PM_RRC_SETUP_CELL.RRC_SUCCCONNESTAB_TMITRCALL+PM_CELLUPDATE_CELL.VS_SUCCCELLUPDT_PAGERSP+PM_CELLUPDATE_CELL.VS_SUCCCELLUPDT_ULDATATRANS)-(SUM(PM_CELLUPDATE_CELL.VS_SUCCCELLUPDT_ORGCONVCALL_PCH+PM_CELLUPDATE_CELL.VS_SUCCCELLUPDT_TMCONVCALL_PCH+PM_CELLUPDATE_CELL.VS_SUCCCELLUPDT_EMGCALL_PCH)))*(SUM(PM_RAB_ESTABPS_CELL.VS_RAB_SUCCESTABPS_CONV+PM_RAB_ESTABPS_CELL.VS_RAB_SUCCESTABPS_STR+PM_RAB_ESTABPS_CELL.VS_RAB_SUCCESTABPS_INT+PM_RAB_ESTABPS_CELL.VS_RAB_SUCCESTABPS_BKG+PM_ALGO2_CELL.VS_DCCC_SUCC_F2D_AFTERP2F));;;;PM_RRC_SETUP_CELL,PM_CELLUPDATE_CELL,PM_RAB_ESTABPS_CELL,PM_ALGO2_CELL;;;
WIRELESS;MEX;NOKIA;RAN_3G;PM;QoS;UCELL;PS_ACCESSIBILITY;PS_ACCESSIBILITY;;Probabilidad de que un usuario de datos (PS) acceda al servicio con éxito, considerando tanto la fase RRC como la fase RAB. Es el equivalente al CSSR (Call Setup Success Rate) pero para el dominio de paquetes (PS).;;;;percentage;;2;%;;0 to 100;;;;;yes;ROUND(IFNULL(100*(RAB_SUCCESS_PS/RAB_ATTEMPTS_PS)*(SUM(IFNULL(PM_SERVICE_LEVEL.MOC_INTER_CALL_ATTS,0)-IFNULL(PM_SERVICE_LEVEL.MOC_INTER_CALL_FAILS,0)+IFNULL(PM_SERVICE_LEVEL.MOC_BACKG_CALL_ATTS,0)-IFNULL(PM_SERVICE_LEVEL.MOC_BACKG_CALL_FAILS,0)+IFNULL(PM_SERVICE_LEVEL.MTC_INTER_CALL_ATTS,0)-IFNULL(PM_SERVICE_LEVEL.MTC_INTER_CALL_FAILS,0)+IFNULL(PM_SERVICE_LEVEL.MTC_BACKG_CALL_ATTS,0)-IFNULL(PM_SERVICE_LEVEL.MTC_BACKG_CALL_FAILS,0)+IFNULL(PM_SERVICE_LEVEL.MOC_HIGH_PRIOR_SIGN_ATTS,0)-IFNULL(PM_SERVICE_LEVEL.MOC_HIGH_PRIOR_SIGN_FAILS,0)+IFNULL(PM_SERVICE_LEVEL.MTC_HIGH_PRIOR_SIGN_ATTS,0)-IFNULL(PM_SERVICE_LEVEL.MTC_HIGH_PRIOR_SIGN_FAILS,0)-IFNULL(PM_SERVICE_LEVEL.RRC_ACC_REL_INTERACTIVE,0)-IFNULL(PM_SERVICE_LEVEL.RRC_ACC_REL_MO_BACKGROUND,0)-IFNULL(PM_SERVICE_LEVEL.RRC_ACC_REL_MO_HIGH_PR_SIGN,0)-IFNULL(PM_SERVICE_LEVEL.RRC_ACC_REL_MO_INTERACTIVE,0)-IFNULL(PM_SERVICE_LEVEL.RRC_ACC_REL_MT_BACKGROUND,0)-IFNULL(PM_SERVICE_LEVEL.RRC_ACC_REL_MT_HIGH_PR_SIGN,0))/SUM(IFNULL(PM_SERVICE_LEVEL.MOC_INTER_CALL_ATTS,0)+IFNULL(PM_SERVICE_LEVEL.MOC_BACKG_CALL_ATTS,0)+IFNULL(PM_SERVICE_LEVEL.MOC_HIGH_PRIOR_SIGN_ATTS,0)+IFNULL(PM_SERVICE_LEVEL.MTC_INTER_CALL_ATTS,0)+IFNULL(PM_SERVICE_LEVEL.MTC_BACKG_CALL_ATTS,0)+IFNULL(PM_SERVICE_LEVEL.MTC_HIGH_PRIOR_SIGN_ATTS,0)-IFNULL(PM_SERVICE_LEVEL.RRC_ATT_REP_INTERACTIVE,0)-IFNULL(PM_SERVICE_LEVEL.RRC_ATT_REP_MO_INTERACTIVE,0)-IFNULL(PM_SERVICE_LEVEL.RRC_ATT_REP_MO_HIGH_PR_SIGN,0)-IFNULL(PM_SERVICE_LEVEL.RRC_ATT_REP_MO_BACKGROUND,0)-IFNULL(PM_SERVICE_LEVEL.RRC_ATT_REP_MT_BACKGROUND,0)-IFNULL(PM_SERVICE_LEVEL.RRC_ATT_REP_MT_HIGH_PR_SIGN,0)-IFNULL(PM_SERVICE_LEVEL.RRC_ACC_REL_INTERACTIVE,0)-IFNULL(PM_SERVICE_LEVEL.RRC_ACC_REL_MO_BACKGROUND,0)-IFNULL(PM_SERVICE_LEVEL.RRC_ACC_REL_MO_HIGH_PR_SIGN,0)-IFNULL(PM_SERVICE_LEVEL.RRC_ACC_REL_MO_INTERACTIVE,0)-IFNULL(PM_SERVICE_LEVEL.RRC_ACC_REL_MT_BACKGROUND,0)-IFNULL(PM_SERVICE_LEVEL.RRC_ACC_REL_MT_HIGH_PR_SIGN,0))),0),2);;;;PM_SERVICE_LEVEL,PM_RRC;;;
WIRELESS;MEX;NOKIA;RAN_3G;PM;QoS;UCELL;PS_ACCESSIBILITY_NUM;PS_ACCESSIBILITY_NUM;;;;;;integer;;0;;;;;;;;yes;RAB_SUCCESS_PS*SUM(IFNULL(PM_SERVICE_LEVEL.MOC_INTER_CALL_ATTS,0)-IFNULL(PM_SERVICE_LEVEL.MOC_INTER_CALL_FAILS,0)+IFNULL(PM_SERVICE_LEVEL.MOC_BACKG_CALL_ATTS,0)-IFNULL(PM_SERVICE_LEVEL.MOC_BACKG_CALL_FAILS,0)+IFNULL(PM_SERVICE_LEVEL.MTC_INTER_CALL_ATTS,0)-IFNULL(PM_SERVICE_LEVEL.MTC_INTER_CALL_FAILS,0)+IFNULL(PM_SERVICE_LEVEL.MTC_BACKG_CALL_ATTS,0)-IFNULL(PM_SERVICE_LEVEL.MTC_BACKG_CALL_FAILS,0)+IFNULL(PM_SERVICE_LEVEL.MOC_HIGH_PRIOR_SIGN_ATTS,0)-IFNULL(PM_SERVICE_LEVEL.MOC_HIGH_PRIOR_SIGN_FAILS,0)+IFNULL(PM_SERVICE_LEVEL.MTC_HIGH_PRIOR_SIGN_ATTS,0)-IFNULL(PM_SERVICE_LEVEL.MTC_HIGH_PRIOR_SIGN_FAILS,0)-IFNULL(PM_SERVICE_LEVEL.RRC_ACC_REL_INTERACTIVE,0)-IFNULL(PM_SERVICE_LEVEL.RRC_ACC_REL_MO_BACKGROUND,0)-IFNULL(PM_SERVICE_LEVEL.RRC_ACC_REL_MO_HIGH_PR_SIGN,0)-IFNULL(PM_SERVICE_LEVEL.RRC_ACC_REL_MO_INTERACTIVE,0)-IFNULL(PM_SERVICE_LEVEL.RRC_ACC_REL_MT_BACKGROUND,0)-IFNULL(PM_SERVICE_LEVEL.RRC_ACC_REL_MT_HIGH_PR_SIGN,0));;;;PM_SERVICE_LEVEL,PM_RRC;;;
WIRELESS;MEX;NOKIA;RAN_3G;PM;QoS;UCELL;PS_ACCESSIBILITY_DENOM;PS_ACCESSIBILITY_DENOM;;;;;;integer;;0;;;;;;;;no;SUM(IFNULL(PM_SERVICE_LEVEL.RAB_STP_ATT_PS_INTER,0)+IFNULL(PM_SERVICE_LEVEL.RAB_STP_ATT_PS_BACKG,0)+IFNULL(PM_SERVICE_LEVEL.RAB_STP_ATT_PS_STREA+PM_RRC.ATT_FACH_TO_HS_DSCH,0))*SUM(IFNULL(PM_SERVICE_LEVEL.MOC_INTER_CALL_ATTS,0)+IFNULL(PM_SERVICE_LEVEL.MOC_BACKG_CALL_ATTS,0)+IFNULL(PM_SERVICE_LEVEL.MOC_HIGH_PRIOR_SIGN_ATTS,0)+IFNULL(PM_SERVICE_LEVEL.MTC_INTER_CALL_ATTS,0)+IFNULL(PM_SERVICE_LEVEL.MTC_BACKG_CALL_ATTS,0)+IFNULL(PM_SERVICE_LEVEL.MTC_HIGH_PRIOR_SIGN_ATTS,0)-IFNULL(PM_SERVICE_LEVEL.RRC_ATT_REP_INTERACTIVE,0)-IFNULL(PM_SERVICE_LEVEL.RRC_ATT_REP_MO_INTERACTIVE,0)-IFNULL(PM_SERVICE_LEVEL.RRC_ATT_REP_MO_HIGH_PR_SIGN,0)-IFNULL(PM_SERVICE_LEVEL.RRC_ATT_REP_MO_BACKGROUND,0)-IFNULL(PM_SERVICE_LEVEL.RRC_ATT_REP_MT_BACKGROUND,0)-IFNULL(PM_SERVICE_LEVEL.RRC_ATT_REP_MT_HIGH_PR_SIGN,0)-IFNULL(PM_SERVICE_LEVEL.RRC_ACC_REL_INTERACTIVE,0)-IFNULL(PM_SERVICE_LEVEL.RRC_ACC_REL_MO_BACKGROUND,0)-IFNULL(PM_SERVICE_LEVEL.RRC_ACC_REL_MO_HIGH_PR_SIGN,0)-IFNULL(PM_SERVICE_LEVEL.RRC_ACC_REL_MO_INTERACTIVE,0)-IFNULL(PM_SERVICE_LEVEL.RRC_ACC_REL_MT_BACKGROUND,0)-IFNULL(PM_SERVICE_LEVEL.RRC_ACC_REL_MT_HIGH_PR_SIGN,0));;;;PM_SERVICE_LEVEL,PM_RRC;;;
WIRELESS;MEX;ERICSSON;RAN_3G;PM;QoS;UCELL;PS_ACCESSIBILITY_NAS;PS_ACCESSIBILITY_NAS;;Probabilidad de que un usuario pueda establecer con éxito una conexión NAS PS (acceso al dominio de datos en 3G), desde el punto de vista del Core Network (NAS);;;;percentage;;2;%;;0 to 100;;;;;yes;ROUND(IFNULL(NAS_SUCCESS_PS/NAS_ATTEMPTS_PS*100,0),2);;;;PM_UTRANCELL;subnetwork,rbs,utrancell;;
WIRELESS;MEX;ERICSSON;RAN_3G;PM;QoS;UCELL;NAS_ATTEMPTS_CS;NAS_ATTEMPTS_CS;;CS_NAS_ATTEMPTS=NAS_ATTEMPTS_CS. Número de intentos de establecimiento de sesión NAS (Non-Access Stratum) para llamadas CS (Circuit Switched). Es decir, mide los intentos de establecer la señalización entre el terminal y el núcleo de red (Core) para cursar una llamada de voz. NAS es la capa que gestiona la señalización entre el UE y el Core Network, y es clave en el proceso de establecimiento de llamada.;;;;integer;;0;;;;;;;;no;SUM(PM_UTRANCELL.PMNONORMALNASSIGNRELEASECS+PM_UTRANCELL.PMNOSYSTEMNASSIGNRELEASECS);;;;PM_UTRANCELL;subnetwork,rbs,utrancell;;
WIRELESS;MEX;HUAWEI;RAN_3G;PM;QoS;UCELL;RAB_ATTEMPTS_CS;NAS_ATTEMPTS_CS;;RAB_ATTEMPTS_CS=CS_ATTEMPTS_RAB=NAS_ATTEMPTS_CS=NAS_SUCCESS_CS. Número de intentos de establecimiento de sesión NAS (Non-Access Stratum) para llamadas CS (Circuit Switched). Es decir, mide los intentos de establecer la señalización entre el terminal y el núcleo de red (Core) para cursar una llamada de voz. NAS es la capa que gestiona la señalización entre el UE y el Core Network, y es clave en el proceso de establecimiento de llamada.;;;;integer;;0;;;;;;;;yes;IFNULL(RAB_ATT_CS,0);;;;PM_RAB_ESTABCS_CELL;;;
WIRELESS;MEX;NOKIA;RAN_3G;PM;QoS;UCELL;RAB_SUCCESS_CS;NAS_ATTEMPTS_CS;;RAB_SUCCESS_CS=NAS_ATTEMPTS_CS=NAS_SUCCESS_CS. Número de intentos de establecimiento de sesión NAS (Non-Access Stratum) para llamadas CS (Circuit Switched). Es decir, mide los intentos de establecer la señalización entre el terminal y el núcleo de red (Core) para cursar una llamada de voz. NAS es la capa que gestiona la señalización entre el UE y el Core Network, y es clave en el proceso de establecimiento de llamada.;;;;integer;;0;;;;;;;;no;SUM(IFNULL(PM_SERVICE_LEVEL.RAB_ACC_COMP_CS_VOICE,0));;;;PM_SERVICE_LEVEL;;;
WIRELESS;MEX;ERICSSON;RAN_3G;PM;QoS;UCELL;NAS_SUCCESS_CS;NAS_SUCCESS_CS;;CS_NAS_RELEASE=NAS_SUCCESS_CS. Número total de establecimientos exitosos de sesiones de voz (Servicios de Circuito - CS) a nivel NAS (Non-Access Stratum), que es la capa de protocolo responsable de la gestión de la movilidad y la establecimiento de sesiones entre el usuario (UE) y el núcleo de la red (Core Network).;;;;integer;;0;;;;;;;;no;SUM(PM_UTRANCELL.PMNONORMALNASSIGNRELEASECS);;;;PM_UTRANCELL;subnetwork,rbs,utrancell;;
WIRELESS;MEX;HUAWEI;RAN_3G;PM;QoS;UCELL;RAB_ATTEMPTS_CS;NAS_SUCCESS_CS;;RAB_ATTEMPTS_CS=CS_ATTEMPTS_RAB=NAS_ATTEMPTS_CS=NAS_SUCCESS_CS. Número total de establecimientos exitosos de sesiones de voz (Servicios de Circuito - CS) a nivel NAS (Non-Access Stratum), que es la capa de protocolo responsable de la gestión de la movilidad y la establecimiento de sesiones entre el usuario (UE) y el núcleo de la red (Core Network).;;;;integer;;0;;;;;;;;yes;IFNULL(RAB_ATT_CS,0);;;;PM_RAB_ESTABCS_CELL;;;
WIRELESS;MEX;NOKIA;RAN_3G;PM;QoS;UCELL;RAB_SUCCESS_CS;NAS_SUCCESS_CS;;RAB_SUCCESS_CS=NAS_ATTEMPTS_CS=NAS_SUCCESS_CS. Número total de establecimientos exitosos de sesiones de voz (Servicios de Circuito - CS) a nivel NAS (Non-Access Stratum), que es la capa de protocolo responsable de la gestión de la movilidad y la establecimiento de sesiones entre el usuario (UE) y el núcleo de la red (Core Network).;;;;integer;;0;;;;;;;;no;SUM(IFNULL(PM_SERVICE_LEVEL.RAB_ACC_COMP_CS_VOICE,0));;;;PM_SERVICE_LEVEL;;;
WIRELESS;MEX;ERICSSON;RAN_3G;PM;QoS;UCELL;NAS_ATTEMPTS_PS;NAS_ATTEMPTS_PS;;PS_NAS_ATTEMPTS=NAS_ATTEMPTS_PS. Intentos totales de sesiones de datos NAS (usuario + red).;;;;integer;;0;;;;;;;;no;SUM(PM_UTRANCELL.PMNONORMALNASSIGNRELEASEPS+PM_UTRANCELL.PMNOSYSTEMNASSIGNRELEASEPS);;;;PM_UTRANCELL;subnetwork,rbs,utrancell;;
WIRELESS;MEX;HUAWEI;RAN_3G;PM;QoS;UCELL;RAB_ATTEMPTS_PS;NAS_ATTEMPTS_PS;;RAB_ATTEMPTS_PS=PS_ATTEMPTS_RAB=NAS_ATTEMPTS_PS=NAS_SUCCESS_PS.Intentos totales de sesiones de datos NAS (usuario + red).;;;;integer;;0;;;;;;;;no;IFNULL((SUM(PM_RAB_ESTABPS_CELL.VS_RAB_ATTESTABPS_CONV+PM_RAB_ESTABPS_CELL.VS_RAB_ATTESTABPS_STR+PM_RAB_ESTABPS_CELL.VS_RAB_ATTESTABPS_INT+PM_RAB_ESTABPS_CELL.VS_RAB_ATTESTABPS_BKG+PM_ALGO2_CELL.VS_DCCC_ATT_F2D_AFTERP2F)),0);;;;PM_RAB_ESTABPS_CELL,PM_ALGO2_CELL;subnetwork,rbs,label;;
WIRELESS;MEX;NOKIA;RAN_3G;PM;QoS;UCELL;RAB_SUCCESS_PS;NAS_ATTEMPTS_PS;;RAB_SUCCESS_PS=NAS_ATTEMPTS_PS=NAS_SUCCESS_PS. Intentos totales de sesiones de datos NAS (usuario + red).;;;;integer;;0;;;;;;;;no;SUM(IFNULL(PM_SERVICE_LEVEL.RAB_ACC_COMP_PS_INTER,0)+IFNULL(PM_SERVICE_LEVEL.RAB_ACC_COMP_PS_BACKG,0)+IFNULL(PM_SERVICE_LEVEL.RAB_ACC_COMP_PS_STREA,0)+IFNULL(PM_RRC.SUCC_FACH_TO_HS_DSCH,0));;;;PM_SERVICE_LEVEL,PM_RRC;;;
WIRELESS;MEX;ERICSSON;RAN_3G;PM;QoS;UCELL;NAS_SUCCESS_PS;NAS_SUCCESS_PS;;NAS_SUCCESS_PS=PS_NAS_SUCCESS. Sesiones de datos NAS exitosas (iniciadas por usuario).;;;;integer;;0;;;;;;;;no;SUM(PM_UTRANCELL.PMNONORMALNASSIGNRELEASEPS);;;;PM_UTRANCELL;subnetwork,rbs,utrancell;;
WIRELESS;MEX;HUAWEI;RAN_3G;PM;QoS;UCELL;RAB_ATTEMPTS_PS;NAS_SUCCESS_PS;;RAB_ATTEMPTS_PS=PS_ATTEMPTS_RAB=NAS_ATTEMPTS_PS=NAS_SUCCESS_PS.Sesiones de datos NAS exitosas (iniciadas por usuario).;;;;integer;;0;;;;;;;;no;IFNULL((SUM(PM_RAB_ESTABPS_CELL.VS_RAB_ATTESTABPS_CONV+PM_RAB_ESTABPS_CELL.VS_RAB_ATTESTABPS_STR+PM_RAB_ESTABPS_CELL.VS_RAB_ATTESTABPS_INT+PM_RAB_ESTABPS_CELL.VS_RAB_ATTESTABPS_BKG+PM_ALGO2_CELL.VS_DCCC_ATT_F2D_AFTERP2F)),0);;;;PM_RAB_ESTABPS_CELL,PM_ALGO2_CELL;subnetwork,rbs,label;;
WIRELESS;MEX;NOKIA;RAN_3G;PM;QoS;UCELL;RAB_SUCCESS_PS;NAS_SUCCESS_PS;;RAB_SUCCESS_PS=NAS_ATTEMPTS_PS=NAS_SUCCESS_PS.  Sesiones de datos NAS exitosas (iniciadas por usuario).;;;;integer;;0;;;;;;;;no;SUM(IFNULL(PM_SERVICE_LEVEL.RAB_ACC_COMP_PS_INTER,0)+IFNULL(PM_SERVICE_LEVEL.RAB_ACC_COMP_PS_BACKG,0)+IFNULL(PM_SERVICE_LEVEL.RAB_ACC_COMP_PS_STREA,0)+IFNULL(PM_RRC.SUCC_FACH_TO_HS_DSCH,0));;;;PM_SERVICE_LEVEL,PM_RRC;;;
WIRELESS;MEX;ERICSSON;RAN_3G;PM;QoS;UCELL;NAS_ACC_CS;NAS_ACC_CS;;Tasa de éxito de establecimiento de sesión NAS para servicios de circuito (CS). Desde el usuario (UE) hasta el núcleo de la red (Core Network).;;;;percentage;;2;%;;0 to 100;;;;;yes;100*NAS_SUCCESS_CS/NAS_ATTEMPTS_CS;;;;PM_UTRANCELL;subnetwork,rbs,utrancell;;
WIRELESS;MEX;ERICSSON;RAN_3G;PM;QoS;UCELL;NAS_ACC_CS_FAILS;NAS_ACC_CS_FAILS;;Número total de fallos en el establecimiento de sesión NAS para servicios de circuito (CS). Fallos entre el UE y el núcleo de red;;;;integer;;0;;;;;;;;yes;NAS_ATTEMPTS_CS-NAS_SUCCESS_CS;;;;PM_UTRANCELL;subnetwork,rbs,utrancell;;
WIRELESS;MEX;ERICSSON;RAN_3G;PM;QoS;UCELL;RRC_ATTEMPTS;RRC_ATTEMPTS;Intentos RRC;Número de intentos únicos de establecimiento RRC.;;;;integer;;0;;;;;;;;no;sum(PM_UTRANCELL.PMTOTNORRCCONNECTREQ);;;;PM_UTRANCELL;;;
WIRELESS;MEX;ERICSSON;RAN_3G;PM;QoS;UCELL;RRC_SR_GLOBAL;RRC_SR_GLOBAL;;;;;;percentage;;2;%;;0 to 100;;;;;no;IFNULL(ROUND(100*(sum(PM_UTRANCELL.PMTOTNORRCCONNECTREQSUCCESS)/sum(PM_UTRANCELL.PMTOTNORRCCONNECTREQ-PM_UTRANCELL.PMNOLOADSHARINGRRCCONN)),2),0);;;;PM_UTRANCELL;;;
WIRELESS;MEX;ERICSSON;RAN_3G;PM;QoS;UCELL;RRC_SR_CS;RRC_SR_CS;;;;;;percentage;;2;%;;0 to 100;;;;;no;IFNULL(ROUND(100*(SUM(PM_UTRANCELL.PMTOTNORRCCONNECTREQCSSUCC)/SUM(PM_UTRANCELL.PMTOTNORRCCONNECTREQCS+PM_UTRANCELL.PMNOCELLUPDATEATTMULTICS-PM_UTRANCELL.PMNOLOADSHARINGRRCCONNCS)),2),0);;;;PM_UTRANCELL;;;
WIRELESS;MEX;ERICSSON;RAN_3G;PM;QoS;UCELL;RRC_SR_PS;RRC_SR_PS;;;;;;percentage;;2;%;;0 to 100;;;;;no;IFNULL(ROUND(100*(sum(PM_UTRANCELL.PMTOTNORRCCONNECTREQPSSUCC)/sum(PM_UTRANCELL.PMTOTNORRCCONNECTREQPS-PM_UTRANCELL.PMNOLOADSHARINGRRCCONNPS)),2),0);;;;PM_UTRANCELL;;;
WIRELESS;MEX;ERICSSON;RAN_3G;PM;QoS;UCELL;RAB_SR_PS;RAB_SR_PS;;;;;;percentage;;2;%;;0 to 100;;;;;yes;IFNULL(ROUND(100*(RAB_SUCCESS_PS/RAB_ATTEMPTS_PS),2),0);;;;PM_UTRANCELL,PM_UTRANCELL_X;;;
WIRELESS;MEX;ERICSSON;RAN_3G;PM;QoS;UCELL;;RAB_ATTEMPTS_PS_HS;;;;;;integer;;0;;;;;;;;no;sum(PM_UTRANCELL.PMNORABESTABLISHATTEMPTPACKETINTERACTIVEHS);;;;PM_UTRANCELL;;;
WIRELESS;MEX;ERICSSON;RAN_3G;PM;QoS;UCELL;;RAB_ATTEMPTS_PS_EUL;;;;;;integer;;0;;;;;;;;no;sum(PM_UTRANCELL.PMNORABESTABLISHATTEMPTPACKETINTERACTIVEEUL);;;;PM_UTRANCELL;;;
WIRELESS;MEX;ERICSSON;RAN_3G;PM;QoS;UCELL;RAB_SR_SPEECH;RAB_SR_SPEECH;;;;;;percentage;;2;%;;0 to 100;;;;;no;IFNULL(ROUND(100*(SUM(PM_UTRANCELL.PMNORABESTABLISHSUCCESSSPEECH+PM_UTRANCELL.PMNORABESTABLISHSUCCESSCS64+IFNULL(PM_UTRANCELL.PMNODIRRETRYSUCCESS,0))/SUM(PM_UTRANCELL.PMNORABESTABLISHATTEMPTSPEECH+PM_UTRANCELL.PMNORABESTABLISHATTEMPTCS64+IFNULL(PM_UTRANCELL.PMNODIRRETRYATT,0))),2),0);;;;PM_UTRANCELL;;;
WIRELESS;MEX;NOKIA;RAN_3G;PM;QoS;UCELL;;RAB_ATTEMPTS_SPEECH;;RAB_ATTEMPTS_SPEECH=RAB_ATTEMPTS_CS. Número de intentos de establecimiento de RAB (Radio Access Bearer) para llamadas CS (Circuit Switched);;;;integer;;0;;;;;;;;no;SUM(IFNULL(PM_SERVICE_LEVEL.RAB_STP_ATT_CS_VOICE,0));;;;PM_SERVICE_LEVEL;;;
WIRELESS;MEX;ERICSSON;RAN_3G;PM;QoS;UCELL;RAB_ATTEMPTS_CS;RAB_ATTEMPTS_SPEECH;;RAB_ATTEMPTS_CS=RAB_ATTEMPTS_SPEECH. Número de intentos de establecimiento de RAB (Radio Access Bearer) para llamadas CS (Circuit Switched) incluyendo reintentos (PMNODIRRETRYATT);;;;integer;;0;;;;;;;;no;SUM(PM_UTRANCELL.PMNORABESTABLISHATTEMPTSPEECH+IFNULL(PM_UTRANCELL.PMNORABESTABLISHATTEMPTCS64,0)+IFNULL(PM_UTRANCELL.PMNODIRRETRYATT,0));;;;PM_UTRANCELL;;;
WIRELESS;MEX;ERICSSON;RAN_3G;PM;QoS;UCELL;;RAB_SUCC_SPEECH;;RAB_SUCC_SPEECH=RAB_SUCCESS_CS.Representa el número total de RAB CS exitosos en la red 3G (PMNORABESTABLISHSUCCESSSPEECH), codificación 64 (PMNORABESTABLISHSUCCESSCS64) y reintentos (PMNODIRRETRYSUCCESS).;;;;integer;;0;;;;;;;;no;SUM(PM_UTRANCELL.PMNORABESTABLISHSUCCESSSPEECH+IFNULL(PM_UTRANCELL.PMNORABESTABLISHSUCCESSCS64,0)+IFNULL(PM_UTRANCELL.PMNODIRRETRYSUCCESS,0));;;;PM_UTRANCELL;;;
WIRELESS;MEX;ERICSSON;RAN_3G;PM;QoS;UCELL;;RAB_FAILURES_SPEECH;;;;;;integer;;0;;;;;;;;no;SUM(PM_UTRANCELL.PMNORABESTABLISHATTEMPTSPEECH+PM_UTRANCELL.PMNORABESTABLISHATTEMPTCS64+PM_UTRANCELL.PMNODIRRETRYATT-PM_UTRANCELL.PMNORABESTABLISHSUCCESSSPEECH-IFNULL(PM_UTRANCELL.PMNODIRRETRYSUCCESS,0)-PM_UTRANCELL.PMNORABESTABLISHSUCCESSCS64);;;;PM_UTRANCELL;;;
WIRELESS;MEX;ERICSSON;RAN_3G;PM;TRAFFIC;UCELL;;TRAFFIC_EUL_Gbit;;;;;;float;;2;GB;;;;;;;no;SUM(PM_UTRANCELL.PMULTRAFFICVOLUMEPSINTEUL)/(1000*1000);;;;PM_UTRANCELL;;;
WIRELESS;MEX;ERICSSON;RAN_3G;PM;TRAFFIC;UCELL;;TRAFFIC_R99_DL_Gbit;;;;;;float;;2;GB;;;;;;;no;SUM(PM_UTRANCELL.PMDLTRAFFICVOLUMEPS8+PM_UTRANCELL.PMDLTRAFFICVOLUMEPS16+PM_UTRANCELL.PMDLTRAFFICVOLUMEPS64+PM_UTRANCELL.PMDLTRAFFICVOLUMEPS128+PM_UTRANCELL.PMDLTRAFFICVOLUMEPS384+PM_UTRANCELL.PMDLTRAFFICVOLUMEPSCOMMON)/(1000*1000);;;;PM_UTRANCELL;;;
WIRELESS;MEX;ERICSSON;RAN_3G;PM;TRAFFIC;UCELL;;TRAFFIC_R99_UL_Gbit;;;;;;float;;2;GB;;;;;;;no;SUM(PM_UTRANCELL.PMULTRAFFICVOLUMEPS8+PM_UTRANCELL.PMULTRAFFICVOLUMEPS16+PM_UTRANCELL.PMULTRAFFICVOLUMEPS64+PM_UTRANCELL.PMULTRAFFICVOLUMEPS128+PM_UTRANCELL.PMULTRAFFICVOLUMEPS384+PM_UTRANCELL.PMULTRAFFICVOLUMEPSCOMMON)/(1000*1000);;;;PM_UTRANCELL;;;
WIRELESS;MEX;ERICSSON;RAN_3G;PM;TRAFFIC;UCELL;;TRAFFIC_PS_TOTAL_Gbit;;;;;;float;;2;GB;;;;;;;no;SUM(PM_UTRANCELL.PMDLTRAFFICVOLUMEPSINTHS+PM_UTRANCELL.PMDLTRAFFICVOLUMEPSSTRHS+PM_UTRANCELL.PMULTRAFFICVOLUMEPSINTEUL+PM_UTRANCELL.PMDLTRAFFICVOLUMEPS8+PM_UTRANCELL.PMDLTRAFFICVOLUMEPS16+PM_UTRANCELL.PMDLTRAFFICVOLUMEPS64+PM_UTRANCELL.PMDLTRAFFICVOLUMEPS128+PM_UTRANCELL.PMDLTRAFFICVOLUMEPS384+PM_UTRANCELL.PMDLTRAFFICVOLUMEPSCOMMON+PM_UTRANCELL.PMULTRAFFICVOLUMEPS8+PM_UTRANCELL.PMULTRAFFICVOLUMEPS16+PM_UTRANCELL.PMULTRAFFICVOLUMEPS64+PM_UTRANCELL.PMULTRAFFICVOLUMEPS128+PM_UTRANCELL.PMULTRAFFICVOLUMEPS384+PM_UTRANCELL.PMULTRAFFICVOLUMEPSCOMMON)/(1000*1000);;;;PM_UTRANCELL;;;
WIRELESS;MEX;NOKIA;RAN_3G;PM;TRAFFIC;UCELL;;TRAFFIC_D_USER_UL_MB;;TRAFFIC_D_USER_UL_MB=PAYLOAD_UL_PS_MB. Volumen total de datos (payload) transmitido en el enlace ascendente (UL). Incluye tráfico de E-DCH (Enhanced UL) y canales dedicados;;;;float;;2;MB;;;;;;;no;ROUND(SUM(IFNULL(PM_CELL_THRPUT_R.NRT_EDCH_UL_DATA_VOL,0)+IFNULL(PM_CELL_THRPUT_R.RT_E_DCH_UL_STREA_DATA,0)+IFNULL(PM_CELL_THRPUT_R.NRT_EDCH_EFACH_UL_DATA,0)+IFNULL(PM_CELL_THRPUT_R.NRT_DCH_UL_DATA_VOL,0)+IFNULL(PM_CELL_THRPUT_R.RT_PS_DCH_UL_DATA_VOL,0))/(1024*1024),2);;;;PM_CELL_THRPUT_R;;;
WIRELESS;MEX;NOKIA;RAN_3G;PM;TRAFFIC;UCELL;;TRAFFIC_D_USER_DL_MB;;;;;;float;;2;MB;;;;;;;no;ROUND((SUM(IFNULL(PM_HSDPA_WBTS.RECEIVED_HS_MACD_BITS,0)+((IFNULL(PM_CELL_THROUGHPUT_WBTS.MC_HSDPA_ORIG_DATA_PRI,0)+IFNULL(PM_CELL_THROUGHPUT_WBTS.MC_HSDPA_ORIG_DATA_SEC,0))*8))/(1024*8))+(SUM(IFNULL(PM_CELL_THRPUT_R.NRT_DCH_DL_DATA_VOL,0)+IFNULL(PM_CELL_THRPUT_R.RT_PS_DCH_DL_DATA_VOL,0))/(1024*1024)),2);;;;PM_HSDPA_WBTS,PM_CELL_THRPUT_R,PM_CELL_THROUGHPUT_WBTS;;;
WIRELESS;MEX;NOKIA;RAN_3G;PM;TRAFFIC;UCELL;;TRAFFIC_V_SYSTEM_CS;;;;;;float;;2;;;;;;;;no;ROUND(SUM(IFNULL(PM_TRAFFIC.DUR_FOR_AMR_4_75_UL_IN_SRNC,0)+IFNULL(PM_TRAFFIC.DUR_FOR_AMR_5_15_UL_IN_SRNC,0)+IFNULL(PM_TRAFFIC.DUR_FOR_AMR_5_9_UL_IN_SRNC,0)+IFNULL(PM_TRAFFIC.DUR_FOR_AMR_6_7_UL_IN_SRNC,0)+IFNULL(PM_TRAFFIC.DUR_FOR_AMR_7_4_UL_IN_SRNC,0)+IFNULL(PM_TRAFFIC.DUR_FOR_AMR_7_95_UL_IN_SRNC,0)+IFNULL(PM_TRAFFIC.DUR_FOR_AMR_10_2_UL_IN_SRNC,0)+IFNULL(PM_TRAFFIC.DUR_FOR_AMR_12_2_UL_IN_SRNC,0))/(60*100*60),2);;;;PM_TRAFFIC;;;
WIRELESS;MEX;ERICSSON;RAN_3G;PM;TRAFFIC;UCELL;;HSDPA_TRAFFIC_Gbit;;;;;;float;;2;;;;;;;;no;ROUND(sum(PM_UTRANCELL.PMDLTRAFFICVOLUMEPSINTHS+PM_UTRANCELL.PMDLTRAFFICVOLUMEPSSTRHS)/(1000*1000),3);;;;PM_UTRANCELL;;;
WIRELESS;MEX;ERICSSON;RAN_3G;PM;QoS;UCELL;VOICE_ACCESSIBILITY;VOICE_ACCESSIBILITY;;Probabilidad de que un intento de llamada de voz (Circuit-Switched) en la red 3G se establezca correctamente. Es decir, el proceso de Establecimiento de Conexión RRC donde el usuario solicita un canal de señalización, la mensajería NAS (Core Network) donde el núcleo de red autentica y autoriza la llamada y el establecimiento del RAB (Radio Access Bearer) donde se asigna el canal de tráfico para la voz ocurren de manera exitosa.;;;;percentage;;2;%;;0 to 100;;;;;yes;IFNULL(ROUND((SUM(PM_UTRANCELL.PMTOTNORRCCONNECTREQCSSUCC+PM_UTRANCELL.PMNOCELLUPDATESUCCMULTICS)/SUM(PM_UTRANCELL.PMTOTNORRCCONNECTREQCS+PM_UTRANCELL.PMNOCELLUPDATEATTMULTICS-PM_UTRANCELL.PMNOLOADSHARINGRRCCONNCS))*(NAS_SUCCESS_CS/NAS_ATTEMPTS_CS)*(SUM(PM_UTRANCELL.PMNORABESTABLISHSUCCESSSPEECH+IFNULL(PM_UTRANCELL.PMNODIRRETRYSUCCESS,0)+PM_UTRANCELL.PMNORABESTABLISHSUCCESSCS64)/SUM(PM_UTRANCELL.PMNORABESTABLISHATTEMPTSPEECH+IFNULL(PM_UTRANCELL.PMNODIRRETRYATT,0)+PM_UTRANCELL.PMNORABESTABLISHATTEMPTCS64))*100,2),0);;;;PM_UTRANCELL;;;
WIRELESS;MEX;ERICSSON;RAN_3G;PM;QoS;UCELL;;VOICE_ACCESSIBILITY_NUM;;;;;;integer;;0;;;;;;;;yes;sum(PM_UTRANCELL.PMTOTNORRCCONNECTREQCSSUCC+PM_UTRANCELL.PMNOCELLUPDATESUCCMULTICS)*NAS_SUCCESS_CS*sum(PM_UTRANCELL.PMNORABESTABLISHSUCCESSSPEECH+IFNULL(PM_UTRANCELL.PMNODIRRETRYSUCCESS,0)+PM_UTRANCELL.PMNORABESTABLISHSUCCESSCS64);;;;PM_UTRANCELL;;;
WIRELESS;MEX;ERICSSON;RAN_3G;PM;QoS;UCELL;;VOICE_ACCESSIBILITY_DENOM;;;;;;integer;;0;;;;;;;;yes;SUM(PM_UTRANCELL.PMTOTNORRCCONNECTREQCS+PM_UTRANCELL.PMNOCELLUPDATEATTMULTICS-PM_UTRANCELL.PMNOLOADSHARINGRRCCONNCS)*NAS_ATTEMPTS_CS*SUM(PM_UTRANCELL.PMNORABESTABLISHATTEMPTSPEECH+IFNULL(PM_UTRANCELL.PMNODIRRETRYATT,0)+PM_UTRANCELL.PMNORABESTABLISHATTEMPTCS64);;;;PM_UTRANCELL;;;
WIRELESS;MEX;HUAWEI;RAN_3G;PM;QoS;UCELL;VOICE_ACCESSIBILITY;VOICE_ACCESSIBILITY;;Probabilidad de que un intento de llamada de voz (Circuit-Switched) en la red 3G se establezca correctamente. Es decir, el proceso de Establecimiento de Conexión RRC donde el usuario solicita un canal de señalización, la mensajería NAS (Core Network) donde el núcleo de red autentica y autoriza la llamada y el establecimiento del RAB (Radio Access Bearer) donde se asigna el canal de tráfico para la voz ocurren de manera exitosa.;;;;percentage;;2;%;;0 to 100;;;;;yes;IFNULL(ROUND((SUM(PM_RRC_SETUP_CELL.RRC_SUCCCONNESTAB_ORGCONVCALL+PM_RRC_SETUP_CELL.RRC_SUCCCONNESTAB_TMCONVCALL+PM_RRC_SETUP_CELL.RRC_SUCCCONNESTAB_EMGCALL+PM_CELLUPDATE_CELL.VS_SUCCCELLUPDT_ORGCONVCALL_PCH+PM_CELLUPDATE_CELL.VS_SUCCCELLUPDT_EMGCALL_PCH+PM_CELLUPDATE_CELL.VS_SUCCCELLUPDT_TMCONVCALL_PCH)/RRC_ATT_CS)*(RAB_SUCCESS_CS/RAB_ATT_CS)*100,2),0);;;;PM_RRC_SETUP_CELL,PM_CELLUPDATE_CELL,PM_RAB_ESTABCS_CELL;;;
WIRELESS;MEX;HUAWEI;RAN_3G;PM;QoS;UCELL;;VOICE_ACCESSIBILITY_NUM;;;;;;integer;;0;;;;;;;;yes;sum(PM_RRC_SETUP_CELL.RRC_SUCCCONNESTAB_ORGCONVCALL+PM_RRC_SETUP_CELL.RRC_SUCCCONNESTAB_TMCONVCALL+PM_RRC_SETUP_CELL.RRC_SUCCCONNESTAB_EMGCALL+PM_CELLUPDATE_CELL.VS_SUCCCELLUPDT_ORGCONVCALL_PCH+PM_CELLUPDATE_CELL.VS_SUCCCELLUPDT_EMGCALL_PCH+PM_CELLUPDATE_CELL.VS_SUCCCELLUPDT_TMCONVCALL_PCH)*(RAB_SUCCESS_CS);;;;PM_RRC_SETUP_CELL,PM_CELLUPDATE_CELL,PM_RAB_ESTABCS_CELL;;;
WIRELESS;MEX;HUAWEI;RAN_3G;PM;QoS;UCELL;;VOICE_ACCESSIBILITY_DENOM;;;;;;integer;;0;;;;;;;;yes;RRC_ATT_CS*RAB_ATT_CS;;;;PM_RRC_SETUP_CELL,PM_CELLUPDATE_CELL,PM_RAB_ESTABCS_CELL;;;
WIRELESS;MEX;NOKIA;RAN_3G;PM;QoS;UCELL;VOICE_ACCESSIBILITY;VOICE_ACCESSIBILITY;;Probabilidad de que un intento de llamada de voz (Circuit-Switched) en la red 3G se establezca correctamente. Es decir, el proceso de Establecimiento de Conexión RRC donde el usuario solicita un canal de señalización, la mensajería NAS (Core Network) donde el núcleo de red autentica y autoriza la llamada y el establecimiento del RAB (Radio Access Bearer) donde se asigna el canal de tráfico para la voz ocurren de manera exitosa.;;;;percentage;;2;%;;0 to 100;;;;;yes;ROUND(IFNULL(100*(RRC_SUCCESS_CS/RRC_ATTEMPTS_CS)*(RAB_SUCCESS_CS/RAB_ATTEMPTS_CS),0),2);;;;PM_SERVICE_LEVEL,PM_RRC;;;
WIRELESS;MEX;NOKIA;RAN_3G;PM;QoS;UCELL;;VOICE_ACCESSIBILITY_NUM;;;;;;integer;;0;;;;;;;;yes;RRC_SUCCESS_CS*RAB_SUCCESS_CS;;;;PM_SERVICE_LEVEL,PM_RRC;;;
WIRELESS;MEX;NOKIA;RAN_3G;PM;QoS;UCELL;;VOICE_ACCESSIBILITY_DENOM;;;;;;integer;;0;;;;;;;;yes;RRC_ATTEMPTS_CS*RAB_ATTEMPTS_CS;;;;PM_SERVICE_LEVEL,PM_RRC;;;
WIRELESS;MEX;ERICSSON;RAN_3G;PM;QoS;UCELL;;DIR_RETRY_RATE;;;;;;percentage;;2;%;;0 to 100;;;;;yes;IFNULL(ROUND(SUM(PM_UTRANCELL.PMNODIRRETRYSUCCESS)/DIR_RETRY_DENOM*100,2),0);;;;PM_UTRANCELL;;;
WIRELESS;MEX;ERICSSON;RAN_3G;PM;QoS;UCELL;;DIR_RETRY_NUM;;;;;;integer;;0;;;;;;;;no;sum(IFNULL(PM_UTRANCELL.PMNODIRRETRYSUCCESS,0));;;;PM_UTRANCELL;;;
WIRELESS;MEX;ERICSSON;RAN_3G;PM;QoS;UCELL;;DIR_RETRY_DENOM;;;;;;integer;;0;;;;;;;;no;SUM(PM_UTRANCELL.PMNORABESTABLISHATTEMPTSPEECH+PM_UTRANCELL.PMNORABESTABLISHATTEMPTCS64+PM_UTRANCELL.PMNODIRRETRYATT);;;;PM_UTRANCELL;;;
WIRELESS;MEX;ERICSSON;RAN_3G;PM;MOBILITY;UCELL;;IRAT_NUM2;HO Intersystem;;;;;integer;;0;;;;;;;;no;sum(PM_UTRANCELL.PMNOOUTGANIRATHOSUCCSPEECH+PM_UTRANCELL.PMNOOUTGANIRATHOSUCCMULTI);;;;PM_UTRANCELL;;;
WIRELESS;MEX;ERICSSON;RAN_3G;PM;MOBILITY;UCELL;;IRAT_DENOM;HO Intersystem;;;;;integer;;0;;;;;;;;no;SUM(PM_UTRANCELL.PMNORABESTABLISHSUCCESSSPEECH);;;;PM_UTRANCELL;;;
WIRELESS;MEX;HUAWEI;RAN_3G;PM;QoS;UCELL;;HSDPA_THROUGHPUT;;;;;;float;;2;;;;;;;;no;IFNULL(AVG(PM_HSDPA_CELL.VS_HSDPA_MEANCHTHROUGHPUT),0);;;;PM_HSDPA_CELL;;;
WIRELESS;MEX;HUAWEI;RAN_3G;PM;QoS;UCELL;;HSDPA_THROUGHPUT_Mbps;;;;;;float;;2;MBPS;;;;;;;no;IFNULL(ROUND(AVG(PM_HSDPA_CELL.VS_HSDPA_MEANCHTHROUGHPUT)/1024,2),0);;;;PM_HSDPA_CELL;;;
WIRELESS;MEX;HUAWEI;RAN_3G;PM;COVERAGE;UCELL;MAX_MEAN_RTWP;MAX_MEAN_RTWP;;Maximo Mean Power of Totally Received Bandwidth for Cell;;;;float;;2;dBm;;;;;;;no;ROUND(IFNULL(MAX(PM_RTWPTCP_CELL.VS_MEANRTWP),0),2);;xxx.xxx.xxx.xxx;wdna_operator_vendor;PM_RTWPTCP_CELL;subnetwork,rbs,label;;
WIRELESS;MEX;HUAWEI;RAN_3G;PM;COVERAGE;UCELL;MAX_RTWP;MAX_RTWP;;Maximo Power of Totally Received Bandwidth for Cell;;;;float;;2;dBm;;;;;;;no;ROUND(IFNULL(AVG(PM_RTWPTCP_CELL.VS_MAXRTWP),0),2);;xxx.xxx.xxx.xxx;wdna_operator_vendor;PM_RTWPTCP_CELL;subnetwork,rbs,label;;
WIRELESS;MEX;HUAWEI;RAN_3G;PM;COVERAGE;UCELL;MIN_RTWP;MIN_RTWP;;Minimo Power of Totally Received Bandwidth for Cell;;;;float;;2;dBm;;;;;;;no;ROUND(IFNULL(AVG(PM_RTWPTCP_CELL.VS_MINRTWP),0),2);;xxx.xxx.xxx.xxx;wdna_operator_vendor;PM_RTWPTCP_CELL;subnetwork,rbs,label;;
WIRELESS;MEX;HUAWEI;RAN_3G;PM;MOBILITY;UCELL;;SOFT_HANDOVER_SUCCESS_RATE;;;;;;percentage;;2;%;;0 to 100;;;;;no;IFNULL(ROUND(((SUM(PM_SHO_CELL.VS_SHO_SUCCRLADD)+SUM(PM_SHO_CELL.VS_SHO_SUCCRLDEL))/(SUM(PM_SHO_CELL.VS_SHO_ATTRLADD)+SUM(PM_SHO_CELL.VS_SHO_ATTRLDEL)))*100,2),0);;;;PM_SHO_CELL;;;
WIRELESS;MEX;HUAWEI;RAN_3G;PM;TRAFFIC;UCELL;;ERLANGS_EQUIVALENTS;;;;;;float;;2;;;;;;;;no;ROUND(IFNULL((SUM(PM_THRUPUT_CELL.VS_AMR_ERLANG_BESTCELL/2)*(SUM(PM_RB_CELL.VS_RB_AMR_DL_12_2)/SUM(PM_RB_CELL.VS_RB_AMRWB_DL_12_65+PM_RB_CELL.VS_RB_AMR_DL_12_2+PM_RB_CELL.VS_RB_AMR_DL_5_9+PM_RB_CELL.VS_RB_AMR_DL_4_75))),0)+IFNULL((SUM(PM_THRUPUT_CELL.VS_AMR_ERLANG_BESTCELL/2)*(SUM(PM_RB_CELL.VS_RB_AMRWB_DL_12_65)/SUM(PM_RB_CELL.VS_RB_AMRWB_DL_12_65+PM_RB_CELL.VS_RB_AMR_DL_12_2+PM_RB_CELL.VS_RB_AMR_DL_5_9+PM_RB_CELL.VS_RB_AMR_DL_4_75))),0)+IFNULL((0.8*SUM(PM_THRUPUT_CELL.VS_AMR_ERLANG_BESTCELL/2)*(SUM(PM_RB_CELL.VS_RB_AMR_DL_5_9+PM_RB_CELL.VS_RB_AMR_DL_4_75))/SUM(PM_RB_CELL.VS_RB_AMRWB_DL_12_65+PM_RB_CELL.VS_RB_AMR_DL_12_2+PM_RB_CELL.VS_RB_AMR_DL_5_9+PM_RB_CELL.VS_RB_AMR_DL_4_75)),0)+0.2*(IFNULL(SUM(PM_HSDPA_CELL.VS_HSDPA_UE_MEAN_CELL),0)+IFNULL((SUM(PM_THRUPUT_CELL.VS_DCCHSRB_DL_TRAFFIC)/(AVG(PM_THRUPUT_CELL.VS_DCCHSRBKBPS_DL)*1000*1800*1.35)),0)+IFNULL(SUM(PM_RB_CELL.VS_RB_PS_BKG_DL_128+PM_RB_CELL.VS_RB_PS_BKG_DL_144+PM_RB_CELL.VS_RB_PS_BKG_DL_16+PM_RB_CELL.VS_RB_PS_BKG_DL_256+PM_RB_CELL.VS_RB_PS_BKG_DL_32+PM_RB_CELL.VS_RB_PS_BKG_DL_384+PM_RB_CELL.VS_RB_PS_BKG_DL_64+PM_RB_CELL.VS_RB_PS_BKG_DL_8+PM_RB_CELL.VS_RB_PS_CONV_DL_38_8+PM_RB_CELL.VS_RB_PS_CONV_DL_39_2+PM_RB_CELL.VS_RB_PS_CONV_DL_40+PM_RB_CELL.VS_RB_PS_CONV_DL_42_8+PM_RB_CELL.VS_RB_PS_CONV_DL_64+PM_RB_CELL.VS_RB_PS_INT_DL_128+PM_RB_CELL.VS_RB_PS_INT_DL_144+PM_RB_CELL.VS_RB_PS_INT_DL_16+PM_RB_CELL.VS_RB_PS_INT_DL_256+PM_RB_CELL.VS_RB_PS_INT_DL_32+PM_RB_CELL.VS_RB_PS_INT_DL_384+PM_RB_CELL.VS_RB_PS_INT_DL_64+PM_RB_CELL.VS_RB_PS_INT_DL_8+PM_RB_CELL.VS_RB_PS_STR_DL_128+PM_RB_CELL.VS_RB_PS_STR_DL_144+PM_RB_CELL.VS_RB_PS_STR_DL_16+PM_RB_CELL.VS_RB_PS_STR_DL_256_384+PM_RB_CELL.VS_RB_PS_STR_DL_32+PM_RB_CELL.VS_RB_PS_STR_DL_64+PM_RB_CELL.VS_RB_PS_STR_DL_8)/(1.35),0)),2);;;;PM_THRUPUT_CELL,PM_RB_CELL,PM_HSDPA_CELL;;;
WIRELESS;MEX;HUAWEI;RAN_3G;PM;QoS;UCELL;;RETRANSMISSION_RATE;;;;;;percentage;;2;%;;0 to 100;;;;;no;ROUND((SUM(PM_RLC_CELL.VS_AM_RLC_RTX_R99TRF_PDU+PM_RLC_CELL.VS_AM_RLC_RTX_HSDPATRF_PDU))*(100/SUM(PM_RLC_CELL.VS_AM_RLC_RTX_R99TRF_PDU+PM_RLC_CELL.VS_AM_RLC_RTX_HSDPATRF_PDU+PM_RLC_CELL.VS_RLC_AM_TX_HSDPATRF_PDU+PM_RLC_CELL.VS_RLC_AM_TX_R99TRF_PDU)),2);;;;PM_RLC_CELL;;;
WIRELESS;MEX;ERICSSON;RAN_3G;PM;QoS;USCTP;;RETRANSMISSION_RATE;;;;;;percentage;;2;%;;0 to 100;;;;;no;ROUND((IFNULL((((SUM(PM_SCTP.PMSCTPSTATRETRANSCHUNKS))/((SUM(PM_SCTP.PMSCTPSTATSENTCHUNKS))+(SUM(PM_SCTP.PMSCTPSTATRETRANSCHUNKS))))*100),0)),2);;;;PM_SCTP;;;
WIRELESS;MEX;NOKIA;RAN_3G;PM;QoS;UCELL;;RETRANSMISSION_RATE;;;;;;percentage;;2;%;;0 to 100;;;;;no;ROUND(100*IFNULL(SUM(IFNULL(PM_PACKET_CALL.RLC_DL_PDU_RETRANSMITTED,0))/SUM(IFNULL(PM_PACKET_CALL.RLC_DL_PDU_RETRANSMITTED,0)+IFNULL(PM_PACKET_CALL.RLC_DL_PDU_SENT,0)),0),2);;;;PM_PACKET_CALL;;;
;;;;;;;;;;;;;;;;;;;;;;;;;;;;;;;;
;;;;;;;;;;;;;;;;;;;;;;;;;;;;;;;;
;;;;;;;;;;;;;;;;;;;;;;;;;;;;;;;;
;;;;;;;;;;;;;;;;;;;;;;;;;;;;;;;;
;;;;;;;;;;;;;;;;;;;;;;;;;;;;;;;;
;;;;;;;;;;;;;;;;;;;;;;;;;;;;;;;;
;;;;;;;;;;;;;;;;;;;;;;;;;;;;;;;;
;;;;;;;;;;;;;;;;;;;;;;;;;;;;;;;;
;;;;;;;;;;;;;;;;;;;;;;;;;;;;;;;;
;;;;;;;;;;;;;;;;;;;;;;;;;;;;;;;;
;;;;;;;;;;;;;;;;;;;;;;;;;;;;;;;;
;;;;;;;;;;;;;;;;;;;;;;;;;;;;;;;;
;;;;;;;;;;;;;;;;;;;;;;;;;;;;;;;;
;;;;;;;;;;;;;;;;;;;;;;;;;;;;;;;;
;;;;;;;;;;;;;;;;;;;;;;;;;;;;;;;;
;;;;;;;;;;;;;;;;;;;;;;;;;;;;;;;;
;;;;;;;;;;;;;;;;;;;;;;;;;;;;;;;;
;;;;;;;;;;;;;;;;;;;;;;;;;;;;;;;;
;;;;;;;;;;;;;;;;;;;;;;;;;;;;;;;;
;;;;;;;;;;;;;;;;;;;;;;;;;;;;;;;;
;;;;;;;;;;;;;;;;;;;;;;;;;;;;;;;;
;;;;;;;;;;;;;;;;;;;;;;;;;;;;;;;;
